Article,Current Form,Proposals by Political Parties,Political Party,Rationale,Proposal Type,Joint,Partner,Contributor,Commission’s Proposals,Part
শুরু,"[বিসমিল্লাহির - রহমানির রহিম (দয়াময়, পরম দয়ালু, আল্লাহের নামে)/ পরম করুণাময় সৃষ্টিকর্তার নামে।",১৯৭২ সালের মূল সংবিধানমতে কোন কিছু না লিখা,বাংলাদেশের জাতীয় সমাজতান্ত্রিক দল (বাংলাদেশ জাসদ),,Amendment,No,,Nazmul,"কমিশন সুপারিশ করছে যে, সংবিধানের প্রস্তাবনার শুরুতে 'বিসমিল্লাহির রাহমানির রাহিম'/আল্লাহর নামে, যিনি পরম করুণাময়, অসীম দয়ালু' অন্তর্ভুক্ত করা হোক।",শুরু
শুরু,,পঞ্চদশ সংশোধনীর মাধ্যমে বিসমিল্লাহির রহমানির রহিম এর বাংলা অনুবাদ এর পাশাপাশি একটি অতিরিক্ত বাংলা পাঠ (পরম করুনাময় সৃষ্টিকর্তার নামে) সংযোজিত হয়েছে। - - - সংযোজিত অতিরিক্ত বাংলা পাঠ অপরিবর্তিত রাখা যেতে পারে।,বাংলাদেশ জাতীয়তাবাদী দল (বিএনপি),,Amendment,Yes,রাষ্ট্র সংস্কার আন্দোলন,Nazmul,,শুরু
শুরু,,পঞ্চদশ সংশোধনীর মাধ্যমে বিসমিল্লাহির রহমানির রহিম এর বাংলা অনুবাদ এর পাশাপাশি একটি অতিরিক্ত বাংলা পাঠ (পরম করুনাময় সৃষ্টিকর্তার নামে) সংযোজিত হয়েছে। - - - সংযোজিত অতিরিক্ত বাংলা পাঠ অপরিবর্তিত রাখা যেতে পারে।,রাষ্ট্র সংস্কার আন্দোলন,,Amendment,Yes,বিএনপি,Nazmul,,শুরু
শুরু,,সংবিধানে “বিসমিল্লাহির রাহমানির রাহিম” এর অর্থ “পরম করুনাময় আল্লাহর নামে আরম্ভ করছি” সংযোজন করতে হবে।,বাংলাদেশ লেবার পার্টি,,Amendment,No,,Nazmul,,শুরু
প্রস্তাবনা (Preamble)'র সূচনা,"আমরা, বাংলাদেশের জনগণ, ১৯৭১ খ্রীষ্টাব্দের মার্চ মাসের ২৬ তারিখে স্বাধীনতা ঘোষণা করিয়া ২ [জাতীয় মুক্তির জন্য ঐতিহাসিক সংগ্রামের] মাধ্যমে স্বাধীন ও সার্বভৌম গণপ্রজাতন্ত্রী বাংলাদেশ প্রতিষ্ঠিত করিয়াছি; ৩ [আমরা অঙ্গীকার করিতেছি যে, যে সকল মহান আদর্শ আমাদের বীর জনগণকে জাতীয় মুক্তি সংগ্রামে আত্মনিয়োগ ও বীর শহীদদিগকে প্রাণোৎসর্গ করিতে উদ্বুদ্ধ করিয়াছিল - জাতীয়তাবাদ, সমাজতন্ত্র, গণতন্ত্র ও ধর্মনিরপেক্ষতার সেই সকল আদর্শ এই সংবিধানের মূলনীতি হইবে ;] আমরা আরও অঙ্গীকার করিতেছি যে, আমাদের রাষ্ট্রের অন্যতম মূল লক্ষ্য হইবে গণতান্ত্রিক পদ্ধতিতে এমন এক শোষণমুক্ত সমাজতান্ত্রিক সমাজের প্রতিষ্ঠা - যেখানে সকল নাগরিকের জন্য আইনের শাসন, মৌলিক মানবাধিকার এবং রাজনৈতিক, অর্থনৈতিক ও সামাজিক সাম্য, স্বাধীনতা ও সুবিচার নিশ্চিত হইবে; আমরা দৃঢ়ভাবে ঘোষণা করিতেছি যে, আমরা যাহাতে স্বাধীন সত্তায় সমৃদ্ধি লাভ করিতে পারি এবং মানবজাতির প্রগতিশীল আশা - আকাঙ্খার সহিত সঙ্গতি রক্ষা করিয়া আন্তর্জাতিক শান্তি ও সহযোগিতার ক্ষেত্রে পূর্ণ ভূমিকা পালন করিতে পারি, সেইজন্য বাংলাদেশের জনগণের অভিপ্রায়ের অভিব্যক্তিস্বরূপ এই সংবিধানের প্রাধান্য অক্ষুণ্ণ রাখা এবং ইহার রক্ষণ, সমর্থন ও নিরাপত্তাবিধান আমাদের পবিত্র কর্তব্য; এতদ্বারা আমাদের এই গণপরিষদে, অদ্য তের শত ঊনআশী বঙ্গাব্দের কার্তিক মাসের আঠারো তারিখ, মোতাবেক ঊনিশ শত বাহাত্তর খ্রীষ্টাব্দের নভেম্বর মাসের চার তারিখে, আমরা এই সংবিধান রচনা ও বিধিবদ্ধ করিয়া সমবেতভাবে গ্রহণ করিলাম।",সংবিধান গ্রন্থের সূচনায় “উপক্রমণিকা”টি সম্পূর্ণরূপে বাদ দিতে হবে।,১২ দলীয় জোট,,Amendment,No,,Nazmul,"কমিশন সুপারিশ করছে যে, বাংলাদেশের সংবিধানের প্রস্তাবনায় মুক্তির লক্ষ্যে এই ভূখণ্ডের মানুষের দীর্ঘ সংগ্রামের ধারাবাহিকতাকে প্রতিফলিত করতে হবে। একইসাথে ২০২৪ সালের জুলাই - আগস্টে ছাত্র জনতার অভুত্থানের প্রতিফলন ও স্বীকৃতি অবশ্যই প্রস্তাবনায় থাকা প্রয়োজন। পাশাপাশি কমিশন সুপারিশ করছে যে, সংবিধানের মূলনীতি হিসেবে বহুত্ববাদ গ্রহণ করা হোক। “আমরা, বাংলাদেশের জনগণ, যারা এই ভূখণ্ডের মানুষের মুক্তির লক্ষ্যে ঐতিহাসিক সংগ্রামের ধারাবাহিকতায় জনযুদ্ধের মাধ্যমে স্বাধীনতা অর্জন করেছি এবং গণতন্ত্র প্রতিষ্ঠায় স্বৈরাচারী ও ফ্যাসিবাদী শাসনের বিরুদ্ধে ঐক্যবদ্ধ প্রতিরোধ গড়ে তুলেছি; আমরা সকল শহীদের প্রাণোৎসর্গকে পরম শ্রদ্ধার সাথে স্মরণ করে অঙ্গীকার করছি যে, সাম্য, মানবিক মর্যাদা ও সামাজিক সুবিচারের যে আদর্শ বাংলাদেশের মানুষকে ১৯৭১ সালে স্বাধীনতা যুদ্ধে এবং গণতন্ত্র ও বৈষম্যহীনতার যে আদর্শ ২০২৪ সালে ফ্যাসিবাদী শাসনের বিরুদ্ধে একতাবদ্ধ করেছিল, সেই সকল মহান আদর্শ রাষ্ট্র ও সমাজে প্রতিষ্ঠার লক্ষ্যে; আমরা জনগণের সার্বভৌম অধিকার প্রয়োগের মাধ্যমে সাম্য, মানবিক মর্যাদা, সামাজিক সুবিচার ও গণতন্ত্রকে সংবিধানের মূলনীতি হিসেবে গ্রহণ করে জনগণের জন্য একটি সংবিধান রচনা ও বিধিবদ্ধ করছি, যে সংবিধান বাংলাদেশের জনগণের সর্বোচ্চ আকাঙ্ক্ষার বহিঃপ্রকাশ এবং যে সংবিধান স্বাধীন সত্তায় যৌথ জাতীয় বিকাশ সুনিশ্চিত করবে এবং বর্তমান ও ভবিষ্যত প্রজন্মের অধিকার সংরক্ষণ করবে; আমরা দৃঢ়ভাবে ঘোষণা করছি যে, এই সংবিধান প্রতিটি নাগরিককে পরস্পরের প্রতি অধিকার, কর্তব্য ও জবাবদিহিতার চেতনায় সংঘবদ্ধ করবে, সর্বদা রাষ্ট্র পরিচালনায় জনপ্রতিনিধিত্ব নিশ্চিত করবে, আন্তর্জাতিক শান্তি ও সহযোগিতার নীতিকে অনুসরণ করবে এবং রাষ্ট্রীয় সার্বভৌমত্ব সমুন্নত রাখবে; জনগণের সম্মতি নিয়ে আমরা এই সংবিধান জনগণতন্ত্রী বাংলাদেশের সংবিধান হিসেবে গ্রহণ করছি।”",প্রস্তাবনা
প্রস্তাবনা (Preamble)'র সূচনা,,প্রস্তাবনায় জুলাই বিপ্লবের স্বীকৃতি থাকতে হবে।,বাংলাদেশ জামায়াতে ইসলামী,,Amendment,No,,Nazmul,,প্রস্তাবনা
প্রস্তাবনা (Preamble)'র সূচনা,,"আমরা, বাংলাদেশের জনগণ, ১৯৭১ খ্রীষ্টাব্দের মার্চ মাসের ২৬ তারিখে স্বাধীনতা ঘোষণা করিয়া [জাতীয় মুক্তির জন্য ঐতিহাসিক সংগ্রামের] মাধ্যমে স্বাধীন ও সার্বভৌম গণপ্রজাতন্ত্রী বাংলাদেশ প্রতিষ্ঠিত করিয়াছি; পঞ্চদশ সংশোধনীর মাধ্যমে আনীত উক্ত পরিবর্তন বাতিল করতে হবে। এবং পঞ্চদশ সংশোধনী পূর্ব অবস্থায় বহাল করতে হবে।",বাংলাদেশ জাতীয়তাবাদী দল (বিএনপি),,Amendment,No,,Nazmul,,প্রস্তাবনা
প্রস্তাবনা (Preamble)'র সূচনা,,"[আমরা অঙ্গীকার করিতেছি যে, যে সকল মহান আদর্শ আমাদের বীর জনগণকে (জাতীয় মুক্তি সংগ্রামে) আত্মনিয়োগ ও বীর শহীদদিগকে প্রাণোৎসর্গ করিতে উদ্বুদ্ধ করিয়াছিল - (জাতীয়তাবাদ, সমাজতন্ত্র, গণতন্ত্র ও ধর্মনিরপেক্ষতার) সেই সকল আদর্শ এই সংবিধানের মূলনীতি হইবে] - পঞ্চদশ সংশোধনীর মাধ্যমে আনীত উক্ত পরিবর্তন বাতিল করতে হবে। এবং পঞ্চদশ সংশোধনী পূর্ব অবস্থায় বহাল করতে হবে।",বাংলাদেশ জাতীয়তাবাদী দল (বিএনপি),,Amendment,No,,Nazmul,,প্রস্তাবনা
প্রস্তাবনা (Preamble)'র সূচনা,,১৯৭১ সালের বাংলাদেশের স্বাধীনতা যুদ্ধের ঘোষণাপত্র এবং দীর্ঘ ফ্যাসিবাদ ও স্বৈরশাসন বিরোধী লড়াই ও ২০২৪ সালের ছাত্র - শ্রমিক - জনতার গণঅভ্যুত্থানের মধ্যে প্রকাশিত জন - আকাঙ্ক্ষাই হবে গণতান্ত্রিক সংবিধানের প্রস্তাবনার ভিত্তি।,গণসংহতি আন্দোলন,,Amendment,No,,Nazmul,,প্রস্তাবনা
প্রস্তাবনা (Preamble)'র সূচনা,,"আমরা, বাংলাদেশের জনগণ, ১৯৭১ খ্রীষ্টাব্দের মার্চ মাসের ২৬ তারিখে স্বাধীনতা ঘোষণা করিয়া (জাতীয় মুক্তির জন্য ঐতিহাসিক সংগ্রামের মাধ্যমে স্বাধীন ও সার্বভৌম গণপ্রজাতন্ত্রী বাংলাদেশ প্রতিষ্ঠিত করিয়াছি;এবং ২০২৪ খ্রীষ্টাব্দের জুলাই বিপ্লবসহ অন্যান্য গণতান্ত্রিক আন্দোলনসমূহের মাধ্যমে দেশে গণতন্ত্র কায়েম রাখার সর্বাত্মক সংগ্রাম করিয়া যাইতেছি।",বাংলাদেশ জামায়াতে ইসলামী,,Amendment,No,,Nazmul,,প্রস্তাবনা
প্রস্তাবনা (Preamble)'র সূচনা,,"আমরা অঙ্গীকার করিতেছি যে, যে সকল মহান আদর্শ আমাদের বীর জনগণকে জাতীয় স্বাধীনতা ও গণতন্ত্র রক্ষার সংগ্রামে আত্মনিয়োগ ও বীর শহীদদিগকে প্রাণোৎসর্গ করিতে উদ্বুদ্ধ করিয়াছিল - - জাতীয়তাবাদ, গণতন্ত্র, অর্থনৈতিক ও সামাজিক ন্যায়বিচার, সর্বশক্তিমান আল্লাহর উপর পূর্ণ আস্থা ও বিশ্বাস এবং বহুসংস্কৃতিমূলক সমাজের সেই সকল আদর্শ হবে এই সংবিধানের মূলনীতি।",বাংলাদেশ জামায়াতে ইসলামী,,Amendment,No,,Nazmul,,প্রস্তাবনা
প্রস্তাবনা (Preamble)'র সূচনা,,পঞ্চম প্যারায় ‘এতদ্বারা শব্দের পর ১৯৭১ সালের ১০ এপ্রিল তারিখের স্বাধীনতার ঘোষণাপত্রের মাধ্যমে গঠিত” শব্দসমূহ যুক্ত করতে হবে,বাংলাদেশের কমিউনিস্ট পার্টি,,Amendment,No,,Nazmul,,প্রস্তাবনা
প্রস্তাবনা (Preamble)'র সূচনা,,মুক্তিযুদ্ধের ঘোষণাপত্রকে প্রথম রিপাবলিকের প্রস্তাবনা হিসেবে গ্রহণ করে তা সংবিধানে অন্তর্ভূক্ত করতে হবে। দ্বিতীয় রিপাবলিকের প্রোক্লেমেশন জারি করে তা নতুন সংবিধানের প্রস্তাবনা হিসেবে অন্তর্ভূক্ত করতে হবে।,জাতীয় নাগরিক কমিটি,,Amendment,No,,Nazmul,,প্রস্তাবনা
প্রস্তাবনা (Preamble)'র সূচনা,,"সংবিধানের প্রস্তাবনায় জনগণের বৈধ রায়ই সরকার গঠনের ভিত্তি হিসেবে স্বীকৃতি থাকতে হবে। আমরা, বাংলাদেশের জনগণ, ১৯৭১ খ্রীষ্টাব্দের মার্চ মাসের ২৬ তারিখে স্বাধীনতা ঘোষণা করিয়া [জাতীয় মুক্তির জন্য ঐতিহাসিক সংগ্রামের] মাধ্যমে স্বাধীন ও সার্বভৌম গণজনতান্ত্রিক বাংলাদেশ প্রতিষ্ঠিত করিয়াছি; আমরা, বাংলাদেশের জনগণ, ২০২৪ খ্রীষ্টাব্দের জুলাই - আগষ্ট মাসে ছাত্র - জনতার অভুত্থানের মাধ্যমে ৫ আগষ্ট সরকারের পতন ঘটাইয়া [বৈষম্যহীন সমাজ - রাষ্ট্র গঠনের জন্য ঐতিহাসিক অভুত্থানের মাধ্যমে] গণজনতান্ত্রিক বাংলাদেশ প্রতিষ্ঠিত করিয়াছি; [আমরা অঙ্গীকার করিতেছি যে, যে সকল মহান আদর্শ আমাদের বীর জনগণকে জাতীয় মুক্তি সংগ্রামে আত্মনিয়োগ ও বীর শহীদদিগকে প্রাণোৎসর্গ করিতে উদ্বুদ্ধ করিয়াছিল - আল্লাহর প্রতি অবিচল আস্থা ও বিশ্বাস, জনগণের অংশীদারিত্ব ও প্রতিনিধিত্ব এবং শোষণ - জুলুম ও বৈষম্যমুক্ত আদর্শ - সেই সকল আদর্শ এই সংবিধানের মূলনীতি হইবে; আমরা আরও অঙ্গীকার করিতেছি যে, আমাদের রাষ্ট্রের অন্যতম লক্ষ্য হবে এমন এক শোষণ - জুলুম - বৈষম্যমুক্ত সমাজ প্রতিষ্ঠা - যেখানে সকল নাগরিকের জন্য আইনের শাসন, মৌলিক মানবাধিকার, মানবিক মর্যাদা এবং রাজনৈতিক, অর্থনৈতিক ও সামাজিক সাম্য, স্বাধীনতা ও সুবিচার নিশ্চিত হবে।",ইসলামী আন্দোলন বাংলাদেশ,,Amendment,No,,Nazmul,,প্রস্তাবনা
প্রস্তাবনা (Preamble)'র সূচনা,,"আমরা দৃঢ়ভাবে ঘোষণা করিতেছি যে, আমরা যাহাতে স্বাধীন সত্তায় সমৃদ্ধি লাভ করিতে পারি এবং মানবজাতির ন্যায়ঙ্গত আশা - আকাঙ্খার সহিত সঙ্গতি রক্ষা করিয়া আন্তর্জাতিক শান্তি ও সহযোগিতার ক্ষেত্রে পূর্ণ ভূমিকা পালন করিতে পারি, সেইজন্য বাংলাদেশের জনগণের অভিপ্রায়ের অভিব্যক্তিস্বরূপ এই সংবিধানের প্রাধান্য অক্ষুণ্ণ রাখা এবং ইহার রক্ষণ, সমর্থন ও নিরাপত্তাবিধান আমাদের পবিত্র কর্তব্য;",খেলাফত মজলিস,,Amendment,No,,Nazmul,,প্রস্তাবনা
প্রস্তাবনা (Preamble)'র সূচনা,,"আমরা, বাংলাদেশের জনগণ আমাদের স্বাধীনতা অর্জন, রাষ্ট্র গঠন এবং স্বৈরাচার দূরীকরণের জনআকাঙক্ষার দ্বারা সংকল্পবদ্ধ হইয়া, সূদূর অতীতকাল হইতে স্বাধীনতা যুদ্ধ পর্যন্ত এবং স্বাধীনতার পর হইতে জুলাই মাসের গণঅভুত্থান পর্যন্ত এই ভূখন্ডের মুক্তির জন্য সকল প্রজন্মের শহীদের প্রতি আনুগত্য রাখিয়া, অঙ্গীকার করিতেছি যে, আমাদের রাষ্ট্রের অন্যতম মূল লক্ষ্য হইবে - গণতান্ত্রিক পদ্ধতিতে এমন এক শোষণমুক্ত সমাজের প্রতিষ্ঠা, যেখানে সকল নাগরিকের জন্য সাম্য, মানবিক মর্যাদা ও সামাজিক ন্যয়বিচার নিশ্চিত হইবে; আমরা দৃঢ়ভাবে ঘোষণা করিতেছি যে, আমরা যাহাতে স্বাধীন সত্তায় সমৃদ্ধি লাভ করিতে পারি এবং মানবজাতির প্রগতিশীল আশা - আকাঙক্ষার সহিত সঙ্গতি রক্ষা করিয়া আন্তর্জাতিক শান্তি ও সহযোগিতার ক্ষেত্রে পূর্ণ ভূমিকা পালন করিতে পারি, সেই জন্য বাংলাদেশের জনগণের অভিপ্রায়ের অভিব্যক্তিস্বরূপ এই সংবিধানের প্রাধান্য অক্ষুণ্ণ রাখা এবং ইহার রক্ষণ, সমর্থন ও নিরাপত্তাবিধান আমাদের পবিত্র কর্তব্য; এতদ্বারা আমাদের এই গণপরিষদে, অদ্য চৌদ্দশ একত্তিরিশ বঙ্গাব্দের - - তারিখ, আমরা এই সংবিধান এর দ্বিতীয় পাঠ রচনা ও বিধিবদ্ধ করিয়া সমবেতভাবে গ্রহণ করিলাম।",রাষ্ট্র সংস্কার আন্দোলন,,Amendment,No,,Nazmul,,প্রস্তাবনা
প্রস্তাবনা (Preamble)'র সূচনা,,"যেহেতু, বঙ্গীয় জনপদের বাসিন্দাদের শত শত বছরের লড়াই এর গৌরবময় ইতিহাস যেমন রয়েছে, তেমনি রয়েছে আন্দোলন ও সংগ্রামের ধারাবাহিকতা। বখতিয়ার খিলজির বাংলা বিজয়ের পর থেকে সোনার বাংলা গড়বার যে পথচলা আমরা দেখেছি যেটি পূর্ণতা পেয়েছিল ইলিয়াস শাহী আমলে যা তখনকার দুনিয়ায় বাংলা সবচেয়ে ধনাঢ্য অঞ্চলে পরিনত হয়। শামসুদ্দীন ইলিয়াস শাহ বঙ্গীয় অঞ্চলকে প্রথমবারের মত একত্রিত করে বাংলা ভাষাকে রাজদরবারের পৃষ্ঠপোষকতায় অনন্য মাত্রায় নিয়ে যায়, যা ছিল সোনার বাংলার ভিত্তিমুল, আজকার স্বাধীন বঙ্গীয় রাষ্ট্রের সূতিকাগার। ফলস্বরূপ, ষোড়শ, সপ্তদশ ও অষ্টাদশ শতাব্দীতে ঔপনিবেশিকদের শ্যেন দৃষ্টি পড়েছিল মোঘল সাম্রাজ্যের সবচেয়ে সমৃদ্যশালী অঞ্চল বাংলার ওপর; যেহেতু, ১৭৫৭ সালের ২৩ জুন পলাশীর আম্রকাননে দেশীয় বেঈমান ও বিদেশী দখলদারদের যৌথ ষরযন্ত্রে কয়েকশত বছরের সকল অর্জন পরাধীনতার শৃঙ্খলে আবদ্ধ হয়ে যায়; যেহেতু, ১৭৭৬ সালের দূর্ভিক্ষ ও ১৭৯৩ সালের চিরস্থায়ী বন্দোবস্ত বা জমিদারি প্রথা চালুর মধ্য দিয়ে দুই স্তরের ঔপনিবেশিক শাসনের বিরুদ্ধে আমাদের লড়াই ছিল নিরন্তর; যেহেতু, বীর চট্টলার শহীদ হাবিলদার রজব আলী খাঁর নেতৃত্বে শুরু হওয়া ১৮৫৭ সালের প্রথম আজাদীর আন্দোলন পুরো জাতির চৈতন্যকে জাগরিত করে, যা ১৯০৫ সালে বঙ্গভঙ্গের মাধ্যমে শাসকগোষ্ঠীকে প্রশাসনিক ন্যায্যতা প্রতিষ্ঠায় বাধ্য করে, যদিও তা দীর্ঘায়িত করা যায়নি; যেহেতু, ১৯০৬ সালে মুসলিম লীগ প্রতিষ্ঠিত হয়, ১৯২১ সালে ঢাকা বিশ্ববিদ্যালয় প্রতিষ্ঠা লাভ করে এবং ১৯৪০ সালে লাহোর প্রস্তাবের ভিত্তিতে ঔপনিবেশিক শাসন ও জমিদারী শোষণের অবসানের প্রত্যয়ে পাকিস্তান আন্দোলনের মাধ্যমে ১৯৪৭ সালে একটি নতুন রাষ্ট্র গঠিত হয়, যেখানে প্রজাস্বত্ত বাতিল আইন করে জমিদারি প্রথা বাতিল করাও ছিল চলমান ১৯০ বছরের লড়াইয়ের একটি অনন্য অধ্যায়; যেহেতু, স্বাধীনতার দীর্ঘদিনের আন্দোলনের ফলস্বরুপ ১৯৪৭ সালের ১৪ আগষ্ট পাকিস্তান নামক রাষ্ট প্রতিষ্ঠা হলেও জন্মের অব্যবহিত পর থেকেই পাকিস্তান শাসকগোষ্ঠির বৈষম্যমূলক আচরন, গনতন্ত্রহীনতা ও পূর্বপাকিস্তানের জনগনের প্রত্যাশা পুরনে ব্যর্থ হওয়ায় বৈষম্যহীন একটা জনগনের রাষ্ট্র বানানোর আকাঙ্খা থেকে ১৯৭১ সালে আবারো মুক্তির লড়াই এ অবতীর্ন হতে হয় এই জনপদের বাসিন্দাদেরকে; যেহেতু, স্বাধীনতার দীর্ঘদিন পরেও স্বাধীনতার ঘোষনাপত্রের তিন মূলনীতি সাম্য, মানবিক মর্যাদা, সামাজিক সুবিচার' এর ভিত্তিতে জনগনের রাষ্ট্র (রিপাবলিক) গঠনে পুরানো ব্যবস্থা ব্যর্থ ও অকার্যকর হয়ে রাষ্ট্রকাঠামো নিজেই জনগনের অধিকার রক্ষায় প্রতিবন্ধক হয়ে দাড়িয়েছে এবং এজন্য রাষ্ট্রের সাথে নাগরিকের যে বন্দোবস্ত তা নতুন করে নবায়ন করা জরুরী হয়ে পড়েছে; যেহেতু, বারবার জনগনকে একদলীয়, সামরিক - বেসামরিক ও বংশীয় স্বৈরশাসকদের শৃঙ্খলে পৃষ্ট করা হয়েছে, মুক্তির আকাঙ্খাকে ৫৩ বছর ধরে বিভিন্নভাবে ধুলিস্যাত করে দেয়া হয়েছে। বৈষম্য, গণতন্ত্রহীনতা আর জুলুমের আষ্টেপিষ্টে কোটি কোটি বনী আদমকে বন্দী করে রাখা হয়েছে এবং ২০২৪ এর জুলাই - আগষ্টে ছাত্র - জনতার এক যৌথ গনঅভ্যুত্থানের মধ্য দিয়ে দীর্ঘ সময় ধরে চলা ফ্যাসিবাদী শোষনের অবসান হবার মধ্য দিয়ে প্রথম প্রজাতন্ত্রের পতন হয়েছে; যেহেতু, দেশের কোটি কোটি তরুন, ফ্যাসিবাদ বিরোধী রাজনৈতিক দল, এবং নাগরিক সমাজ প্রায় দুই হাজার শহীদের আত্মত্যাগের প্রতি শ্রদ্ধা জানিয়ে দেশের দেয়ালে দেয়ালে, মিছিলে আর শ্লোগানে নতুন বাংলাদেশ গড়বার প্রত্যয় ব্যক্ত করেছে; তাই পুরাতন আমলের বন্দোবস্ত পরিবর্তন করে নতুন সামাজিক চুক্তি প্রণয়ন জরুরী হয়ে পড়েছে; যেহেতু, প্রথম রিপাবলিক ব্যর্থ হয়েছে এবং স্বাধীনতার ঘোষনাপত্রের আলোকে বাংলাদেশ - ২.০ গড়বার লক্ষ্যে দ্বিতীয় জনতান্ত্রিক রাষ্ট্র (Second Republic), প্রতিষ্ঠা অপরিহার্য হয়ে পড়েছে। সেহেতু, ১৯৪৭ এ কৃষক - প্রজার রাষ্ট্র বিনির্মান, ১৯৭১ এ বৈষম্যহীন ইনসাফভিত্তিক সমাজ গঠনের রক্তাক্ত লড়াই সহ ২০২৪ এর গনঅভ্যুত্থানের প্রত্যাশা পুরনে সাম্য, মানবিক মর্যাদা ও সামাজিক সুবিচারের ভিত্তিতে, বাংলাদেশের মানুষের শত শত বছরের যাপিত জীবনের মুল্যবোধ, অভিজ্ঞতা ও ঐতিহ্যের আলোকে একটি কল্যানরাষ্ট্র প্রতিষ্ঠিত হবে যার মালিকানা বাংলাদেশের জনগনের উপর ন্যাস্ত করা হলো। - - - প্রস্তাবনায় যুক্ত করতে হবে",আমার বাংলাদেশ পার্টি (এবি পার্টি),,Amendment,No,,Nazmul,,প্রস্তাবনা
প্রস্তাবনা (Preamble)'র সূচনা,,"৭২ সালের সংবিধান বাতিল ও বিলোপ চাই। নতুন সংবিধানের জন্য জাতীয় পরিষদের নির্বাচন নয় - সংবিধান সভার নির্বাচিন দিতে হবে। যে সংবিধান সভা উপরোক্ত আলোকে সংবিধান রচনা, প্রস্তুত ও পাশ করবে। সংবিধান রচনা ও প্রস্তুত করার পর এই সংবিধান সভা পার্লামেন্ট (আইন পরিষদ) হিসাবে কাজ করবে।",জাতীয় গণফ্রন্ট,,Addition,No,,Nazmul,,প্রস্তাবনা
প্রস্তাবনা (Preamble)'র সূচনা,,"তৎকালীন পাকিস্তানে আন্তর্জাতিক শত্রু হিসেবে চিহ্নিত ছিলো ভারতীয় আধিপত্যবাদ, মার্কিন, রুশ ও চীনসহ সকল সামাজ্যবাদী শোষণ ও নিপীড়ন উচ্ছেদ দ্বিতীয়ত: অভ্যন্তরীণভাবে জনগণের শোষক হচ্ছে আমলা - দালাল লুটের পুঁজি ও সামন্ত অবশেষ শ্রেণীর অবসান। সংবিধানে এটা স্পষ্টভাবে লিখিত থাকা প্রয়োজন।",জাতীয় গণফ্রন্ট,,Addition,No,,Nazmul,,প্রস্তাবনা
প্রস্তাবনা (Preamble)'র সূচনা,,"আমরা রাষ্ট্রের ক্ষমতা কাঠামোর মধ্যে ভারসাম্যপূর্ণ পরিবর্তন আনার প্রয়োজনীয় ধারা এবং বিধিমালা সংবিধানে সংযোজিত দেখতে চাই। যা মুক্তিযুদ্ধের তিনটি মূলনীতিকে ধারণ করবে, ২৪ এর গণঅভ্যুত্থানের স্বপ্নকে বাস্তবায়িত করবে এবং ফ্যাসিবাদকে চিরতরে রুখে দিবে .",জাতীয়তাবাদী গণতান্ত্রিক আন্দোলন (এনডিএম),,Addition,No,,Nazmul,,প্রস্তাবনা
প্রস্তাবনা (Preamble)'র সূচনা,,"নতুন বাংলাদেশের মেগনাকার্টা - বাংলা বসন্ত, Monsoon Revolution', এর সনদ নতুন করে লিখবার পক্ষে মত দিচ্ছে যা জনগণের অধিকারসমূহ এবং স্বাধীনতার উজ্জ্বল প্রত্যাশাকে প্রতিফলিত করবে। এটা আকারে ছোট, সাধারনভাবে বোধগম্য চলিত ভাষায় লিখিত হওয়াটা জরুরী, যেখানে শুধু রাষ্ট্রের কাঠামো ও মূলনীতি বিবৃত থাকবে, কোন পদ্ধতিগত ধারা নয়।",আমার বাংলাদেশ পার্টি (এবি পার্টি),,Addition,No,,Nazmul,,প্রস্তাবনা
প্রস্তাবনা (Preamble)'র সূচনা,,বাংলা এর সঠিক বানান বাঙলা পুনর্লিখন করতে হবে,বাংলাদেশ কল্যাণ রাষ্ট্র,,Addition,No,,Nazmul,,প্রস্তাবনা
প্রস্তাবনা (Preamble)'র সূচনা,,দেশের নাম বাংলাদেশ পুনলিখন,বাংলাদেশ কল্যাণ রাষ্ট্র,,Addition,No,,Nazmul,,প্রস্তাবনা
প্রস্তাবনা (Preamble)'র সূচনা,,সরকারের নাম বাংলাদেশ সরকার,বাংলাদেশ কল্যাণ রাষ্ট্র,,Addition,No,,Nazmul,,প্রস্তাবনা
অনুচ্ছেদ ১ (প্রজাতন্ত্র),"১। বাংলাদেশ একটি একক, স্বাধীন ও সার্বভৌম প্রজাতন্ত্র, যাহা “গণপ্রজাতন্ত্রী বাংলাদেশ” নামে পরিচিত হইবে।","বাংলাদেশ একটি একক, স্বাধীন ও সার্বভৌম প্রজাতন্ত্র, যাহা “গণপ্রজাতন্ত্রী বাংলাদেশ” নামে পরিচিত হইবে। ‘একক’ শব্দটি বাদ দেয়া হোক",বাংলাদেশের জাতীয় সমাজতান্ত্রিক দল (বাংলাদেশ জাসদ),একটি বিকেন্দ্রীকৃত ফেডারেল পদ্ধতি চালুর বিষয়টি উন্মুক্ত রাখা,Amendment,No,,Nazmul,"রাষ্ট্রের বৈশিষ্ট্য বর্ণনায় ব্যবহৃত ‘প্রজাতন্ত্র' এবং ‘গণপ্রজাতন্ত্রী বাংলাদেশ' শব্দগুলো পরিবর্তনের সুপারিশ করছে কমিশন। বাংলাদেশ রাষ্ট্রের অগণতান্ত্রিক চরিত্র ও শাসকদের জমিদারসুলভ আচরণের প্রতিফলন ঘটেছে “প্রজাতন্ত্র” শব্দটির মাঝে। সুতরাং, কমিশন সুপারিশ করছে যে, শব্দগত বিভ্রান্তি এড়াতে ‘প্রজাতন্ত্র’ এবং ‘গণপ্রজাতন্ত্রী বাংলাদেশ” শব্দগুলোর পরিবর্তে সংবিধানের প্রযোজ্য সকল ক্ষেত্রে ‘নাগরিকতন্ত্র' এবং ‘জনগণতন্ত্রী বাংলাদেশ' শব্দগুলো ব্যবহৃত হবে।",প্রথম ভাগ (প্রজাতন্ত্র)
অনুচ্ছেদ ১ (প্রজাতন্ত্র),,গণতান্ত্রিক বাংলাদেশ হবে। গণপ্রজাতন্ত্রী শব্দটি বাদ দিতে হবে,গণঅধিকার পরিষদ (নুর),,Amendment,No,,Nazmul,,প্রথম ভাগ (প্রজাতন্ত্র)
অনুচ্ছেদ ১ (প্রজাতন্ত্র),,বাংলাদেশ একটি স্বাধীন ও সার্বভৌম প্রজাতন্ত্র হবে যাহা “গণপ্রজাতন্ত্রী বাংলাদেশ” নামে পরিচিত হইবে।,বাংলাদেশ জামায়াতে ইসলামী,,Amendment,No,,Nazmul,,প্রথম ভাগ (প্রজাতন্ত্র)
অনুচ্ছেদ ১ (প্রজাতন্ত্র),,প্রজাতন্ত্র ও গণপ্রজাতন্ত্রী শব্দদ্বয় সংশোধন করে যথাক্রমে জনতন্ত্র ও মানবিক জনতন্ত্র বা মানবিক গণতান্ত্রিক শব্দে প্রতিস্থাপিত করা হোক,ইনসানিয়াত বিপ্লব বাংলাদেশ,,Amendment,No,,Nazmul,,প্রথম ভাগ (প্রজাতন্ত্র)
অনুচ্ছেদ ১ (প্রজাতন্ত্র),,"রাষ্ট্র কাঠামো: এককেন্দ্রীক, তবে সেবা ও রাজস্ব আদায়ের সুবিধার্তে শক্তিশালী স্থানীয় প্রশাসন কায়েম করা হবে।",আমার বাংলাদেশ পার্টি (এবি পার্টি),,Amendment,No,,Nazmul,,প্রথম ভাগ (প্রজাতন্ত্র)
অনুচ্ছেদ ১ (প্রজাতন্ত্র),,বাংলাদেশের নাম হবে বাংলাদেশ ওয়েলফেয়ার স্টেট (Bangladesh Welfare state) বা কল্যাণ রাষ্ট্র,ইসলামী আন্দোলন বাংলাদেশ,,Amendment,No,,Nazmul,,প্রথম ভাগ (প্রজাতন্ত্র)
অনুচ্ছেদ ১ (প্রজাতন্ত্র),,‘জনগণতন্ত্র' লেখা হোক,রাষ্ট্র সংস্কার আন্দোলন,,Amendment,No,,Nazmul,,প্রথম ভাগ (প্রজাতন্ত্র)
অনুচ্ছেদ ১ (প্রজাতন্ত্র),,"জনতন্ত্র দ্বারা প্রতিস্থাপিত হবে/ বাংলাদেশ একটি একক, স্বাধীন ও সার্বভৌম রাষ্ট্র, যাহা গণজনতান্ত্রিক বাংলাদেশ নামে পরিচিত হইবে।",খেলাফত আন্দোলন,,Amendment,No,,Nazmul,,প্রথম ভাগ (প্রজাতন্ত্র)
অনুচ্ছেদ ১ (প্রজাতন্ত্র),,"বাংলাদেশ একটি একক, স্বাধীন ও সার্বভৌম প্রজাতন্ত্র, যাহা “গণপ্রজাতন্ত্রী বাংলাদেশ” নামে পরিচিত হইবে। তবে পার্বত্য চট্টগ্রাম অঞ্চলের প্রশাসনিক ব্যবস্থা দেশের অন্যান্য অঞ্চল হইতে ভিন্নতর হইবে এবং তা বিশেষ আইনের মাধ্যমে তা পরিচালিত হইবে । অথবা বাংলাদেশ একটি স্বাধীন ও সার্বভৌম একক, প্রজাতন্ত্র, যাহা “গণপ্রজাতন্ত্রী বাংলাদেশ” নামে পরিচিত হইবে। তবে পার্বত্য চট্টগ্রাম অঞ্চলের প্রশাসনের জন্য বিশেষ ব্যবস্থা গ্রহণ করিতে এই অনুচ্ছেদের কোন কিছুই রাষ্ট্রকে নিবৃত্ত করিবে না ।",ইউনাইটেড পিপল্‌স ডেমোক্রেটিক ফ্রন্ট (ইউপিডিএফ),,Amendment,No,,Nazmul,,প্রথম ভাগ (প্রজাতন্ত্র)
অনুচ্ছেদ ২ (প্রজাতন্ত্রের রাষ্ট্রীয় সীমানা),"২। প্রজাতন্ত্রের রাষ্ট্রীয় সীমানার অন্তর্ভুক্ত হইবে (ক) ১৯৭১ খ্রীষ্টাব্দের মার্চ মাসের ২৬ তারিখে স্বাধীনতা - ঘোষণার অব্যবহিত পূর্বে যে সকল এলাকা লইয়া পূৰ্ব পাকিস্তান গঠিত ছিল4[এবং সংবিধান (তৃতীয় সংশোধন) আইন, ১৯৭৪ - এ অন্তর্ভুক্ত এলাকা বলিয়া উল্লিখিত এলাকা, কিন্তু উক্ত আইনে বহির্ভূত এলাকা বলিয়া উল্লিখিত এলাকা তদ্‌বহির্ভূত; এবং] (খ) যে সকল এলাকা পরবর্তীকালে বাংলাদেশের সীমানাভুক্ত হইতে পারে।",জনগণতন্ত্রের রাষ্ট্রীয় সীমানা,রাষ্ট্র সংস্কার আন্দোলন,,Amendment,No,,Nazmul,[মন্তব্য: সুপারিশ নেই],প্রথম ভাগ (প্রজাতন্ত্র)
অনুচ্ছেদ ২ক (রাষ্ট্রধর্ম),"৫[২ক। প্রজাতন্ত্রের রাষ্ট্রধর্ম ইসলাম, তবে হিন্দু, বৌদ্ধ, খ্রীষ্টানসহ অন্যান্য ধর্ম পালনে রাষ্ট্র সমমর্যাদা ও সমঅধিকার নিশ্চিত করিবেন]","পঞ্চদশ সংশোধনীর মাধ্যমে অত্র অনুচ্ছেদ সংশোধন করে বলা হয়েছে; প্রজাতন্ত্রের রাষ্ট্রধর্ম ইসলাম, তবে হিন্দু, বৌদ্ধ, খ্রীষ্টানসহ অন্যান্য ধর্ম পালনে রাষ্ট্র সমমর্যাদা ও সমঅধিকার নিশ্চিত করিবেন। সংশোধিত অনুচ্ছেদটি অপরিবর্তিত রাখা যেতে পারে। (পঞ্চদশ সংশোধনীর বৈধতা সংক্রান্ত মামলায় বিষয়টি বিচারাধীন)।",বাংলাদেশ জাতীয়তাবাদী দল (বিএনপি),,Amendment,Yes,রাষ্ট্র সংস্কার আন্দোলন,Nazmul,"কমিশন সুপারিশ করছে যে, রাষ্ট্রধর্মের বর্তমান বিধান বহাল রাখা হোক। এ বিষয়ে অংশীজন ও কমিশনের ওয়েবসাইটে প্রদত্ত বিপুল সংখ্যাগরিষ্ঠ মানুষ রাষ্ট্রধর্ম বহাল রাখার পক্ষে মত দেন। সুতরাং, কমিশন সুপারিশ করছে যে এই বিধানটি বহাল রাখা হোক। তবে, এ ব্যাপারে কমিশন সদস্যরা সর্বসম্মত সিদ্ধান্তে উপনীত হতে পারেননি।",প্রথম ভাগ (প্রজাতন্ত্র)
অনুচ্ছেদ ২ক (রাষ্ট্রধর্ম),,"পঞ্চদশ সংশোধনীর মাধ্যমে অত্র অনুচ্ছেদ সংশোধন করে বলা হয়েছে; প্রজাতন্ত্রের রাষ্ট্রধর্ম ইসলাম, তবে হিন্দু, বৌদ্ধ, খ্রীষ্টানসহ অন্যান্য ধর্ম পালনে রাষ্ট্র সমমর্যাদা ও সমঅধিকার নিশ্চিত করিবেন। সংশোধিত অনুচ্ছেদটি অপরিবর্তিত রাখা যেতে পারে। (পঞ্চদশ সংশোধনীর বৈধতা সংক্রান্ত মামলায় বিষয়টি বিচারাধীন)।",রাষ্ট্র সংস্কার আন্দোলন,,Amendment,Yes,বিএনপি,Nazmul,,প্রথম ভাগ (প্রজাতন্ত্র)
অনুচ্ছেদ ২ক (রাষ্ট্রধর্ম),,বাংলাদেশে অবস্থিত সকল ধর্মের পরিপূর্ণ স্বাধীনতা এবং সম অধিকার থাকবে এবং ধর্মকে রাজনীতিতে ব্যবহার করা যাবে না।,জাতীয় গণফ্রন্ট,,Amendment,No,,Nazmul,,প্রথম ভাগ (প্রজাতন্ত্র)
অনুচ্ছেদ ২ক (রাষ্ট্রধর্ম),,"২ ক. এই ক্ষেত্রে সংবিধানের আদিপাঠ অনুসরণ করতে হবে, অর্থাৎ তা বাতিল হবে",বাংলাদেশের কমিউনিস্ট পার্টি,,Amendment,No,,Nazmul,,প্রথম ভাগ (প্রজাতন্ত্র)
অনুচ্ছেদ ২ক (রাষ্ট্রধর্ম),,রাষ্ট্রধর্ম বিলুপ্ত করতে হবে বা বাদ দিতে হবে,বাংলাদেশের জাতীয় সমাজতান্ত্রিক দল (বাংলাদেশ জাসদ),সংবিধানকে ধর্মের বাইরে রাখা,Amendment,Yes,বাংলাদেশের সমাজতান্ত্রিক পার্টি (বিএসপি),Nazmul,,প্রথম ভাগ (প্রজাতন্ত্র)
অনুচ্ছেদ ২ক (রাষ্ট্রধর্ম),,রাষ্ট্রধর্ম বিলুপ্ত করতে হবে বা বাদ দিতে হবে,বাংলাদেশের সমাজতান্ত্রিক পার্টি (বিএসপি),সংবিধানকে ধর্মের বাইরে রাখা,Amendment,Yes,বাংলাদেশ জাতীয় সমাজতান্ত্রিক দল - বাংলাদেশ জাসদ,Nazmul,,প্রথম ভাগ (প্রজাতন্ত্র)
অনুচ্ছেদ ২ক (রাষ্ট্রধর্ম),,২এর ক এবং ৪ এর ক সহ রাষ্ট্র পরিচালনার মূলনীতি ১৯৭১ সালে স্বাধীনতার ঘোষণাপত্র ( Proclamation of Independence) অনুযায়ী এমনভাবে পুনর্বিন্যস্ত ও পুনর্লিখন করা দরকার যাতে তা ঘোষণাপত্রের স্পিরিটকে ধারণ করে ।,বাংলাদেশের বিপ্লবী ওয়ার্কার্স পার্টি,,Amendment,No,,Nazmul,,প্রথম ভাগ (প্রজাতন্ত্র)
অনুচ্ছেদ ২ক (রাষ্ট্রধর্ম),,"১. জনতন্ত্রের রাষ্ট্রধর্ম ইসলাম, তবে হিন্দু, বৌদ্ধ, খ্ৰীষ্টানসহ অন্যান্য ধর্ম পালনে রাষ্ট্র স্বীয় মর্যাদা ও সমঅধিকার নিশ্চিত করিবে] ২. সর্বশ্রেষ্ঠ ও সর্বশেষ নবী এবং রাসুল হযরত মুহাম্মদ সা. এর মর্যাদা রক্ষায় রাষ্ট্র কার্যকর ব্যবস্থা গ্রহণ করিবে। [সংবিধানে সংযুক্ত করতে হবে]",খেলাফত মজলিস,,Amendment,No,,Nazmul,,প্রথম ভাগ (প্রজাতন্ত্র)
অনুচ্ছেদ ২ক (রাষ্ট্রধর্ম),,"মহানবী হযরত মুহাম্মদ (সাল্লাল্লাহু আলাইহি ওয়াসাল্লাম) - এর প্রতি শ্রদ্ধা রাষ্ট্রের নৈতিক ও আধ্যাত্মিক ভিত্তির অবিচ্ছেদ্য অংশ। তাঁর প্রতি উদ্দেশ্যপ্রণোদিত অবমাননা বা নিন্দা কোনো অপরাধ হিসেবে গণ্য হবে এবং জনশৃঙ্খলা ও ধর্মীয় অনুভূতির সুরক্ষার জন্য আইনের অধীনে শাস্তিযোগ্য হবে। এ ধরনের অপরাধের জন্য নির্ধারিত বিধান ন্যায়বিচারের নীতি এবং সকল নাগরিকের মর্যাদা রক্ষার নিশ্চয়তা দেবে, যা আন্তর্জাতিক মানবাধিকার মানের সঙ্গে সামঞ্জস্যপূর্ণ। - - - - - - যুক্ত করতে হবে",বাংলাদেশ জাতীয় পার্টি (বিজেপি),,Amendment,No,,Nazmul,,প্রথম ভাগ (প্রজাতন্ত্র)
অনুচ্ছেদ ৩ (রাষ্ট্রভাষা),৩। প্রজাতন্ত্রের রাষ্ট্রভাষা বাংলা।,"প্রজাতন্ত্রের রাষ্ট্রভাষা হবে বাংলা, তবে রাষ্ট্রীয় পরিসীমায় বিদ্যমান অন্যান্য ভাষার নিরাপত্তা প্রদান রাষ্ট্র নিশ্চিত করবে।",বাংলাদেশ জামায়াতে ইসলামী,,Amendment,No,,Nazmul,কমিশন রাষ্ট্রভাষা হিসেবে বাংলাকে নিশ্চিত করার পাশাপাশি বিভিন্ন জনগোষ্ঠীর ভাষাসমূহ সংবিধানে স্বীকৃতি প্রদান করার লক্ষ্যে নিম্নরূপ বিধান অন্তর্ভুক্ত করার সুপারিশ করছে - “নাগরিকতন্ত্রের রাষ্ট্র ভাষা ‘বাংলা’। সংবিধান বাংলাদেশে নাগরিকদের মাতৃভাষা হিসেবে ব্যবহৃত সকল ভাষা এ দেশের প্রচলিত ভাষা হিসেবে স্বীকৃতি প্রদান করে।”,প্রথম ভাগ (প্রজাতন্ত্র)
অনুচ্ছেদ ৩ (রাষ্ট্রভাষা),,অপরিবর্তিত,রাষ্ট্র সংস্কার আন্দোলন,,Amendment,No,,Nazmul,,প্রথম ভাগ (প্রজাতন্ত্র)
অনুচ্ছেদ ৩ (রাষ্ট্রভাষা),,“প্রজাতন্ত্রের ভাষা বাংলা। তবে বাংলা ব্যতীত দেশের ভিন্ন ভিন্ন জাতিসত্তাসমূহের ভাষার পরিপোষণ ও উন্নয়নে রাষ্ট্র সমভাবে পৃষ্ঠপোষকতা প্রদান করিবেন।”,ইউনাইটেড পিপল্‌স ডেমোক্রেটিক ফ্রন্ট (ইউপিডিএফ),,Amendment,No,,Nazmul,,প্রথম ভাগ (প্রজাতন্ত্র)
"অনুচ্ছেদ ৪ (জাতীয় সংগীত, পতাকা, প্রতীক)","৪। (১) প্রজাতন্ত্রের জাতীয় সঙ্গীত “আমার সোনার বাংলা”র প্রথম দশ চরণ। (২) প্রজাতন্ত্রের জাতীয় পতাকা হইতেছে সবুজ ক্ষেত্রের উপর স্থাপিত রক্তবর্ণের একটি ভরাট বৃত্ত। (৩) প্রজাতন্ত্রের জাতীয় প্রতীক হইতেছে উভয় পার্শ্বে ধান্যশীর্ষবেষ্টিত, পানিতে ভাসমান জাতীয় পুষ্প শাপলা, তাহার শীর্ষদেশে পাটগাছের তিনটি পরস্পরসংযুক্ত পত্র, তাহার উভয় পার্শ্বে দুইটি করিয়া তারকা। (৪) উপরি - উক্ত দফাসমূহ - সাপেক্ষে জাতীয় সঙ্গীত, পতাকা ও প্রতীক সম্পর্কিত বিধানাবলী আইনের দ্বারা নির্ধারিত হইবে।","জাতীয় সঙ্গীত, পতাকা ও প্রতীক এই অনুচ্ছেদ ও এই অনুচ্ছেদের (১) (২) (৩) (৪) দফা সমূহ থেকে ""জাতীয়"" শব্দের পরিবর্তে ""রাষ্ট্রীয়"" শব্দটি প্রতিস্থাপিত হোক ।",ইনসানিয়াত বিপ্লব বাংলাদেশ,,Amendment,No,,Nazmul,[মন্তব্য: সুপারিশ নেই],প্রথম ভাগ (প্রজাতন্ত্র)
"অনুচ্ছেদ ৪ (জাতীয় সংগীত, পতাকা, প্রতীক)",,"সরকারি, আধা - সরকারি ও স্বায়ত্তশাসিত প্রতিষ্ঠানসমূহে কেবলমাত্র জাতীয় প্রতীক প্রদর্শিত হবে",ইসলামী আন্দোলন বাংলাদেশ,,Amendment,No,,Nazmul,,প্রথম ভাগ (প্রজাতন্ত্র)
"অনুচ্ছেদ ৪ (জাতীয় সংগীত, পতাকা, প্রতীক)",,অপরিবর্তিত,রাষ্ট্র সংস্কার আন্দোলন,,Amendment,No,,Nazmul,,প্রথম ভাগ (প্রজাতন্ত্র)
অনুচ্ছেদ ৪ক (জাতির পিতার প্ৰতিকৃতি),"৬[৪ক। জাতির পিতা বঙ্গবন্ধু শেখ মুজিবুর রহমানের প্রতিকৃতি রাষ্ট্রপতি, প্রধানমন্ত্রী, স্পীকার ও প্রধান বিচারপতির কার্যালয় এবং সকল সরকারী ও আধা - সরকারী অফিস, স্বায়ত্তশাসিত প্রতিষ্ঠান, সংবিধিবদ্ধ সরকারী কর্তৃপক্ষের প্রধান ও শাখা কার্যালয়, সরকারী ও বেসরকারী শিক্ষা প্রতিষ্ঠান, বিদেশে অবস্থিত বাংলাদেশের দূতাবাস ও মিশনসমূহে সংরক্ষণ ও প্রদর্শন করিতে হইবে।]",পঞ্চদশ সংশোধনীর মাধ্যমে বিভিন্ন প্রতিষ্ঠানে জাতির পিতার প্রতিকৃতি সংরক্ষণ ও প্রদর্শনের বাধ্যবাধকতা আরোপ করা হয়েছে। - - পঞ্চদশ সংশোধনীর মাধ্যমে সংযোজিত অত্র অনুচ্ছেদ বাতিল করতে হবে।,বাংলাদেশ জাতীয়তাবাদী দল (বিএনপি),,Amendment,Yes,"এনডিএম, রাষ্ট্র সংস্কার আন্দোলন ও খেলাফত মজলিস",Nazmul,"কমিশন সুপারিশ করছে যে, জনাব শেখ মুজিবুর রহমানের প্রতিকৃতি প্রদর্শনের বাধ্যতামূলক বিধান (বিদ্যমান সংবিধানের ৪ক অনুচ্ছেদ) বিলুপ্ত করা হোক। এরূপ বিধান ব্যক্তি বন্দনাকে উৎসাহিত করে, স্বৈরতন্ত্রের পথ সুগম করে। ‘বাংলাদেশ' অগণিত বরেণ্য মানুষের নেতৃত্ব, আত্মত্যাগ ও অবদানের সামষ্টিক ফসল। এই রক্তস্নাত মাতৃভূমিতে একক ব্যক্তিকে ‘জাতির পিতা' হিসেবে অভিহিত করার কোনো ঐতিহাসিক ভিত্তি বা বাস্তবতা নেই।",প্রথম ভাগ (প্রজাতন্ত্র)
অনুচ্ছেদ ৪ক (জাতির পিতার প্ৰতিকৃতি),,পঞ্চদশ সংশোধনীর মাধ্যমে বিভিন্ন প্রতিষ্ঠানে জাতির পিতার প্রতিকৃতি সংরক্ষণ ও প্রদর্শনের বাধ্যবাধকতা আরোপ করা হয়েছে। - - পঞ্চদশ সংশোধনীর মাধ্যমে সংযোজিত অত্র অনুচ্ছেদ বাতিল করতে হবে।,জাতীয়তাবাদী গণতান্ত্রিক আন্দোলন (এনডিএম),,Amendment,Yes,"বিএনপি, রাষ্ট্র সংস্কার আন্দোলন ও খেলাফত মজলিস",Nazmul,,প্রথম ভাগ (প্রজাতন্ত্র)
অনুচ্ছেদ ৪ক (জাতির পিতার প্ৰতিকৃতি),,পঞ্চদশ সংশোধনীর মাধ্যমে বিভিন্ন প্রতিষ্ঠানে জাতির পিতার প্রতিকৃতি সংরক্ষণ ও প্রদর্শনের বাধ্যবাধকতা আরোপ করা হয়েছে। - - পঞ্চদশ সংশোধনীর মাধ্যমে সংযোজিত অত্র অনুচ্ছেদ বাতিল করতে হবে।,রাষ্ট্র সংস্কার আন্দোলন,,Amendment,Yes,"বিএনপি, এনডিএম ও খেলাফত মজলিস",Nazmul,,প্রথম ভাগ (প্রজাতন্ত্র)
অনুচ্ছেদ ৪ক (জাতির পিতার প্ৰতিকৃতি),,পঞ্চদশ সংশোধনীর মাধ্যমে বিভিন্ন প্রতিষ্ঠানে জাতির পিতার প্রতিকৃতি সংরক্ষণ ও প্রদর্শনের বাধ্যবাধকতা আরোপ করা হয়েছে। - - পঞ্চদশ সংশোধনীর মাধ্যমে সংযোজিত অত্র অনুচ্ছেদ বাতিল করতে হবে।,খেলাফত মজলিস,,Amendment,Yes,"বিএনপি, এনডিএম ও রাষ্ট্র সংস্কার আন্দোলন",Nazmul,,প্রথম ভাগ (প্রজাতন্ত্র)
অনুচ্ছেদ ৪ক (জাতির পিতার প্ৰতিকৃতি),,"সরকারি, আধা - সরকারি ও স্বায়ত্তশাসিত প্রতিষ্ঠানসমূহে কেবলমাত্র জাতীয় প্রতীক প্রদর্শিত হবে",ইসলামী আন্দোলন বাংলাদেশ,,Amendment,No,,Nazmul,,প্রথম ভাগ (প্রজাতন্ত্র)
অনুচ্ছেদ ৪ক (জাতির পিতার প্ৰতিকৃতি),,"শেখ মুজিবুর রহমানের ছবি প্রদর্শন ও পরিবারের নিরাপত্তা আইন, ৭ই মার্চ, ১৭ই মার্চ, ৫ই আগস্ট, ৮ আগস্ট, ১৫ই আগস্ট, ১৮ অক্টোবর, ৪ নভেম্বর, ১২ই ডিসেম্বরের ছুটি বাতিল করতে হবে। সংবিধানে উল্লেখিত ৭ই মার্চের শেখ মুজিবের ভাষণ অপসারণ করতে হবে ৷",বাংলাদেশ লেবার পার্টি,,Amendment,No,,Nazmul,,প্রথম ভাগ (প্রজাতন্ত্র)
অনুচ্ছেদ ৪ক (জাতির পিতার প্ৰতিকৃতি),,"৪ ক এই অনুচ্ছেদের ক্ষেত্রে সংবিধানের আদি পাঠ অনুসরণ করতে হবে, অর্থাৎ তা বাতিল হবে",বাংলাদেশের কমিউনিস্ট পার্টি,,Amendment,No,,Nazmul,,প্রথম ভাগ (প্রজাতন্ত্র)
অনুচ্ছেদ ৪ক (জাতির পিতার প্ৰতিকৃতি),,জাতির পিতার প্রতিকৃতি প্রদর্শনের ধারাটি ১৯৭২ সালের মূল সংবিধানের ছিল না। এটি বাদ দিতে হবে।,১২ দলীয় জোট,,Amendment,No,,Nazmul,,প্রথম ভাগ (প্রজাতন্ত্র)
অনুচ্ছেদ ৪ক (জাতির পিতার প্ৰতিকৃতি),,অনুচ্ছেদটি বাদ দিতে বা বিলুপ্ত করতে হবে,বাংলাদেশ জামায়াতে ইসলামী,এসব তুচ্ছ ব্যাপার সংবিধানে থাকা অপ্রয়োজনীয়,Amendment,No,,Nazmul,,প্রথম ভাগ (প্রজাতন্ত্র)
অনুচ্ছেদ ৪ক (জাতির পিতার প্ৰতিকৃতি),,জাতির পিতার প্রতিকৃতি এই অনুচ্ছেদটি সম্পূর্ণ বাতিল করা হোক ।,ইনসানিয়াত বিপ্লব বাংলাদেশ,,Amendment,No,,Nazmul,,প্রথম ভাগ (প্রজাতন্ত্র)
অনুচ্ছেদ ৪ক (জাতির পিতার প্ৰতিকৃতি),,"বিদ্যমান সংবিধানের ৪(ক) - এর ন্যায় কোনো অনুচ্ছেদ থাকবে না। সরকারি, আধা - সরকারি ও স্বায়ত্তশাসিত প্রতিষ্ঠানসমূহে কেবলমাত্র জাতীয় প্রতীক প্রদর্শিত হবে।",জাতীয় নাগরিক কমিটি,,Amendment,No,,Nazmul,,প্রথম ভাগ (প্রজাতন্ত্র)
অনুচ্ছেদ ৪ক (জাতির পিতার প্ৰতিকৃতি),,"মহান স্বাধীনতা অর্জনে মজলুম জননেতা মওলানা আব্দুল হামিদ খান ভাসানী, শেরে বাংলা একে ফজলুল হক, শেখ মুজিবুর রহমান ও জিয়াউর রহমান তাদের অসামান্য অবদানের স্বীকৃতি দিয়ে ‘ফোর ফাদার ন্যাশন' প্রতিষ্ঠা করতে হবে। জাতীয় ঐক্যের ভিত্তি সুদৃঢ় করার লক্ষ্যে মহান মুক্তিযুদ্ধে যে সকল সামরিক ও বেসামরিক ব্যক্তিবর্গ ঐতিহাসিক ভূমিকা রেখেছেন তাদেরকে সংবিধানে উপযুক্ত মর্যাদায় অভিসিক্ত করতে হবে।",জাতীয় পার্টি (কাজী জাফর),,Amendment,No,,Nazmul,,প্রথম ভাগ (প্রজাতন্ত্র)
অনুচ্ছেদ ৬ (নাগরিকত্ব),৭ [৬। (১) বাংলাদেশের নাগরিকত্ব আইনের দ্বারা নির্ধারিত ও নিয়ন্ত্রিত হইবে। (২) বাংলাদেশের জনগণ জাতি হিসাবে বাঙালী এবং নাগরিকগণ বাংলাদেশী বলিয়া পরিচিত হইবেন । ],পঞ্চদশ সংশোধনীর মাধ্যমে বাংলাদেশের জনগণকে জাতি হিসাবে বাঙ্গালী বলে স্বীকৃতি দেয়া হয়েছে। - - - পঞ্চদশ সংশোধনীর মাধ্যমে আনীত পরিবর্তন বাতিল করতে হবে। পঞ্চদশ সংশোধনীর পূর্বের বিধান বহাল করতে হবে।,বাংলাদেশ জাতীয়তাবাদী দল (বিএনপি),,Amendment,No,,Nazmul,"‘বাংলাদেশের জনগণ জাতি হিসেবে বাঙালি ...' কমিশন এই বিধানটি বিলুপ্ত করার সুপারিশ করছে। সুপারিশ করা হচ্ছে যে, বর্তমান অনুচ্ছেদ ৬(২) নিম্নরূপভাবে সংশোধন করা হোক: - “বাংলাদেশের নাগরিকগণ ‘বাংলাদেশি' বলে পরিচিত হবেন । ” বর্তমান অনুচ্ছেদ ৬(২) বাংলাদেশের জনগণকে একটি নির্দিষ্ট জাতিগোষ্ঠীর পরিচয়ে, অর্থাৎ বাঙালি হিসেবে পরিচিত করে। এর ফলে অন্যান্য জাতিগোষ্ঠী অবহেলিত এবং উপেক্ষিত বোধ করতে পারে।",প্রথম ভাগ (প্রজাতন্ত্র)
অনুচ্ছেদ ৬ (নাগরিকত্ব),,সংবিধানের ৬(২) অনুচ্ছেদ সংশোধন করে নাগরিকদের বাংলাদেশী” হিসেবে ঘোষণা করতে হবে।,জাতীয়তাবাদী গণতান্ত্রিক আন্দোলন (এনডিএম),,Amendment,Yes,"বাংলাদেশ জামায়াতে ইসলামী, ইসলামী আন্দোলন বাংলাদেশ ও জাতীয় নাগরিক ঐক্য",Nazmul,,প্রথম ভাগ (প্রজাতন্ত্র)
অনুচ্ছেদ ৬ (নাগরিকত্ব),,সংবিধানের ৬(২) অনুচ্ছেদ সংশোধন করে নাগরিকদের বাংলাদেশী” হিসেবে ঘোষণা করতে হবে।,বাংলাদেশ জামায়াতে ইসলামী,বাঙালি শব্দটির জাতিগত অর্থ রয়েছে যা বাংলাদেশের সকল জনগোষ্ঠীকে অন্তর্ভুক্ত করতে ব্যর্থ হয়। তাই এটিএড়ানো উচিত।,Amendment,Yes,"এনডিএম, ইসলামী আন্দোলন বাংলাদেশ ও জাতীয় নাগরিক ঐক্য",Nazmul,,প্রথম ভাগ (প্রজাতন্ত্র)
অনুচ্ছেদ ৬ (নাগরিকত্ব),,সংবিধানের ৬(২) অনুচ্ছেদ সংশোধন করে নাগরিকদের বাংলাদেশী” হিসেবে ঘোষণা করতে হবে।,ইসলামী আন্দোলন বাংলাদেশ,,Amendment,Yes,"বাংলাদেশ জামায়াতে ইসলামী, এনডিএম ও জাতীয় নাগরিক ঐক্য",Nazmul,,প্রথম ভাগ (প্রজাতন্ত্র)
অনুচ্ছেদ ৬ (নাগরিকত্ব),,সংবিধানের ৬(২) অনুচ্ছেদ সংশোধন করে নাগরিকদের বাংলাদেশী” হিসেবে ঘোষণা করতে হবে।,জাতীয় নাগরিক ঐক্য,,Amendment,Yes,"বাংলাদেশ জামায়াতে ইসলামী, এনডিএম ও ইসলামী আন্দোলন বাংলাদেশ",Nazmul,,প্রথম ভাগ (প্রজাতন্ত্র)
অনুচ্ছেদ ৬ (নাগরিকত্ব),,প্রত্যেক জাতিসত্তার স্বীকৃতি থাকতে হবে।,ইসলামী আন্দোলন বাংলাদেশ,,Amendment,Yes,জাতীয় নাগরিক কমিটি,Nazmul,,প্রথম ভাগ (প্রজাতন্ত্র)
অনুচ্ছেদ ৬ (নাগরিকত্ব),,প্রত্যেক জাতিসত্তার স্বীকৃতি থাকতে হবে।,জাতীয় নাগরিক কমিটি,,Amendment,Yes,ইসলামী আন্দোলন বাংলাদেশ,Nazmul,,প্রথম ভাগ (প্রজাতন্ত্র)
অনুচ্ছেদ ৬ (নাগরিকত্ব),,বাংলাদেশে শুধু বাঙ্গালী নয় - বাঙ্গালীসহ সকল ভাষাভাষী ও সকল জাতি সত্ত্বা বিকাশের পরিপূর্ণ স্বাধীনতা সংবিধানে সুস্পষ্টভাবে লিখিত থাকতে হবে।,বাংলাদেশের সমাজতান্ত্রিক দল (বাসদ),,Amendment,No,,Nazmul,,প্রথম ভাগ (প্রজাতন্ত্র)
অনুচ্ছেদ ৬ (নাগরিকত্ব),,সংবিধানের ৬ অনুচ্ছেদ বাতিল করতে হবে। পৃথিবীর কোন দেশে ভাষা দিয়ে জাতিসত্তা নির্ধারণ করা হয় না। বাংলাদেশের নাগরিকগণ বাঙালি নয় বাংলাদেশি হিসেবেই পরিচিত হবে।,১২ দলীয় জোট,,Amendment,No,,Nazmul,,প্রথম ভাগ (প্রজাতন্ত্র)
অনুচ্ছেদ ৬ (নাগরিকত্ব),,জনগণ জাতি হিসেবে বাঙালী ধারা বিলুপ্ত করতে হবে।,বাংলাদেশের জাতীয় সমাজতান্ত্রিক দল (বাংলাদেশ জাসদ),"বাংলাদেশে শুধুমাত্র বাঙালী জাতি - ই নয়, আরো অন্যান্য জাতি ও জাতিসত্ত্বা রয়েছে",Amendment,No,,Nazmul,,প্রথম ভাগ (প্রজাতন্ত্র)
অনুচ্ছেদ ৬ (নাগরিকত্ব),,প্রত্যেক নাগরিক তাহার জাতিসত্তা পরিচয়ে পরিচিত হইবেন। তাহাদের নাগরিকত্ব হইবে বাংলাদেশী,রাষ্ট্র সংস্কার আন্দোলন,,Amendment,No,,Nazmul,,প্রথম ভাগ (প্রজাতন্ত্র)
অনুচ্ছেদ ৬ (নাগরিকত্ব),,পাহাড়ি জাতিগোষ্ঠীসহ অন্যান্য জাতিসত্ত্বার সাংবিধানিক অধিকার নিশ্চিত করা। একইসাথে সংবিধানের ৬ ও ৯ অনুচ্ছেদ সংস্কার করা।,বাংলাদেশের সমাজতান্ত্রিক দল (মার্কসবাদী),,Amendment,Yes,বাংলাদেশের বিপ্লবী কমিউনিস্ট লীগ,Nazmul,,প্রথম ভাগ (প্রজাতন্ত্র)
অনুচ্ছেদ ৬ (নাগরিকত্ব),,পাহাড়ি জাতিগোষ্ঠীসহ অন্যান্য জাতিসত্ত্বার সাংবিধানিক অধিকার নিশ্চিত করা। একইসাথে সংবিধানের ৬ ও ৯ অনুচ্ছেদ সংস্কার করা।,বাংলাদেশের বিপ্লবী কমিউনিস্ট লীগ,,Amendment,Yes,বাংলাদেশ সমাজতান্ত্রিক দল (মার্কসবাদী),Nazmul,,প্রথম ভাগ (প্রজাতন্ত্র)
অনুচ্ছেদ ৬ (নাগরিকত্ব),,"জাতি, ধর্ম, বর্ণ, লিঙ্গীয় পরিচয় নির্বিশেষে নিজ নিজ পরিচয়ের পাশাপাশি বাংলাদেশের সকল নাগরিক বাংলাদেশী বলে পরিচিত হবেন।",গণসংহতি আন্দোলন,,Amendment,No,,Nazmul,,প্রথম ভাগ (প্রজাতন্ত্র)
অনুচ্ছেদ ৬ (নাগরিকত্ব),,"২০১১ সালে সংবিধানে সংযোজিত উপজাতি, ক্ষুদ্র জাতিসত্তা, নৃ - গোষ্ঠী ও সম্প্রদায়ের সংস্কৃতি নামের দফার পরিবর্তন এনে তাঁদের মতামতকে প্রতিফলিত করতে হবে।",জাতীয়তাবাদী গণতান্ত্রিক আন্দোলন (এনডিএম),,Amendment,No,,Nazmul,,প্রথম ভাগ (প্রজাতন্ত্র)
অনুচ্ছেদ ৬ (নাগরিকত্ব),,অনুচ্ছেদ ৬(১) - - - বাংলাদেশের নাগরিকত্ব আইনের দ্বারা নির্ধারিত ও নিয়ন্ত্রিত হইবে - এখানে “আইনের দ্বারা” বাতিল করে এ রাষ্ট্রের সীমানায় জন্মগ্রহণকারী সকলের জন্মগত ও বংশগত ও আইনের উর্ধে স্রষ্টা প্রদত্ত ও রহিতের অযোগ্য প্রাকৃতিক চিরন্তন হিসেবে থাকিবে বলিয়া প্রতিস্থাপিত হোক ৷ অনুচ্ছেদ ৬(২) - - - বাংলাদেশের জনগণ জাতি হিসেবে বাঙালী ও নাগরিকগণ বাংলাদেশী বলিয়া পরিচিত হইবেন – এই অনুচ্ছেদে বাংঙ্গালী শব্দটি বাতিল করিয়া বাংলাদেশের জনগণ প্রত্যেকের যার যার বিশ্বাস ধর্ম - দর্শন মোতাবেক যার যার জাতীয়তা নিয়ে চলতে লিখতে বলতে পারবেন এবং কোন বিশেষ জাতীয়তাবাদ কারো উপর চাপিয়ে দেয়া হবে না - লিখা হোক। বাংলাদেশের সকল নাগরিকের রাষ্ট্রীয় নাগরিকত্ব বাংলাদেশী - এটা লিখা ও প্রতিস্থাপিত হোক।,ইনসানিয়াত বিপ্লব বাংলাদেশ,,Amendment,No,,Nazmul,,প্রথম ভাগ (প্রজাতন্ত্র)
অনুচ্ছেদ ৬ (নাগরিকত্ব),,(২) বাংলাদেশের নাগরিকগণ বাংলাদেশী বলে পরিচিত হবেন। তারা বাংলা ভাষাভিত্তিক বাঙালি জনগোষ্ঠী ও ক্ষুদ্র নৃগোষ্ঠীসমূহ এবং বাংলাদেশে স্থায়ীভাবে বসবাসরত অন্য ভাষাভাষি জনগোষ্ঠি নিয়ে গঠিত হবে।,খেলাফত মজলিস,,Amendment,No,,Nazmul,,প্রথম ভাগ (প্রজাতন্ত্র)
অনুচ্ছেদ ৬ (নাগরিকত্ব),,৬ (২) এই উপঅনুচ্ছেদটি নিম্নোক্তভাবে পুনরায় লিখতে হবে “বাংলাদেশের জনগণের মধ্যে জাতি হিসেবে রহিয়াছে বাঙালি এবং আদিবাসীসহ অপরাপর জাতিগোষ্ঠি এবং সকলের সমমর্যাদাসম্পন্ন এবং রাষ্ট্রের সম্মুখে তাহারা সকলেই সমসত্ত্বাসম্পন্ন নাগরিক হিসাবে গণ হইবেন”,বাংলাদেশের কমিউনিস্ট পার্টি,,Amendment,No,,Nazmul,,প্রথম ভাগ (প্রজাতন্ত্র)
অনুচ্ছেদ ৬ (নাগরিকত্ব),,বাংলাদেশি (সংখ্যালঘু ও উপজাতিসহ বাংলাদেশের সব নাগরিকরাই একত্ব মনস্তাত্ত্বিক চেতনায় মোটিভেট),বাংলাদেশ কল্যাণ রাষ্ট্র,,Amendment,No,,Nazmul,,প্রথম ভাগ (প্রজাতন্ত্র)
অনুচ্ছেদ ৬ (নাগরিকত্ব),,অনুচ্ছেদ ৬ (২) “বাংলাদেশের জনগণ নাগরিক হিসেবে বাংলাদেশী বলিয়া পরিচিত হইবেন”,ইউনাইটেড পিপল্‌স ডেমোক্রেটিক ফ্রন্ট (ইউপিডিএফ),,Amendment,No,,Nazmul,,প্রথম ভাগ (প্রজাতন্ত্র)
অনুচ্ছেদ ৭ (সংবিধানের প্রাধান্য),"৭। (১) প্রজাতন্ত্রের সকল ক্ষমতার মালিক জনগণ; এবং জনগণের পক্ষে সেই ক্ষমতার প্রয়োগ কেবল এই সংবিধানের অধীন ও কর্তৃত্বে কার্যকর হইবে। (২) জনগণের অভিপ্রায়ের পরম অভিব্যক্তিরূপে এই সংবিধান প্রজাতন্ত্রের সর্বোচ্চ আইন এবং অন্য কোন আইন যদি এই সংবিধানের সহিত অসমঞ্জস হয়, তাহা হইলে সেই আইনের যতখানি অসামঞ্জস্যপূর্ণ, ততখানি বাতিল হইবে।",সকল ক্ষমতার মালিক জনগণ' এর প্রয়োগ নিশ্চিত করতে সাংবিধানিক প্রতিষ্ঠানসমূহ বাধ্য থাকবে। এক্ষেত্রে কোনো অসঙ্গতি দেখা দিলে অঙ্গতিপূর্ণ কার্যক্রমের সঙ্গে জড়িত কর্মকর্তাদের অপসারণ নিশ্চিত করার বিধান যুক্ত করতে হবে।,গণতান্ত্রিক বিপ্লবী পার্টি,,Amendment,No,,Nazmul,"কমিশন বিদ্যমান সংবিধানের অনুচ্ছেদ ৭ক বিলুপ্তির সুপারিশ করছে। অনুচ্ছেদ ৭ক সংবিধান সমালোচনার অধিকারকে সীমিত করে এবং স্বাধীন মতপ্রকাশের মৌলিক অধিকারকে ক্ষুণ্ণ করে। এই বিধান অনুসারে সংবিধানের সমালোচনা করাও সংবিধানের প্রতি নাগরিকদের ‘আস্থা, বিশ্বাস বা প্রত্যয়' পরাহত হয়েছে বলে গণ্য হতে পারে। যার শাস্তি মৃত্যুদণ্ড পর্যন্ত হতে পারে।",প্রথম ভাগ (প্রজাতন্ত্র)
অনুচ্ছেদ ৭ (সংবিধানের প্রাধান্য),,(৩) ‘দেশের ৯২ শতাংশ মানুষের ধর্মীয় আদর্শের ভিত্তি কুরআন সুন্নাহর অকাট্য বিধান বিরোধী কোনো আইন করা যাবে না'। - এ দফাটি যোগ করতে হবে।,খেলাফত মজলিস,,Amendment,No,,Nazmul,,প্রথম ভাগ (প্রজাতন্ত্র)
"অনুচ্ছেদ ৭ক (সংবিধান বাতিল, স্থগিতকরণ, ইত্যাদি অপরাধ)","৪[৭ক। (১) কোন ব্যক্তি শক্তি প্রদর্শন বা শক্তি প্রয়োগের মাধ্যমে বা অন্য কোন অসাংবিধানিক পন্থায় - (ক) এই সংবিধান বা ইহার কোন অনুচ্ছেদ রদ, রহিত বা বাতিল বা স্থগিত করিলে কিংবা উহা করিবার জন্য উদ্যোগ গ্রহণ বা ষড়যন্ত্র করিলে ; কিংবা (খ) এই সংবিধান বা ইহার কোন বিধানের প্রতি নাগরিকের আস্থা, বিশ্বাস বা প্রত্যয় পরাহত করিলে কিংবা উহা করিবার জন্য উদ্যোগ গ্রহণ বা ষড়যন্ত্র করিলে - তাহার এই কার্য রাষ্ট্রদ্রোহিতা হইবে এবং ঐ ব্যক্তি রাষ্ট্রদ্রোহিতার অপরাধে দোষী হইবে। (২) কোন ব্যক্তি (১) দফায় বর্ণিত - (ক) কোন কার্য করিতে সহযোগিতা বা উস্কানি প্রদান করিলে; কিংবা (খ) কার্য অনুমোদন, মার্জনা, সমর্থন বা অনুসমর্থন করিলে - তাহার এইরূপ কার্যও একই অপরাধ হইবে। (৩) এই অনুচ্ছেদে বর্ণিত অপরাধে দোষী ব্যক্তি প্রচলিত আইনে অন্যান্য অপরাধের জন্য নির্ধারিত দণ্ডের মধ্যে সর্বোচ্চ দণ্ডে দণ্ডিত হইবে।","পঞ্চদশ সংশোধনীর মাধ্যমে সংযোজিত অত্র বিধানমতে সংবিধান বাতিল, স্থগিতকরণ, ইত্যাদিকে রাষ্ট্রদ্রোহিতা হিসেবে ঘোষণা করে সর্বোচ্চ শাস্তির বিধান করা হয়েছে। - - - পঞ্চদশ সংশোধনীর মাধ্যমে সংযোজিত অত্র অনুচ্ছেদ বাতিল করতে হবে।",বাংলাদেশ জাতীয়তাবাদী দল (বিএনপি),,Amendment,Yes,"এনডিএম, রাষ্ট্র সংস্কার আন্দোলন, বাংলাদেশ জামায়াতে ইসলামী ও খেলাফত মজলিস",Nazmul,"কমিশন বিদ্যমান সংবিধানের অনুচ্ছেদ ৭ক বিলুপ্তির সুপারিশ করছে। অনুচ্ছেদ ৭ক সংবিধান সমালোচনার অধিকারকে সীমিত করে এবং স্বাধীন মতপ্রকাশের মৌলিক অধিকারকে ক্ষুণ্ণ করে। এই বিধান অনুসারে সংবিধানের সমালোচনা করাও সংবিধানের প্রতি নাগরিকদের ‘আস্থা, বিশ্বাস বা প্রত্যয়' পরাহত হয়েছে বলে গণ্য হতে পারে। যার শাস্তি মৃত্যুদণ্ড পর্যন্ত হতে পারে।",প্রথম ভাগ (প্রজাতন্ত্র)
"অনুচ্ছেদ ৭ক (সংবিধান বাতিল, স্থগিতকরণ, ইত্যাদি অপরাধ)",,"পঞ্চদশ সংশোধনীর মাধ্যমে সংযোজিত অত্র বিধানমতে সংবিধান বাতিল, স্থগিতকরণ, ইত্যাদিকে রাষ্ট্রদ্রোহিতা হিসেবে ঘোষণা করে সর্বোচ্চ শাস্তির বিধান করা হয়েছে। - - - পঞ্চদশ সংশোধনীর মাধ্যমে সংযোজিত অত্র অনুচ্ছেদ বাতিল করতে হবে।",জাতীয়তাবাদী গণতান্ত্রিক আন্দোলন (এনডিএম),,Amendment,Yes,"রাষ্ট্র সংস্কার আন্দোলন, বাংলাদেশ জামায়াতে ইসলামী ও খেলাফত মজলিস",Nazmul,,প্রথম ভাগ (প্রজাতন্ত্র)
"অনুচ্ছেদ ৭ক (সংবিধান বাতিল, স্থগিতকরণ, ইত্যাদি অপরাধ)",,"পঞ্চদশ সংশোধনীর মাধ্যমে সংযোজিত অত্র বিধানমতে সংবিধান বাতিল, স্থগিতকরণ, ইত্যাদিকে রাষ্ট্রদ্রোহিতা হিসেবে ঘোষণা করে সর্বোচ্চ শাস্তির বিধান করা হয়েছে। - - - পঞ্চদশ সংশোধনীর মাধ্যমে সংযোজিত অত্র অনুচ্ছেদ বাতিল করতে হবে।",রাষ্ট্র সংস্কার আন্দোলন,,Amendment,Yes,"বিএনপি, এনডিএম, বাংলাদেশ জামায়াতে ইসলামী ও খেলাফত মজলিস",Nazmul,,প্রথম ভাগ (প্রজাতন্ত্র)
"অনুচ্ছেদ ৭ক (সংবিধান বাতিল, স্থগিতকরণ, ইত্যাদি অপরাধ)",,"পঞ্চদশ সংশোধনীর মাধ্যমে সংযোজিত অত্র বিধানমতে সংবিধান বাতিল, স্থগিতকরণ, ইত্যাদিকে রাষ্ট্রদ্রোহিতা হিসেবে ঘোষণা করে সর্বোচ্চ শাস্তির বিধান করা হয়েছে। - - - পঞ্চদশ সংশোধনীর মাধ্যমে সংযোজিত অত্র অনুচ্ছেদ বাতিল করতে হবে।",বাংলাদেশ জামায়াতে ইসলামী,,Amendment,Yes,"বিএনপি, এনডিএম, রাষ্ট্র সংস্কার আন্দোলন ও খেলাফত মজলিস",Nazmul,,প্রথম ভাগ (প্রজাতন্ত্র)
"অনুচ্ছেদ ৭ক (সংবিধান বাতিল, স্থগিতকরণ, ইত্যাদি অপরাধ)",,"পঞ্চদশ সংশোধনীর মাধ্যমে সংযোজিত অত্র বিধানমতে সংবিধান বাতিল, স্থগিতকরণ, ইত্যাদিকে রাষ্ট্রদ্রোহিতা হিসেবে ঘোষণা করে সর্বোচ্চ শাস্তির বিধান করা হয়েছে। - - - পঞ্চদশ সংশোধনীর মাধ্যমে সংযোজিত অত্র অনুচ্ছেদ বাতিল করতে হবে।",খেলাফত মজলিস,,Amendment,Yes,"বিএনপি, এনডিএম, রাষ্ট্র সংস্কার আন্দোলন ও বাংলাদেশ জামায়াতে ইসলামী",Nazmul,,প্রথম ভাগ (প্রজাতন্ত্র)
"অনুচ্ছেদ ৭ক (সংবিধান বাতিল, স্থগিতকরণ, ইত্যাদি অপরাধ)",,"সংবিধান প্রণয়ন, সংশোধন ও স্থগিতকরণের প্রশ্নে জনগণের অভিপ্রায়ের পরম অভিব্যক্তি রূপে সংবিধান এই নীতির সাথে অসামঞ্জস্যপূর্ণ কোন বিধান থাকবে না ।",গণসংহতি আন্দোলন,,Amendment,No,,Nazmul,,প্রথম ভাগ (প্রজাতন্ত্র)
"অনুচ্ছেদ ৭ক (সংবিধান বাতিল, স্থগিতকরণ, ইত্যাদি অপরাধ)",,"যে সকল বিষয়সমূহ সংশোধন অযোগ্য বলা হয়েছে, সেগুলোর প্রয়োজনীয় সংশোধনের বিধান রেখে উক্ত অনুচ্ছেদ সংশোধন করতে হবে",বাংলাদেশের সমাজতান্ত্রিক পার্টি (বিএসপি),,Amendment,No,,Nazmul,,প্রথম ভাগ (প্রজাতন্ত্র)
"অনুচ্ছেদ ৭ক (সংবিধান বাতিল, স্থগিতকরণ, ইত্যাদি অপরাধ)",,এ অনুচ্ছেদ ও দফাগুলো মৌলিক অধিকার ও নাগরিক অধিকারের সম্পূর্ণ বিপরীত ও রুদ্ধকর বিধায় সম্পূর্ণ বাতিল করা হোক এবং কোন এলাকা সশস্ত্র যুদ্ধের মাধ্যমে রাষ্ট্র বিভক্ত বা অন্য রাষ্ট্রের কাছে রাষ্ট্র তুলে দেয়া ছাড়া কোন কিছুই রাষ্ট্রদ্রোহীতা বলে গণ্য হবে না বলে প্রতিস্থাপিত হোক।,ইনসানিয়াত বিপ্লব বাংলাদেশ,,Amendment,No,,Nazmul,,প্রথম ভাগ (প্রজাতন্ত্র)
অনুচ্ছেদ ৭খ (সংবিধানের মৌলিক বিধানাবলী সংশোধন অযোগ্য),"৭খ।সংবিধানের ১৪২ অনুচ্ছেদে যাহা কিছুই থাকুক না কেন, সংবিধানের প্রস্তাবনা, প্রথম ভাগের সকল অনুচ্ছেদ, দ্বিতীয় ভাগের সকল অনুচ্ছেদ, নবম - ক ভাগে বর্ণিত অনুচ্ছেদসমূহের বিধানাবলী সাপেক্ষে তৃতীয় ভাগের সকল অনুচ্ছেদ এবং একাদশ ভাগের ১৫০ অনুচ্ছেদসহ সংবিধানের অন্যান্য মৌলিক কাঠামো সংক্রান্ত অনুচ্ছেদসমুহের বিধানাবলী সংযোজন, পরিবর্তন, প্রতিস্থাপন, রহিতকরণ কিংবা অন্য কোন পন্থায় সংশোধনের অযোগ্য হইবে।]",অনুচ্ছেদটি বিলুপ্ত করা হোক,বাংলাদেশ জামায়াতে ইসলামী,"ধারা ৭এ অধিগ্রহণ সামরিক প্রতিরোধে অকার্যকর। ৫ আগস্ট তার একটি উদাহরণ। এছাড়া এই ধারা গণের ইচ্ছা যা সাংবিধানিক প্রাধান্যের মূল ভিত্তি, তাকে অবদমিত করে। ধারা ৭এ একটি নতুন সংবিধান প্রণয়নের একটি ভাল কারণ। ৭বি বাতিল করা উচিত কারণ আপনি ভবিষ্যত পার্লামেন্টকে বাধ্য করতে পারেন না। এবং শুধুমাত্র আদালতই সিদ্ধান্ত নিতে পারে কী কী মৌলিক গঠন এবং কী নয়।",Amendment,Yes,"রাষ্ট্র সংস্কার আন্দোলন, বাংলাদেশের বিপ্লবী ওয়ার্কার্স পার্টি ও খেলাফত মজলিস",Nazmul,"কমিশন বিদ্যমান অনুচ্ছেদ ৭খ বিলুপ্তির সুপারিশ করছে। এই অনুচ্ছেদ সংবিধানের এক তৃতীয়াংশেরও বেশি বিধানকে চিরকালের জন্য ‘সংশোধন - অযোগ্য' হিসেবে ঘোষণা করেছে। এমন বিধান আইনগতভাবে অযৌক্তিক, কারণ এটি ভবিষ্যতের সংসদকে সংবিধান সংশোধনের ব্যাপারে বাধা প্রদান করে। উপরন্তু এই বিধান সংবিধানের বিকাশের ক্ষেত্রে প্রতিবন্ধকতা সৃষ্টি করে।",প্রথম ভাগ (প্রজাতন্ত্র)
অনুচ্ছেদ ৭খ (সংবিধানের মৌলিক বিধানাবলী সংশোধন অযোগ্য),,অনুচ্ছেদটি বিলুপ্ত করা হোক,রাষ্ট্র সংস্কার আন্দোলন,"ধারা ৭এ অধিগ্রহণ সামরিক প্রতিরোধে অকার্যকর। ৫ আগস্ট তার একটি উদাহরণ। এছাড়া এই ধারা গণের ইচ্ছা যা সাংবিধানিক প্রাধান্যের মূল ভিত্তি, তাকে অবদমিত করে। ধারা ৭এ একটি নতুন সংবিধান প্রণয়নের একটি ভাল কারণ। ৭বি বাতিল করা উচিত কারণ আপনি ভবিষ্যত পার্লামেন্টকে বাধ্য করতে পারেন না। এবং শুধুমাত্র আদালতই সিদ্ধান্ত নিতে পারে কী কী মৌলিক গঠন এবং কী নয়।",Amendment,Yes,"বাংলাদেশ জামায়াতে ইসলামী, বাংলাদেশের বিপ্লবী ওয়ার্কার্স পার্টি ও খেলাফত মজলিস",Nazmul,,প্রথম ভাগ (প্রজাতন্ত্র)
অনুচ্ছেদ ৭খ (সংবিধানের মৌলিক বিধানাবলী সংশোধন অযোগ্য),,অনুচ্ছেদটি বিলুপ্ত করা হোক,বাংলাদেশের বিপ্লবী ওয়ার্কার্স পার্টি,"ধারা ৭এ অধিগ্রহণ সামরিক প্রতিরোধে অকার্যকর। ৫ আগস্ট তার একটি উদাহরণ। এছাড়া এই ধারা গণের ইচ্ছা যা সাংবিধানিক প্রাধান্যের মূল ভিত্তি, তাকে অবদমিত করে। ধারা ৭এ একটি নতুন সংবিধান প্রণয়নের একটি ভাল কারণ। ৭বি বাতিল করা উচিত কারণ আপনি ভবিষ্যত পার্লামেন্টকে বাধ্য করতে পারেন না। এবং শুধুমাত্র আদালতই সিদ্ধান্ত নিতে পারে কী কী মৌলিক গঠন এবং কী নয়।",Amendment,Yes,"বাংলাদেশ জামায়াতে ইসলামী, রাষ্ট্র সংস্কার আন্দোলন ও খেলাফত মজলিস",Nazmul,,প্রথম ভাগ (প্রজাতন্ত্র)
অনুচ্ছেদ ৭খ (সংবিধানের মৌলিক বিধানাবলী সংশোধন অযোগ্য),,অনুচ্ছেদটি বিলুপ্ত করা হোক,খেলাফত মজলিস,"ধারা ৭এ অধিগ্রহণ সামরিক প্রতিরোধে অকার্যকর। ৫ আগস্ট তার একটি উদাহরণ। এছাড়া এই ধারা গণের ইচ্ছা যা সাংবিধানিক প্রাধান্যের মূল ভিত্তি, তাকে অবদমিত করে। ধারা ৭এ একটি নতুন সংবিধান প্রণয়নের একটি ভাল কারণ। ৭বি বাতিল করা উচিত কারণ আপনি ভবিষ্যত পার্লামেন্টকে বাধ্য করতে পারেন না। এবং শুধুমাত্র আদালতই সিদ্ধান্ত নিতে পারে কী কী মৌলিক গঠন এবং কী নয়।",Amendment,Yes,"বাংলাদেশ জামায়াতে ইসলামী, রাষ্ট্র সংস্কার আন্দোলন ও বাংলাদেশের বিপ্লবী ওয়ার্কার্স পার্টি",Nazmul,,প্রথম ভাগ (প্রজাতন্ত্র)
অনুচ্ছেদ ৭খ (সংবিধানের মৌলিক বিধানাবলী সংশোধন অযোগ্য),,"৭ক। ৭খ। সংবিধান বাতিল, স্থগিতকরণ, ইত্যাদি অপরাধ। এই ধারাটি সম্পূর্ণরূপে বাদ দিতে হবে। তবে সংবিধানের অনুচ্ছেদ ৭খ তে বলা হয়ছে সংবিধানের ১৪২ নং অনুচ্ছেদে যাই থাকুক না কেন, সংবিধানের প্রস্তাবনা, প্ৰথম দ্বিতীয় ভাগের সকল অনুচ্ছেদ, ভাগের সকল অনুচ্ছেদ, নবম - ক ভাগে বর্ণিত অনুচ্ছেদের বিধানবলী সাপেক্ষে তৃতীয় ভাগের সকল অনুচ্ছেদ এবং একাদশ ভাগের ১৫০ অনুচ্ছেদসহ সংবিধানের অন্যান্য মৌলিক কাঠামো সংক্রান্ত অনুচ্ছেদের বিধানাবলী সংযোজন, পরিবর্তন, প্রতিস্থাপন, রহিতকরণ কিংবা অন্য কোন পন্থায় সংশোধনের অযোগ্য হবে। ৭ ক ও খ অনুচ্ছেদ গণতন্ত্রকে ধ্বংস করার জন্য করা হয়েছে। অসৎ উদ্দেশ্যে স্বৈরশাসনকে দীর্ঘায়িত করার জন্য করা হয়েছে। এটা আইনের শাসনের পরিপন্থী ।",১২ দলীয় জোট,,Amendment,No,,Nazmul,,প্রথম ভাগ (প্রজাতন্ত্র)
অনুচ্ছেদ ৭খ (সংবিধানের মৌলিক বিধানাবলী সংশোধন অযোগ্য),,পঞ্চদশ সংশোধনীর মাধ্যমে সংযোজিত অত্র বিধানমতে সংবিধানের একটি বিরাট অংশকে সংশোধন - অযোগ্য ঘোষণা করা হয়েছে - - - পঞ্চদশ সংশোধনীর মাধ্যমে সংযোজিত অত্র অনুচ্ছেদ বাতিল করতে হবে।,বাংলাদেশ জাতীয়তাবাদী দল (বিএনপি),,Amendment,No,,Nazmul,,প্রথম ভাগ (প্রজাতন্ত্র)
অনুচ্ছেদ ৭খ (সংবিধানের মৌলিক বিধানাবলী সংশোধন অযোগ্য),,সংবিধানের মৌলিক বিধানাবলী সংশোধনে অযোগ্য হইবে - মর্মে এই অনুচ্ছেদ সংশোধন করে জনগণের সম্মিলিত মালিকানা ভিত্তিক রাষ্ট্র ও সংবিধানের মৌলিক মানবিক চরিত্র চিরঅক্ষুন্ন রেখে সংবিধানের যে কোন অনুচ্ছেদ জনগণের সম্মিলিত প্রমাণিত অভিসারে জনগণের প্রয়োজনে সংশোধন করা যাবে মর্মে প্রতিস্থাপিত হোক।,ইনসানিয়াত বিপ্লব বাংলাদেশ,,Amendment,No,,Nazmul,,প্রথম ভাগ (প্রজাতন্ত্র)
অনুচ্ছেদ ৭খ (সংবিধানের মৌলিক বিধানাবলী সংশোধন অযোগ্য),,"সরকারি বা জাতীয় সম্পদের অপব্যবহার, পাচার বা অবৈধ স্থানান্তর অর্থনৈতিক রাষ্ট্রদ্রোহ হিসেবে বিবেচিত হবে। এই ধরনের কর্মকাণ্ডকে সাংবিধানিক অপরাধ হিসেবে গণ্য করা হবে। পাচারকৃত সম্পদ পুনরুদ্ধার ও প্রত্যর্পণের জন্য প্রাতিষ্ঠানিক ব্যবস্থা গড়ে তোলা হবে",জাতীয় নাগরিক কমিটি,প্রতিরোধে,Amendment,No,,Nazmul,,প্রথম ভাগ (প্রজাতন্ত্র)
অনুচ্ছেদ ৭খ (সংবিধানের মৌলিক বিধানাবলী সংশোধন অযোগ্য),,"সংবিধানে সুস্পষ্টভাবে লিখিত থাকতে হবে বাংলাদেশে অবস্থিত শ্রমিক, কৃষক, খেত মুজুর, নিম্নবিত্ত, মধ্যবিত্ত ও জাতীয় ধনিক শ্রেণীর রাষ্ট্র। বাংলাদেশে অবস্থিত আন্তর্জাতিক ও অভ্যন্তরীণ অন্যান্য শ্রেণীর শোষণ ও আধিপত্য বিলোপ ও অবসান করতে হবে।",জাতীয় গণফ্রন্ট,,Addition,No,,Nazmul,,প্রথম ভাগ (প্রজাতন্ত্র)
অনুচ্ছেদ ৮ (মূলনীতিসমূহ),"৮। ৯[(১) জাতীয়তাবাদ, সমাজতন্ত্র, গণতন্ত্র ও (মূলনীতিসমূহ) ধর্মনিরপেক্ষতা - এই নীতিসমূহ এবং তৎসহ এই নীতিসমূহ হইতে উদ্ভূত এই ভাগে বর্ণিত অন্য সকল নীতি রাষ্ট্র পরিচালনার মূলনীতি বলিয়া পরিগণিত হইবে।] (২) এই ভাগে বর্ণিত নীতিসমূহ বাংলাদেশ - পরিচালনার মূলসূত্র হইবে, আইন - প্রণয়নকালে রাষ্ট্র তাহা প্রয়োগ করিবেন, এই সংবিধান ও বাংলাদেশের অন্যান্য আইনের ব্যাখ্যাদানের ক্ষেত্রে তাহা নিৰ্দেশক হইবে এবং তাহা রাষ্ট্র ও নাগরিকদের কার্যের ভিত্তি হইবে, তবে এই সকল নীতি আদালতের মাধ্যমে বলবৎযোগ্য হইবে না।",পঞ্চদশ সংশোধনীর মাধ্যমে রাষ্ট্র পরিচালনার মূলনীতি সমূহ সংশোধন করা হয়েছে - - - - পঞ্চদশ সংশোধনীর মাধ্যমে সংযোজিত অত্র অনুচ্ছেদ বাতিল করতে হবে।,বাংলাদেশ জাতীয়তাবাদী দল (বিএনপি),,Amendment,No,,Nazmul,"কমিশন সুপারিশ করছে যে, সংবিধানের মূলনীতি হিসেবে সাম্য, মানবিক মর্যাদা, সামাজিক সুবিচার, বহুত্ববাদ এবং গণতন্ত্র অন্তর্ভুক্ত করা হোক। ১৯৭১ সালে সাম্য, মানবিক মর্যাদা এবং সামাজিক সুবিচারের আদর্শ বাংলাদেশের মানুষকে স্বাধীনতা যুদ্ধে উদ্বুদ্ধ করেছিল। ২০২৪ সালে ফ্যাসিবাদী শাসনের বিরুদ্ধে গণতন্ত্র ও বৈষম্যহীনতার আদর্শ সাধারণ মানুষকে একতাবদ্ধ করেছিল। অধিকন্তু, সংবিধানের মূলনীতি হিসেবে বহুত্ববাদ অধিকতর অন্তর্ভুক্তিমূলক এবং ন্যায়সঙ্গত সমাজ গঠনে সহায়তা করে। বাংলাদেশের সমাজের বহুত্ববাদী চরিত্রকে ধারণ করে এমন একটি বিধান সংবিধানে যুক্ত করা সমীচীন। সুতরাং, কমিশন নিম্নোক্ত বিধান অন্তর্ভুক্তির সুপারিশ করছে - “বাংলাদেশ একটি বহুত্ববাদী, বহু - জাতি, বহু - ধর্মী, বহু - ভাষী ও বহু - সংস্কৃতির দেশ যেখানে সকল সম্প্রদায়ের সহাবস্থান ও যথাযথ মর্যাদা নিশ্চিত করা হবে।”",দ্বিতীয় ভাগ (রাষ্ট্র পরিচালনার মূলনীতি)
অনুচ্ছেদ ৮ (মূলনীতিসমূহ),,সর্বশক্তিমান সৃষ্টিকর্তা মহান আল্লাহর উপর পূর্ণ আস্থা ও বিশ্বাসই হবে রাষ্ট্র পরিচালনার সকল কাজের ভিত্তি।,ইসলামী আন্দোলন বাংলাদেশ,,Amendment,No,,Nazmul,,দ্বিতীয় ভাগ (রাষ্ট্র পরিচালনার মূলনীতি)
অনুচ্ছেদ ৮ (মূলনীতিসমূহ),,"সাম্য, মানবিক মর্যাদা ও সামাজিক সুবিচার এই তিনটি নীতিকে রাষ্ট্রের মূলনীতি হিসেবে অন্তর্ভুক্ত করতে হবে",গণঅধিকার পরিষদ (নুর),,Amendment,Yes,ভাসানী অনুসারী পরিষদ,Nazmul,,দ্বিতীয় ভাগ (রাষ্ট্র পরিচালনার মূলনীতি)
অনুচ্ছেদ ৮ (মূলনীতিসমূহ),,"সাম্য, মানবিক মর্যাদা ও সামাজিক সুবিচার এই তিনটি নীতিকে রাষ্ট্রের মূলনীতি হিসেবে অন্তর্ভুক্ত করতে হবে",ভাসানী অনুসারী পরিষদ,,Amendment,Yes,গণঅধিকার পরিষদ (নুর),Nazmul,,দ্বিতীয় ভাগ (রাষ্ট্র পরিচালনার মূলনীতি)
অনুচ্ছেদ ৮ (মূলনীতিসমূহ),,"সাম্য, মানবিক মর্যাদা, সামাজিক ন্যায় বিচার, সরকারের জবাবদিহিতা, ফ্যাসিবাদ ও আধিপত্যবাদ রহিতকরণ, অপশক্তি ও অপসংস্কৃতির বিলোপ, আদর্শ নাগরিক গড়া ও মনুষত্ত্ববোধ জাগ্রত করার লক্ষ্যে সুশিক্ষা প্রভৃতি বিষয় সংবিধানের মূলনীতিতে যুক্ত হবে।",ইসলামী আন্দোলন বাংলাদেশ,,Amendment,No,,Nazmul,,দ্বিতীয় ভাগ (রাষ্ট্র পরিচালনার মূলনীতি)
অনুচ্ছেদ ৮ (মূলনীতিসমূহ),,সংবিধানের দ্বিতীয় অধ্যায়ে ৮(১) অনুচ্ছেদে বর্ণিত রাষ্ট্রের যে চরিত্র বা মূলনীতি ঘোষিত হয়েছে তা আদালতের মাধ্যমে “ বলবৎযোগ্য” নয় বলে ৮(২) অনুচ্ছেদে বলা হয়েছে। ফলশ্রুতিতে “ মূলনীতি” পরিণত হয়েছে সরকারের বা নির্বাহী বিভাগের ইচ্ছাধীন বিষয় । এই ধারায় পরিবর্তন আনতে হবে।,জাতীয়তাবাদী গণতান্ত্রিক আন্দোলন (এনডিএম),,Amendment,No,,Nazmul,,দ্বিতীয় ভাগ (রাষ্ট্র পরিচালনার মূলনীতি)
অনুচ্ছেদ ৮ (মূলনীতিসমূহ),,সংবিধানের মূলনীতিতে চারটি স্তম্ভের মধ্যে সমাজতন্ত্রের পরিবর্তে সামাজিক ন্যায়বিচার ও সম্পদের সুষম বন্টন নিশ্চিত করা এবং ধর্মনিরপেক্ষতার পরিবর্তে সব মানুষের জন্য ধর্মীয় স্বাধীনতা নিশ্চিত করার কথাটি উল্লেখ করতে হবে।,১২ দলীয় জোট,,Amendment,No,,Nazmul,,দ্বিতীয় ভাগ (রাষ্ট্র পরিচালনার মূলনীতি)
অনুচ্ছেদ ৮ (মূলনীতিসমূহ),,"অনুচ্ছেদ ৮ (১) আল্লাহর প্রতি অবিচল আস্থা ও বিশ্বাস, জনগণের সক্রিয় অংশীদারিত্ব ও রাষ্ট্রের সর্বক্ষেত্রে জনপ্রতিনিধিত্ব নিশ্চিতকরণ এবং শোষণ - জুলুম - বৈষম্যমুক্ত সমাজ নির্মাণে এই নীতিসমূহ এবং তৎসহ এই নীতিসমূহ হইতে উদ্ভূত এই ভাগে বর্ণিত অন্য সকল নীতি রাষ্ট্র পরিচালনার মূলনীতি বলিয়া পরিগণিত হইবে'",খেলাফত মজলিস,,Amendment,No,,Nazmul,,দ্বিতীয় ভাগ (রাষ্ট্র পরিচালনার মূলনীতি)
অনুচ্ছেদ ৮ (মূলনীতিসমূহ),,"জাতীয়তাবাদ, গণতন্ত্র, অর্থনৈতিক ও সামাজিক ন্যায়বিচার, সর্বশক্তিমান আল্লাহর উপর পূর্ণ আস্থা ও বিশ্বাস এবং বহুসংস্কৃতিমূলক সমাজের সেই সকল আদর্শ হবে এই সংবিধানের মূলনীতি।",বাংলাদেশ জামায়াতে ইসলামী,,Amendment,No,,Nazmul,,দ্বিতীয় ভাগ (রাষ্ট্র পরিচালনার মূলনীতি)
অনুচ্ছেদ ৮ (মূলনীতিসমূহ),,"১৯৭১ সালের স্বাধীনতা যুদ্ধের ঘোষণাপত্রে বর্ণিত ‘বাংলাদেশের জনগণের জন্য সাম্য, মানবিক মর্যাদা ও সামাজিক ন্যায়বিচার প্রতিষ্ঠা করা'র লক্ষ্যের আলোকে ২০২৪ সালের ছাত্র - শ্রমিক - জনতার গণঅভ্যুত্থানের জন - আকাঙ্ক্ষাকে ধারণ করে একটি বৈষম্যহীন গণতান্ত্রিক রাষ্ট্র প্রতিষ্ঠা হবে বাংলাদেশের সংবিধান ও রাষ্ট্র পরিচালনার মূলনীতি।",গণসংহতি আন্দোলন,,Amendment,No,,Nazmul,,দ্বিতীয় ভাগ (রাষ্ট্র পরিচালনার মূলনীতি)
অনুচ্ছেদ ৮ (মূলনীতিসমূহ),,"দেশ পরিচালনার মূলনীতি: সাম্য, মানবিক মর্যাদা এবং ইনসাফ।",আমার বাংলাদেশ পার্টি (এবি পার্টি),,Amendment,No,,Nazmul,,দ্বিতীয় ভাগ (রাষ্ট্র পরিচালনার মূলনীতি)
অনুচ্ছেদ ৮ (মূলনীতিসমূহ),,"মুক্তিযুদ্ধের চেতনা ও '২৪ এর গণ অভ্যুত্থানের আকাঙ্খা অনুযায়ী বৈষম্যহীন বাংলাদেশ প্রতিষ্ঠা এবং ফ্যাসিবাদী দুঃশাসন পুনরুত্থান রোদে বর্তমান সংবিধানে লিপিবদ্ধ মুক্তিযুদ্ধের ঘোষণায় বলা সাম্য, মানবিক মর্যাদা, সামাজি সুবিচারের অঙ্গীকার এবং রাষ্ট্রীয় মূলনীতি হিসাবে গণতন্ত্র, সমাজতন্ত্র, ধর্মনিরপেক্ষতা এবং সাম্রাজ্যবাদের কবল মুক্ত স্বাধীন জাতীয় বিকাশের অর্থে জাতীয়তাবাদ অক্ষুন্ন রাখার প্রস্তাব করছি।",বাংলাদেশের সমাজতান্ত্রিক দল (বাসদ),,Amendment,No,,Nazmul,,দ্বিতীয় ভাগ (রাষ্ট্র পরিচালনার মূলনীতি)
অনুচ্ছেদ ৮ (মূলনীতিসমূহ),,"সাম্য, মানবিক মর্যাদা, সামাজিক ন্যায়বিচার, নাগরিক অধিকার, গণতন্ত্র",জাতীয় নাগরিক কমিটি,,Amendment,No,,Nazmul,,দ্বিতীয় ভাগ (রাষ্ট্র পরিচালনার মূলনীতি)
অনুচ্ছেদ ৮ (মূলনীতিসমূহ),,মূলনীতির ক্ষেত্রে আদিবিধানের ৪ - নীতি বহাল রাখা,বাংলাদেশের কমিউনিস্ট পার্টি,,Amendment,No,,Nazmul,,দ্বিতীয় ভাগ (রাষ্ট্র পরিচালনার মূলনীতি)
অনুচ্ছেদ ৮ (মূলনীতিসমূহ),,সংবিধানে গণসার্বভৌমত্বের স্বীকৃতি থাকতে হবে,জাতীয় নাগরিক কমিটি,,Amendment,No,,Nazmul,,দ্বিতীয় ভাগ (রাষ্ট্র পরিচালনার মূলনীতি)
অনুচ্ছেদ ৮ (মূলনীতিসমূহ),,"জাতীয়তাবাদ ও সমাজতন্ত্র এই দুই শব্দ বাতিল করে যথাক্রমে ধর্মের মৌলিক সত্য ও মানবিক মূল্যবোধ, জনগণের রাষ্ট্রীয় মালিকানা, জীবনের স্বাধীনতা ও বৈষম্যমুক্ত মানবধিকার নীতিমালা ও শব্দে প্রতিস্থাপিত হোক। উপরোক্ত সংশোধনীয় আলোকে অনুচ্ছেদ - ৯ ও অনুচ্ছেদ - ১০ রহিত ও অনুচ্ছেদ - ১২ সংশোধিত হোক।",ইনসানিয়াত বিপ্লব বাংলাদেশ,,Amendment,No,,Nazmul,,দ্বিতীয় ভাগ (রাষ্ট্র পরিচালনার মূলনীতি)
অনুচ্ছেদ ৮ (মূলনীতিসমূহ),,"(১) সাম্য, মানবিক মর্যাদা এবং সামাজিক ন্যায়বিচার - এই নীতিসমূহ এবং তৎসহ এই নীতিসমূহ হইতে উদ্ভূত এই ভাগে বর্ণিত অন্য সকল নীতি রাষ্ট্র পরিচালনার মূল নির্দেশনা বলিয়া পরিগণিত হইবে। (২) এই ভাগে বর্ণিত নীতিসমূহ বাংলাদেশ পরিচালনার মূলসূত্র হইবে, আইন প্রণয়নকালে রাষ্ট্র তাহা প্রয়োগ করিবেন, এই সংবিধান ও বাংলাদেশের অন্যান্য আইনের ব্যাখ্যাদানের ক্ষেত্রে তাহা নির্দেশক হইবে এবং তাহা রাষ্ট্র ও নাগরিকদের কার্যের ভিত্তি হইবে।",রাষ্ট্র সংস্কার আন্দোলন,,Amendment,No,,Nazmul,,দ্বিতীয় ভাগ (রাষ্ট্র পরিচালনার মূলনীতি)
অনুচ্ছেদ ৮ (মূলনীতিসমূহ),,"‘সাম্য, মানবিক মর্যাদা ও সামাজিক ন্যায় বিচার' রাষ্ট্রীয় মূলনীতি ঘোষণা করতে হবে",জাতীয় পার্টি (কাজী জাফর),,Amendment,No,,Nazmul,,দ্বিতীয় ভাগ (রাষ্ট্র পরিচালনার মূলনীতি)
অনুচ্ছেদ ৯ (জাতীয়তাবাদ),"১০[৯। ভাষাগত ও সংস্কৃতিগত একক সত্তাবিশিষ্ট যে বাঙালী জাতি ঐক্যবদ্ধ ও সংকল্পবদ্ধ সংগ্রাম করিয়া জাতীয় মুক্তিযুদ্ধের মাধ্যমে বাংলাদেশের স্বাধীনতা ও সার্বভৌমত্ব অর্জন করিয়াছেন, সেই বাঙালী জাতির ঐক্য ও সংহতি হইবে বাঙালী জাতীয়তাবাদের ভিত্তি।]","ভাষাগত ও সংস্কৃতিগত একক সত্তাবিশিষ্ট যে বাঙালী জাতি ঐক্যবদ্ধ ও সংকল্পবদ্ধ সংগ্ৰাম করিয়া জাতীয় মুক্তিযুদ্ধের মাধ্যমে বাংলাদেশের স্বাধীনতা ও সার্বভৌমত্ব অর্জন করিয়াছেন, সেই বাঙালী জাতির ঐক্য ও সংহতি হইবে বাঙালী জাতীয়তাবাদের ভিত্তি। পঞ্চদশ সংশোধনীর মাধ্যমে অত্র অনুচ্ছেদটি সংশোধন করা হয়েছে। - - - পঞ্চদশ সংশোধনীর মাধ্যমে আনীত পরিবর্তন বাতিল করতে হবে।",বাংলাদেশ জাতীয়তাবাদী দল (বিএনপি),,Amendment,No,,Nazmul,"কমিশন রাষ্ট্র পরিচালনার মূলনীতি হিসেবে ধর্মনিরপেক্ষতা, সমাজতন্ত্র এবং জাতীয়তাবাদ এবং এর সংশ্লিষ্ট সংবিধানের ৮, ৯, ১০ ও ১২ অনুচ্ছেদগুলি বাদ দেয়ার সুপারিশ করছে। বিদ্যমান সংবিধানে ‘জাতীয়তাবাদ’ কেবলমাত্র একটি নির্দিষ্ট জাতিগোষ্ঠীর ‘ভাষা ও সংস্কৃতি’ - কে গুরুত্ব দেয় যার ফলে অন্যান্য জনগোষ্ঠী প্রান্তিকীকরণের শিকার হয়। সমাজতন্ত্র বর্তমানে বৈশ্বিক এবং জাতীয় প্রেক্ষাপটে অনেকটাই অপ্রাসঙ্গিক হয়ে পড়েছে। এছাড়াও, বাংলাদেশে ধর্মনিরপেক্ষতার ধারণাটি সমাজ ও রাষ্ট্রে বিভক্তি ও বিভ্রান্তি সৃষ্টি করে এবং অতীতে ফ্যাসিবাদী শাসনের আদর্শিক ভিত্তি হিসেবে কাজ করেছে। এটি বাংলাদেশের বিদ্যমান বহুত্ববাদী সমাজের ধারনার সাথে সামঞ্জস্যপূর্ণ নয়।",দ্বিতীয় ভাগ (রাষ্ট্র পরিচালনার মূলনীতি)
অনুচ্ছেদ ৯ (জাতীয়তাবাদ),,‘বাঙালি জাতি' প্রথম বাক্যের এই শব্দগুলোর পর যুক্ত হবে ‘ও অন্যান্য জাতি গোষ্ঠি’ এবং “সেই বাঙালি” শব্দগুলোর পর “... ও অপরাপর জাতি গোষ্ঠির” শব্দগুলো যুক্ত হবে।,বাংলাদেশের কমিউনিস্ট পার্টি,,Amendment,No,,Nazmul,,দ্বিতীয় ভাগ (রাষ্ট্র পরিচালনার মূলনীতি)
অনুচ্ছেদ ৯ (জাতীয়তাবাদ),,"জাতীয়তাবাদ। ভাষাগত ও সংস্কৃতিগত একক সত্তাবিশিষ্ট যে বাঙালি জাতি ঐক্যবদ্ধ ও সংকল্পবদ্ধ সংগ্রাম করিয়া জাতীয় মুক্তিযুদ্ধের মাধ্যমে বাংলাদেশের স্বাধীনতা ও সার্বভৌমত্ব অর্জন করিয়াছেন, সেই বাঙালি জাতির ঐক্য ও সংহতি হইবে বাঙালি জাতীয়তাবাদের ভিত্তি। এই ৯ অনুচ্ছেদ সম্পূর্ণ বাদ দিতে হবে।",১২ দলীয় জোট,,Amendment,No,,Nazmul,,দ্বিতীয় ভাগ (রাষ্ট্র পরিচালনার মূলনীতি)
অনুচ্ছেদ ৯ (জাতীয়তাবাদ),,স্বাধীনতা - সর্বভৌমত্ত্ব ও রাষ্ট্রীয় অখণ্ডতা রক্ষায় জাতীয় ঐক্য প্রতিষ্ঠা করতে হবে।,ইসলামী আন্দোলন বাংলাদেশ,,Amendment,Yes,জাতীয় নাগরিক ঐক্য,Nazmul,,দ্বিতীয় ভাগ (রাষ্ট্র পরিচালনার মূলনীতি)
অনুচ্ছেদ ৯ (জাতীয়তাবাদ),,স্বাধীনতা - সর্বভৌমত্ত্ব ও রাষ্ট্রীয় অখণ্ডতা রক্ষায় জাতীয় ঐক্য প্রতিষ্ঠা করতে হবে।,জাতীয় নাগরিক ঐক্য,,Amendment,Yes,ইসলামী আন্দোলন বাংলাদেশ,Nazmul,,দ্বিতীয় ভাগ (রাষ্ট্র পরিচালনার মূলনীতি)
অনুচ্ছেদ ৯ (জাতীয়তাবাদ),,"সত্তাবিশিষ্ট যে বাঙালি জাতি ঐক্যবদ্ধ ও সংকল্পবদ্ধ সংগ্রাম করিয়া জাতীয় মুক্তিযুদ্ধের মাধ্যমে বাংলাদেশের স্বাধীনতা ও সার্বভৌমত্ব অর্জন করিয়াছেন, সেই বাঙালি জাতির ঐক্য ও সংহতি হইবে বাঙালি জাতীয়তাবাদের ভিত্তি। - - ‘একক’ শব্দের পরিবর্তে ‘প্রধান’ লিখতে হবে। ‘যে বাঙালি জাতি’ এর স্থলে ‘বাংলাদেশের ভূখন্ডে বসবাসরত অন্যান্য জাতিস্বত্ত্বাসমূহ’ লিখতে হবে এবং ‘বাঙালির’ পরিবর্তে ‘সকল জাতির ঐক্য' লিখতে হবে",বাংলাদেশের জাতীয় সমাজতান্ত্রিক দল (বাংলাদেশ জাসদ),,Amendment,No,,Nazmul,,দ্বিতীয় ভাগ (রাষ্ট্র পরিচালনার মূলনীতি)
অনুচ্ছেদ ৯ (জাতীয়তাবাদ),,সংবিধানের দ্বিতীয় অধ্যায়ে বর্ণিত “জাতীয়তাবাদ” এর ব্যাখ্যা পরিবর্তন করে বাংলাদেশি জাতীয়তাবাদ” অন্তর্ভূক্ত করতে হবে,জাতীয়তাবাদী গণতান্ত্রিক আন্দোলন (এনডিএম),,Amendment,No,,Nazmul,,দ্বিতীয় ভাগ (রাষ্ট্র পরিচালনার মূলনীতি)
অনুচ্ছেদ ৯ (জাতীয়তাবাদ),,অনুচ্ছেদ ৯ বাতিল করা হোক,বাংলাদেশ জামায়াতে ইসলামী,,Amendment,Yes,রাষ্ট্র সংস্কার আন্দোলন,Nazmul,,দ্বিতীয় ভাগ (রাষ্ট্র পরিচালনার মূলনীতি)
অনুচ্ছেদ ৯ (জাতীয়তাবাদ),,অনুচ্ছেদ ৯ বাতিল করা হোক,রাষ্ট্র সংস্কার আন্দোলন,,Amendment,Yes,বাংলাদেশ জামায়াতে ইসলামী,Nazmul,,দ্বিতীয় ভাগ (রাষ্ট্র পরিচালনার মূলনীতি)
অনুচ্ছেদ ৯ (জাতীয়তাবাদ),,পরিচয়: বাংলাদেশ রাষ্ট্রে বসবাসরত সকল নাগরিক বাংলাদেশী হিসেবে পরিচিত হবেন। তবে সকল নৃতাত্ত্বিক জাতিগোষ্ঠী তাদের ভাষা ধর্ম ও জীবনাচরনকে লালন এবং সংরক্ষনের পূর্ন স্বাধীনতা ভোগ করবেন।,আমার বাংলাদেশ পার্টি (এবি পার্টি),,Amendment,No,,Nazmul,,দ্বিতীয় ভাগ (রাষ্ট্র পরিচালনার মূলনীতি)
অনুচ্ছেদ ১০ (সমাজতন্ত্র ও শোষণমুক্তি),১১[১০।মানুষের উপর মানুষের শোষণ হইতে মুক্ত ন্যায়ানুগ ও সাম্যবাদী সমাজলাভ নিশ্চিত করিবার উদ্দেশ্যে সমাজতান্ত্রিক অর্থনৈতিক ব্যবস্থা প্রতিষ্ঠা করা হইবে।],মানুষের উপর মানুষের শোষণ হইতে মুক্ত ন্যায়ানুগ ও সাম্যবাদী সমাজলাভ নিশ্চিত করিবার উদ্দেশ্যে সমাজতান্ত্রিক অর্থনৈতিক ব্যবস্থা প্রতিষ্ঠা করা হইবে। পঞ্চদশ সংশোধনীর মাধ্যমে অত্র অনুচ্ছেদটি সংশোধন করা হয়েছে। - - - পঞ্চদশ সংশোধনীর মাধ্যমে আনীত পরিবর্তন বাতিল করতে হবে।,বাংলাদেশ জাতীয়তাবাদী দল (বিএনপি),,Amendment,No,,Nazmul,"কমিশন রাষ্ট্র পরিচালনার মূলনীতি হিসেবে ধর্মনিরপেক্ষতা, সমাজতন্ত্র এবং জাতীয়তাবাদ এবং এর সংশ্লিষ্ট সংবিধানের ৮, ৯, ১০ ও ১২ অনুচ্ছেদগুলি বাদ দেয়ার সুপারিশ করছে। বিদ্যমান সংবিধানে ‘জাতীয়তাবাদ’ কেবলমাত্র একটি নির্দিষ্ট জাতিগোষ্ঠীর ‘ভাষা ও সংস্কৃতি’ - কে গুরুত্ব দেয় যার ফলে অন্যান্য জনগোষ্ঠী প্রান্তিকীকরণের শিকার হয়। সমাজতন্ত্র বর্তমানে বৈশ্বিক এবং জাতীয় প্রেক্ষাপটে অনেকটাই অপ্রাসঙ্গিক হয়ে পড়েছে। এছাড়াও, বাংলাদেশে ধর্মনিরপেক্ষতার ধারণাটি সমাজ ও রাষ্ট্রে বিভক্তি ও বিভ্রান্তি সৃষ্টি করে এবং অতীতে ফ্যাসিবাদী শাসনের আদর্শিক ভিত্তি হিসেবে কাজ করেছে। এটি বাংলাদেশের বিদ্যমান বহুত্ববাদী সমাজের ধারনার সাথে সামঞ্জস্যপূর্ণ নয়।",দ্বিতীয় ভাগ (রাষ্ট্র পরিচালনার মূলনীতি)
অনুচ্ছেদ ১০ (সমাজতন্ত্র ও শোষণমুক্তি),,"জাতি, ধর্ম, বর্ণ, ভাষা, লিঙ্গীয় পরিচয়, জীবনচর্চা ও শ্রেণী নির্বিশেষে সকল নাগরিকের অর্থনৈতিক রাজনৈতিক ও সাংস্কৃতিক মর্যাদা, অধিকার ও সুযোগের সমতার সাংবিধানিক নিশ্চয়তা। দেশের সমস্ত অর্থনৈতিক ও ব্যবস্থাপনাগত আয়োজনে প্রাণ প্রকৃতির সুরক্ষার নিশ্চয়তা।",গণসংহতি আন্দোলন,,Amendment,No,,Nazmul,,দ্বিতীয় ভাগ (রাষ্ট্র পরিচালনার মূলনীতি)
অনুচ্ছেদ ১০ (সমাজতন্ত্র ও শোষণমুক্তি),,"ধর্ম - বর্ণ, লিঙ্গ, জাতিসত্তার মধ্যে বৈষম্য করা চলবে না।",বাংলাদেশের সমাজতান্ত্রিক দল (বাসদ),,Amendment,No,,Nazmul,,দ্বিতীয় ভাগ (রাষ্ট্র পরিচালনার মূলনীতি)
অনুচ্ছেদ ১০ (সমাজতন্ত্র ও শোষণমুক্তি),,অনুচ্ছেদ ১০ বাতিল করা হোক,বাংলাদেশ জামায়াতে ইসলামী,,Amendment,Yes,রাষ্ট্র সংস্কার আন্দোলন,Nazmul,,দ্বিতীয় ভাগ (রাষ্ট্র পরিচালনার মূলনীতি)
অনুচ্ছেদ ১০ (সমাজতন্ত্র ও শোষণমুক্তি),,অনুচ্ছেদ ১০ বাতিল করা হোক,রাষ্ট্র সংস্কার আন্দোলন,,Amendment,Yes,বাংলাদেশ জামায়াতে ইসলামী,Nazmul,,দ্বিতীয় ভাগ (রাষ্ট্র পরিচালনার মূলনীতি)
অনুচ্ছেদ ১০ (সমাজতন্ত্র ও শোষণমুক্তি),,‘শোষণ - জুলুম - বৈষম্যমুক্ত সমাজ ও অর্থনৈতিক ব্যবস্থা কায়েমের লক্ষ্যে প্রয়োজনীয় পদক্ষেপ নেয়া হবে',খেলাফত মজলিস,,Amendment,No,,Nazmul,,দ্বিতীয় ভাগ (রাষ্ট্র পরিচালনার মূলনীতি)
অনুচ্ছেদ ১০ (সমাজতন্ত্র ও শোষণমুক্তি),,[১০। মানুষের উপর হইতে মানুষের শোষণ বিলোপ করা হইবে এবং শোষণ ও বৈষম্যমুক্ত ন্যায়নুগ ও সাম্যপূর্ণ মানবিক সমাজলাভ নিশ্চিত করিবার উদ্দেশ্য ভারসাম্যপূর্ণ ও ইনসাফ ভিত্তিক অর্থনৈতিক ব্যবস্থা প্রতিষ্ঠা করা হইবে। ইসলামী অর্থনীতি হবে এই অর্থ ব্যবস্থার অন্যতম ভিত্তি],খেলাফত মজলিস,,Amendment,No,,Nazmul,,দ্বিতীয় ভাগ (রাষ্ট্র পরিচালনার মূলনীতি)
অনুচ্ছেদ ১০ (সমাজতন্ত্র ও শোষণমুক্তি),,"বাংলাদেশ হচ্ছে মানুষের এক অনন্য সমন্বয়, যেখানে বিভিন্ন পরিবার, অঞ্চল, ভাষা, সংস্কৃতি ও ধর্ম - বর্ণের মানুষের মিলন ঘটেছে। এই বৈচিত্র্যময় সমাজে, বিভিন্ন জাতি, ধর্ম, বর্ণ, ও মতবাদের মধ্যে ঐক্যবদ্ধ হয়ে কাজ করার আদর্শই হচ্ছে একটি অধিকার ও ন্যায়ভিত্তিক রাষ্ট্রের নিশ্চয়তা। কাজেই, রাষ্ট্রকে তত্ত্ব ও মতাদর্শিক বিভাজনের উর্ধ্বে উঠে উদার গণতন্ত্র ও অধিকারভিত্তিক হতে হবে।",আমার বাংলাদেশ পার্টি (এবি পার্টি),,Amendment,No,,Nazmul,,দ্বিতীয় ভাগ (রাষ্ট্র পরিচালনার মূলনীতি)
অনুচ্ছেদ ১০ (সমাজতন্ত্র ও শোষণমুক্তি),,"সাম্য: রাষ্ট্রের প্রত্যেক নাগরিক জাতি, বর্ণ, লিঙ্গ, ভাষা, ধর্ম, রাজনৈতিক বা অন্যান্য মতামত, সম্পত্তি, জন্ম বা সামাজিক পদমর্যাদা নির্বিশেষে রাষ্ট্রীয় সম্পদ ব্যবহারের এবং রাষ্ট্রীয় সেবা ও সহায়তা পাইবার সমান অধিকার উপভোগ করিবেন",রাষ্ট্র সংস্কার আন্দোলন,,Amendment,No,,Nazmul,,দ্বিতীয় ভাগ (রাষ্ট্র পরিচালনার মূলনীতি)
অনুচ্ছেদ ১১ (গণতন্ত্র ও মানবাধিকার),"১১। প্রজাতন্ত্র হইবে একটি গণতন্ত্র, যেখানে মৌলিক মানবাধিকার ও স্বাধীনতার নিশ্চয়তা থাকিবে, মানবসত্তার মর্যাদা ও মূল্যের প্রতি শ্রদ্ধাবোধ নিশ্চিত হইবে ১২[* * *] ১৩[এবং প্রশাসনের সকল পর্যায়ে নির্বাচিত প্রতিনিধিদের মাধ্যমে জনগণের কার্যকর অংশগ্রহণ নিশ্চিত হইবে।","রাষ্ট্রের বিভিন্ন প্রতিষ্ঠানের মধ্যে ভারসাম্য প্রতিষ্ঠা, রাষ্ট্র কর্তৃক জাতিসংঘ ঘোষিত সকল মানবাধিকার ও সামাজিক - অর্থনৈতিক অধিকার বাস্তবায়ন রাষ্ট্র কর্তৃক বাধ্যতামূলক করা, বিচার বিভাগের পূর্ণ স্বাধীনতা, নির্দিষ্ট সময়সীমা বেঁধে নিয়ে সামাজিক - অর্থনৈতিকসহ সকল বৈষম্য বিলোপ করা, কাজ অনুযায়ী মজুরীর প্রাপ্যতা নিশ্চিত করা।",বাংলাদেশের জাতীয় সমাজতান্ত্রিক দল (বাংলাদেশ জাসদ),,Amendment,No,,Nazmul,"কমিশন সুপারিশ করছে যে, বিদ্যমান সংবিধানের অনুচ্ছেদ ১৩ (মালিকানার নীতি), ১৫ (মৌলিক প্রয়োজনের ব্যবস্থা), ১৭ (অবতৈনিক ও বাধ্যতামূলক শিক্ষা), ১৮ (জনস্বাস্থ্য ও নৈতিকতা), ১৮ক (পরিবেশ ও জীববৈচিত্র্য সংরক্ষণ এবং উন্নয়ন), ১৯ (সুযোগের সমতা), ২০ (অধিকার ও কর্তব্যরূপে কর্ম), ২৩ (জাতীয় সংস্কৃতি), ২৩ক (উপজাতি, ক্ষুদ্র জাতিসত্তা, নৃ - গোষ্ঠী ও সম্প্রদায়ের সংস্কৃতি) এবং ২৪ (জাতীয় স্মৃতিনিদর্শন প্রভৃতি) বিলুপ্ত করা হোক। এই বিধানগুলো প্রস্তাবিত ‘মৌলিক অধিকার ও স্বাধীনতা' শিরোনামের অধীনে বলবৎযোগ্য অধিকার হিসেবে অন্তর্ভুক্ত করা হয়েছে। উপরোক্ত সুপারিশের পরিপ্রেক্ষিতে সংবিধানের দ্বিতীয় ভাগের অনুচ্ছেদ ১১, ১৪, ১৬, ২১, ২২ ও ২৫ তাদের বর্তমান রূপে সংবিধানের পুনর্বিন্যস্ত প্রথম ভাগে অন্তর্ভুক্ত করার সুপারিশ করা হলো।",দ্বিতীয় ভাগ (রাষ্ট্র পরিচালনার মূলনীতি)
অনুচ্ছেদ ১১ (গণতন্ত্র ও মানবাধিকার),,"রাষ্ট্রের সকল অঙ্গ মানবাধিকার রক্ষায় সক্রিয় দায়িত্ব পালন করা, মানবাধিকার কমিশনকে শক্তিশালী করা, একে বিচার বিভাগের অংশ বিবেচনা করে নির্বাহী বিভাগ থেকে স্বাধীন করা",বাংলাদেশের জাতীয় সমাজতান্ত্রিক দল (বাংলাদেশ জাসদ),,Amendment,No,,Nazmul,,দ্বিতীয় ভাগ (রাষ্ট্র পরিচালনার মূলনীতি)
অনুচ্ছেদ ১১ (গণতন্ত্র ও মানবাধিকার),,আন্তর্জাতিক আইন অনুযায়ী মৌলিক অধিকারের সুরক্ষা জোরদার করতে হবে। মানবাধিকার লঙ্ঘনের বিরুদ্ধে কার্যকরভাবে ব্যবস্থা গ্রহণের ব্যবস্থা করতে হবে।,জাতীয়তাবাদী সমমনা জোট,,Amendment,No,,Nazmul,,দ্বিতীয় ভাগ (রাষ্ট্র পরিচালনার মূলনীতি)
অনুচ্ছেদ ১১ (গণতন্ত্র ও মানবাধিকার),,"জনগণতন্ত্র হইবে একটি গণতান্ত্রিক মূল্যবোধে পরিচলিত রাষ্ট্র, যাহার সল কার্যক্রম আইনের দ্বারা সুসংহত ও পরিচালিত সর্বজনীন মানবাধিকার এবং ব্যক্তি ও বাকস্বাধীনতা রক্ষায় সচেষ্ট, মানবসত্তার মর্যাদা ও মানব জীবনের মূল্যের প্রতি শ্রদ্ধাশীল এবং প্রশাসনের সকল পর্যায়ে নির্বাচিত প্রতিনিধিদে মাধ্যমে জনগণের কার্যকর অংশগ্রহণ দ্বারা পরিচালিত।",রাষ্ট্র সংস্কার আন্দোলন,,Amendment,No,,Nazmul,,দ্বিতীয় ভাগ (রাষ্ট্র পরিচালনার মূলনীতি)
অনুচ্ছেদ ১১ (গণতন্ত্র ও মানবাধিকার),,"মানবিক মর্যাদা: প্রতিটি মানুষ মর্যাদাপূর্ণ আচরণ পাইবার অলঙ্ঘনীয় অধিকার লইয়া জন্মগ্রহণ করেন। এই মূলনীতিকে প্রতিটি আইন ও কার্যবিধিতে, প্রশাসনিক কর্মে জারি রাখা রাষ্ট্রের একটি মৌলিক দায়িত্ব। কোনো ব্যক্তি বা প্রতিষ্ঠান যাতে নাগরিকের এই মৌলিক অধিকারকে খর্ব করতে না পারে সেটা নিশ্চিত করা রাষ্ট্রের পবিত্র দায়িত্ব।",রাষ্ট্র সংস্কার আন্দোলন,,Amendment,No,,Nazmul,,দ্বিতীয় ভাগ (রাষ্ট্র পরিচালনার মূলনীতি)
অনুচ্ছেদ ১২ (ধর্ম নিরপেক্ষতা ও ধর্মীয় স্বাধীনতা),"১৪[১২। ধর্ম নিরপেক্ষতা নীতি বাস্তবায়নের জন্য (ক) সর্ব প্রকার সাম্প্রদায়িকতা, (খ) রাষ্ট্র কর্তৃক কোন ধর্মকে রাজনৈতিক মর্যাদা দান, (গ) রাজনৈতিক উদ্দেশ্যে ধর্মীয় অপব্যবহার, (ঘ) কোন বিশেষ ধর্ম পালনকারী ব্যক্তির প্রতি বৈষম্য বা তাহার উপর নিপীড়ন, বিলোপ করা হইবে।]",পঞ্চদশ সংশোধনীর মাধ্যমে অত্র অনুচ্ছেদটি সংশোধন করা হয়েছে। - - - পঞ্চদশ সংশোধনীর মাধ্যমে আনীত পরিবর্তন বাতিল করতে হবে।,বাংলাদেশ জাতীয়তাবাদী দল (বিএনপি),,Amendment,No,,Nazmul,"কমিশন রাষ্ট্র পরিচালনার মূলনীতি হিসেবে ধর্মনিরপেক্ষতা, সমাজতন্ত্র এবং জাতীয়তাবাদ এবং এর সংশ্লিষ্ট সংবিধানের ৮, ৯, ১০ ও ১২ অনুচ্ছেদগুলি বাদ দেয়ার সুপারিশ করছে। বিদ্যমান সংবিধানে ‘জাতীয়তাবাদ’ কেবলমাত্র একটি নির্দিষ্ট জাতিগোষ্ঠীর ‘ভাষা ও সংস্কৃতি’ - কে গুরুত্ব দেয় যার ফলে অন্যান্য জনগোষ্ঠী প্রান্তিকীকরণের শিকার হয়। সমাজতন্ত্র বর্তমানে বৈশ্বিক এবং জাতীয় প্রেক্ষাপটে অনেকটাই অপ্রাসঙ্গিক হয়ে পড়েছে। এছাড়াও, বাংলাদেশে ধর্মনিরপেক্ষতার ধারণাটি সমাজ ও রাষ্ট্রে বিভক্তি ও বিভ্রান্তি সৃষ্টি করে এবং অতীতে ফ্যাসিবাদী শাসনের আদর্শিক ভিত্তি হিসেবে কাজ করেছে। এটি বাংলাদেশের বিদ্যমান বহুত্ববাদী সমাজের ধারনার সাথে সামঞ্জস্যপূর্ণ নয়। - - - - - মৌলিক অধিকার ও স্বাধীনতা ১৪. কমিশন সুপারিশ করছে যে, সংবিধানে একটি বিস্তারিত বিধান অন্তর্ভুক্ত করা হোক, যা অন্যান্য ধর্মের প্রতি শ্রদ্ধাশীল থেকে প্রকাশ্যে বা ব্যক্তিগতভাবে, এককভাবে বা সমষ্টিগতভাবে ধর্ম পালন, প্রচার, প্রসার এবং প্রকাশ করার অধিকার নিশ্চিত করবে।",দ্বিতীয় ভাগ (রাষ্ট্র পরিচালনার মূলনীতি)
অনুচ্ছেদ ১২ (ধর্ম নিরপেক্ষতা ও ধর্মীয় স্বাধীনতা),,সংবিধানের দ্বিতীয় ভাগের ১২ (গ) অনুচ্ছেদ সংগঠন করার স্বাধীনতার পথে প্রতিবন্ধকতা বিধায় বাতিল করতে হবে।,জাতীয়তাবাদী গণতান্ত্রিক আন্দোলন (এনডিএম),,Amendment,No,,Nazmul,,দ্বিতীয় ভাগ (রাষ্ট্র পরিচালনার মূলনীতি)
অনুচ্ছেদ ১২ (ধর্ম নিরপেক্ষতা ও ধর্মীয় স্বাধীনতা),,অনুচ্ছেদ ১২ বাতিল করতে হবে,বাংলাদেশ জামায়াতে ইসলামী,,Amendment,Yes,রাষ্ট্র সংস্কার আন্দোলন,Nazmul,,দ্বিতীয় ভাগ (রাষ্ট্র পরিচালনার মূলনীতি)
অনুচ্ছেদ ১২ (ধর্ম নিরপেক্ষতা ও ধর্মীয় স্বাধীনতা),,অনুচ্ছেদ ১২ বাতিল করতে হবে,রাষ্ট্র সংস্কার আন্দোলন,,Amendment,Yes,বাংলাদেশ জামায়াতে ইসলামী,Nazmul,,দ্বিতীয় ভাগ (রাষ্ট্র পরিচালনার মূলনীতি)
অনুচ্ছেদ ১২ (ধর্ম নিরপেক্ষতা ও ধর্মীয় স্বাধীনতা),,সংবিধানের মুলনীতি থেকে ধর্মনিরপেক্ষতা ও সমাজতন্ত্র বাদ দিয়ে ধর্মীয় মূল্যবোধ সংযোজন করতে হবে ।,বাংলাদেশ লেবার পার্টি,,Amendment,No,,Nazmul,,দ্বিতীয় ভাগ (রাষ্ট্র পরিচালনার মূলনীতি)
অনুচ্ছেদ ১২ (ধর্ম নিরপেক্ষতা ও ধর্মীয় স্বাধীনতা),,"ক. রাষ্ট্রের সকল ধর্মাবলম্বীর স্বাধীনভাবে স্ব স্ব ধর্ম পালনের অধিকার থাকবে। খ. ধর্মীয়, ভাষাগত ও বর্ণগত যাবতীয় বিদ্বেষ ও ঘৃণা এবং বৈষম্য পরিহার করতে হবে। গ. কোন বিশেষ ধর্মপালনকারী ব্যক্তির প্রতি বৈষম্য বা তার উপর নিপীড়ন বিলোপ করা হবে।” এই অনুচ্ছেদটি প্রতিস্থাপিত হবে ।",খেলাফত মজলিস,,Amendment,No,,Nazmul,,দ্বিতীয় ভাগ (রাষ্ট্র পরিচালনার মূলনীতি)
অনুচ্ছেদ ১২ (ধর্ম নিরপেক্ষতা ও ধর্মীয় স্বাধীনতা),,রাজনীতিতে ধর্মের ব্যবহার নিষিদ্ধ করা,বাংলাদেশের কমিউনিস্ট পার্টি,,Amendment,No,,Nazmul,,দ্বিতীয় ভাগ (রাষ্ট্র পরিচালনার মূলনীতি)
অনুচ্ছেদ ১২ (ধর্ম নিরপেক্ষতা ও ধর্মীয় স্বাধীনতা),,"সামাজিক ন্যায়বিচার: সকল ব্যক্তি স্বার্থ, বিশেষ করিয়া প্রান্তিকগোষ্ঠির সদস্যদের ব্যক্তিস্বার্থ বিষয়ে যে সব সিদ্ধান্ত তাহাদের জীবনকে প্রভাবিত করে, বিশেষকরে সেই সিদ্ধান্ত গ্রহণের প্রক্রিয়াতে তাহাদের মতামত রাখিবার ব্যবস্থা নিশ্চিত করিবে। শাসন ব্যবস্থা, অবকাঠামো এবং প্রশাসনিক কাঠামো পরিকল্পনা, পুনর্গঠন ও বাস্তবায়নের সময় গোষ্ঠি স্বার্থের বৈচিত্রের বিষয়টি বিবেচনায় রাখিবে। I আন্তর্জাতিক মানবাধিকার ঘোষণাপত্রে বর্ণিত প্রতিটি ব্যক্তির অন্তর্নিহিত মর্যাদা এবং অধিকারকে সমুন্নত রাখিবে। নাগরিক, রাজনৈতিক, সামাজিক, অর্থনৈতিক এবং সাংস্কৃতিক অধিকার সুরক্ষা করিবে এবং সেই বিষয়ে জনসচেতনতা বৃদ্ধিতে সচেষ্ট থাকিবে। কোনো নাগরিক বা গোষ্ঠীর অধিকার লঙ্ঘিত হইলে প্রতিকার প্রক্রিয়ার তদারকি ও স্বচ্ছতা নিশ্চিত করিবে। রাষ্ট্র স্বীকার করিবে যে বিভিন্ন ব্যক্তি বা গোষ্ঠীর সামাজিক ন্যায্যতা অর্জনের জন্য বিভিন্ন স্তরের সহায়তা প্রয়োজন। সরকার, প্রতিষ্ঠান বা সংস্থা যাতে কোনো ব্যক্তির সহিত বৈষম্যমূলক কার্যকলাপ হইতে বিরত থাকে সেটি নিশ্চিত করিবে।",রাষ্ট্র সংস্কার আন্দোলন,,Amendment,No,,Nazmul,,দ্বিতীয় ভাগ (রাষ্ট্র পরিচালনার মূলনীতি)
অনুচ্ছেদ ১৩ (মালিকানার নীতি),"১৩। উৎপাদনযন্ত্র, উৎপাদনব্যবস্থা ও বন্টনপ্রণালীসমূহের (মালিকানার মালিক বা নিয়ন্ত্রক হইবেন জনগণ এবং এই উদ্দেশ্যে মালিকানা - ব্যবস্থা নিম্নরূপ হইবে: (ক) রাষ্ট্রীয় মালিকানা, অর্থাৎ অর্থনৈতিক জীবনের প্রধান প্রধান ক্ষেত্র লইয়া সুষ্ঠু ও গতিশীল রাষ্ট্রায়ত্ত সরকারী খাত সৃষ্টির মাধ্যমে জনগণের পক্ষে রাষ্ট্রের মালিকানা; (খ) সমবায়ী মালিকানা, অর্থাৎ আইনের দ্বারা নির্ধারিত সীমার মধ্যে সমবায়সমূহের সদস্যদের পক্ষে সমবায়সমূহের মালিকানা; এবং (গ) ব্যক্তিগত মালিকানা, অর্থাৎ আইনের দ্বারা নির্ধারিত সীমার মধ্যে ব্যক্তির মালিকানা।","সংবিধানের ১৩ অনুচ্ছেদে লেখা আছে (ক) রাষ্ট্রীয় মালিকানা (খ) সমবায়ী মালিকানা (গ) ব্যক্তিগত মালিকানা। কিন্তু বর্তমানে চলছে উলটো; ব্যক্তি মালিকানা প্রধান খাত, সমবায়ী মালিকানা নাই, রাষ্ট্রীয়খাত ব্যক্তিখাতে হস্তান্তর করা হয়েছে ।",বাংলাদেশের সমাজতান্ত্রিক দল (বাসদ),,Amendment,No,,Nazmul,"কমিশন সুপারিশ করছে যে, বিদ্যমান সংবিধানের অনুচ্ছেদ ১৩ (মালিকানার নীতি), ১৫ (মৌলিক প্রয়োজনের ব্যবস্থা), ১৭ (অবতৈনিক ও বাধ্যতামূলক শিক্ষা), ১৮ (জনস্বাস্থ্য ও নৈতিকতা), ১৮ক (পরিবেশ ও জীববৈচিত্র্য সংরক্ষণ এবং উন্নয়ন), ১৯ (সুযোগের সমতা), ২০ (অধিকার ও কর্তব্যরূপে কর্ম), ২৩ (জাতীয় সংস্কৃতি), ২৩ক (উপজাতি, ক্ষুদ্র জাতিসত্তা, নৃ - গোষ্ঠী ও সম্প্রদায়ের সংস্কৃতি) এবং ২৪ (জাতীয় স্মৃতিনিদর্শন প্রভৃতি) বিলুপ্ত করা হোক। এই বিধানগুলো প্রস্তাবিত ‘মৌলিক অধিকার ও স্বাধীনতা' শিরোনামের অধীনে বলবৎযোগ্য অধিকার হিসেবে অন্তর্ভুক্ত করা হয়েছে। উপরোক্ত সুপারিশের পরিপ্রেক্ষিতে সংবিধানের দ্বিতীয় ভাগের অনুচ্ছেদ ১১, ১৪, ১৬, ২১, ২২ ও ২৫ তাদের বর্তমান রূপে সংবিধানের পুনর্বিন্যস্ত প্রথম ভাগে অন্তর্ভুক্ত করার সুপারিশ করা হলো। - - - - - মৌলিক অধিকার ও স্বাধীনতা ১৭. কমিশন সুপারিশ করছে যে, সংবিধানে রাষ্ট্রীয়, ব্যক্তিগত, গোষ্ঠীগত এবং সমবায়ী - এই বিভিন্ন প্রকার মালিকানাকে স্বীকৃতি দেয়া হোক।",দ্বিতীয় ভাগ (রাষ্ট্র পরিচালনার মূলনীতি)
অনুচ্ছেদ ১৩ (মালিকানার নীতি),,"অনুপস্থিত ভূমি মালিকদের জামি ও খাস জমি ভূমিহীন ও গরীব কৃষকদের মধ্যে বিলি - বন্টন করে সমবায়ের মাধ্যমে চাষাবাদ করতে হবে। মহাজনী ও এনজিও সুদের কারবার নিষিদ্ধ বা বিলোপ করতে হবে। যা জাতীয় পুঁজি বিকাশের জন্য অপরিহার্য। তাই সামাজ্যবাদ, আমলা পুঁজি ও সামন্ত অবশেষ উচ্ছেদ ও অবসানের বিষয়টি সংবিধানে সুষ্পষ্টভাবে উল্লেখ থাকা প্রয়োজন।",জাতীয় গণফ্রন্ট,,Amendment,No,,Nazmul,,দ্বিতীয় ভাগ (রাষ্ট্র পরিচালনার মূলনীতি)
অনুচ্ছেদ ১৩ (মালিকানার নীতি),,"উৎপাদন যন্ত্র, উৎপাদন ব্যবস্থা ও বন্টন প্রণালীসমূহের মালিক বা নিয়ন্ত্রক হইবেন জনগণ এবং এই উদ্দেশ্যে মালিকানা - ব্যবস্থা নিম্নরূপ হইবে - (ক) রাষ্ট্রীয় মালিকানা, অর্থাৎ অর্থনৈতিক জীবনের প্রধান প্রধান ক্ষেত্র লইয়া সুষ্ঠু ও গতিশীল রাষ্ট্রায়ত্ত সরকারি খাত সৃষ্টির মাধ্যমে জনগণের পক্ষে রাষ্ট্রের মালিকানা; (খ) সমবায়ী মালিকানা, অর্থাৎ আইনের দ্বারা নির্ধারিত সীমার মধ্যে সমবায়সমূহের সদস্যদের পক্ষে সমবায়সমূহের মালিকানা; এবং (গ) ব্যক্তিগত মালিকানা, অর্থাৎ আইনের দ্বারা নির্ধারিত সীমার মধ্যে ব্যক্তির মালিকানা । (ঘ) সামাজিক মালিকানা, অর্থাৎ কোনো জাতি - গোষ্ঠি যাদের সংস্কৃতিতে সমাজের সদস্যরা কোনো ব্যক্তি মালিকানা ছাড়াই সমাজের ব্যবস্থাপনায় উৎপাদন প্রক্রিয়ায় অংশগ্রহণ করে তাদের জমির মালিকানা, সামাজিক মালিকানার বলিয়া চিহ্নিত হইবে।",রাষ্ট্র সংস্কার আন্দোলন,,Amendment,No,,Nazmul,,দ্বিতীয় ভাগ (রাষ্ট্র পরিচালনার মূলনীতি)
অনুচ্ছেদ ১৩ (মালিকানার নীতি),,"“১৩(ঘ) সমষ্টিগত মালিকানা, অর্থাৎ গ্রাম, মৌজা, সার্কেল ও অন্যান্য পর্যায়ে বংশপরম্পরাগতভাবে প্রচলিত প্রথা ও রীতিনীতি ভিত্তিক পার্বত্য চট্টগ্রামের পাহাড়ি জাতিসত্তাসহ সংখ্যালঘু জাতি বা জনগোষ্ঠীসমূহের সামষ্টিক মালিকানা।”",ইউনাইটেড পিপল্‌স ডেমোক্রেটিক ফ্রন্ট (ইউপিডিএফ),,Amendment,No,,Nazmul,,দ্বিতীয় ভাগ (রাষ্ট্র পরিচালনার মূলনীতি)
অনুচ্ছেদ ১৪ (কৃষক ও শ্রমিকের মুক্তি),১৪। রাষ্ট্রের অন্যতম মৌলিক দায়িত্ব হইবে মেহনতী মানুষকে - কৃষক ও শ্রমিককে - এবং জনগণের অনগ্রসর অংশসমূহকে সকল প্রকার শোষণ হইতে মুক্তি দান অনুচ্ছেদ ১৫ (মৌলিক প্রয়োজনের ব্যবস্থা) করা।,অপরিবর্তিত,রাষ্ট্র সংস্কার আন্দোলন,,Amendment,No,,Nazmul,"কমিশন সুপারিশ করছে যে, বিদ্যমান সংবিধানের অনুচ্ছেদ ১৩ (মালিকানার নীতি), ১৫ (মৌলিক প্রয়োজনের ব্যবস্থা), ১৭ (অবতৈনিক ও বাধ্যতামূলক শিক্ষা), ১৮ (জনস্বাস্থ্য ও নৈতিকতা), ১৮ক (পরিবেশ ও জীববৈচিত্র্য সংরক্ষণ এবং উন্নয়ন), ১৯ (সুযোগের সমতা), ২০ (অধিকার ও কর্তব্যরূপে কর্ম), ২৩ (জাতীয় সংস্কৃতি), ২৩ক (উপজাতি, ক্ষুদ্র জাতিসত্তা, নৃ - গোষ্ঠী ও সম্প্রদায়ের সংস্কৃতি) এবং ২৪ (জাতীয় স্মৃতিনিদর্শন প্রভৃতি) বিলুপ্ত করা হোক। এই বিধানগুলো প্রস্তাবিত ‘মৌলিক অধিকার ও স্বাধীনতা' শিরোনামের অধীনে বলবৎযোগ্য অধিকার হিসেবে অন্তর্ভুক্ত করা হয়েছে। উপরোক্ত সুপারিশের পরিপ্রেক্ষিতে সংবিধানের দ্বিতীয় ভাগের অনুচ্ছেদ ১১, ১৪, ১৬, ২১, ২২ ও ২৫ তাদের বর্তমান রূপে সংবিধানের পুনর্বিন্যস্ত প্রথম ভাগে অন্তর্ভুক্ত করার সুপারিশ করা হলো।",দ্বিতীয় ভাগ (রাষ্ট্র পরিচালনার মূলনীতি)
অনুচ্ছেদ ১৪ (কৃষক ও শ্রমিকের মুক্তি),,"“রাষ্ট্রের অন্যতম মৌলিক দায়িত্ব হইবে মেহনতী মানুষকে - কৃষক, শ্রমিক, পার্বত্য চট্টগ্রামের পাহাড়ি জাতিসত্তাসহ সংখ্যালঘু জাতি বা জনগোষ্ঠীসমূহকে - এবং জনগণের অনগ্রসর অংশসমূহকে সকল প্রকার শোষণ হইতে মুক্তি দান করা।”",ইউনাইটেড পিপল্‌স ডেমোক্রেটিক ফ্রন্ট (ইউপিডিএফ),,Amendment,No,,Nazmul,,দ্বিতীয় ভাগ (রাষ্ট্র পরিচালনার মূলনীতি)
অনুচ্ছেদ ১৫ (মৌলিক প্রয়োজনের ব্যবস্থা),"১৫। রাষ্ট্রের অন্যতম মৌলিক দায়িত্ব হইবে পরিকল্পিত অর্থনৈতিক বিকাশের মাধ্যমে উৎপাদনশক্তির ক্রমবৃদ্ধিসাধন এবং জনগণের জীবনযাত্রার বস্তুগত ও সংস্কৃতিগত মানের দৃঢ় উন্নতিসাধন, যাহাতে নাগরিকদের জন্য নিম্নলিখিত বিষয়সমূহ অর্জন নিশ্চিত করা যায়: (ক) অন্ন, বস্ত্র, আশ্রয়, শিক্ষা ও চিকিৎসাসহ জীবনধারণের মৌলিক উপকরণের ব্যবস্থা; (খ) কর্মের অধিকার, অর্থাৎ কর্মের গুণ ও পরিমাণ বিবেচনা করিয়া যুক্তিসঙ্গত মজুরীর বিনিময়ে কর্মসংস্থানের নিশ্চয়তার অধিকার; (গ) যুক্তিসঙ্গত বিশ্রাম, বিনোদন ও অবকাশের অধিকার; এবং (ঘ) সামাজিক নিরাপত্তার অধিকার, অর্থাৎ বেকারত্ব, ব্যাধি বা পঙ্গুত্বজনিত কিংবা বৈধব্য, মাতাপিতৃহীনতা বা বার্ধক্যজনিত কিংবা অনুরূপ অন্যান্য পরিস্থিতিজনিত আয়ত্তাতীত কারণে অভাবগ্রস্ততার ক্ষেত্রে সরকারী সাহায্যলাভের অধিকার।",কাজের অধিকার ও মৌলিক আধিকার হিসেবে স্বীকৃতি,বাংলাদেশের বিপ্লবী কমিউনিস্ট লীগ,,Amendment,No,,Nazmul,"কমিশন সুপারিশ করছে যে, বিদ্যমান সংবিধানের অনুচ্ছেদ ১৩ (মালিকানার নীতি), ১৫ (মৌলিক প্রয়োজনের ব্যবস্থা), ১৭ (অবতৈনিক ও বাধ্যতামূলক শিক্ষা), ১৮ (জনস্বাস্থ্য ও নৈতিকতা), ১৮ক (পরিবেশ ও জীববৈচিত্র্য সংরক্ষণ এবং উন্নয়ন), ১৯ (সুযোগের সমতা), ২০ (অধিকার ও কর্তব্যরূপে কর্ম), ২৩ (জাতীয় সংস্কৃতি), ২৩ক (উপজাতি, ক্ষুদ্র জাতিসত্তা, নৃ - গোষ্ঠী ও সম্প্রদায়ের সংস্কৃতি) এবং ২৪ (জাতীয় স্মৃতিনিদর্শন প্রভৃতি) বিলুপ্ত করা হোক। এই বিধানগুলো প্রস্তাবিত ‘মৌলিক অধিকার ও স্বাধীনতা' শিরোনামের অধীনে বলবৎযোগ্য অধিকার হিসেবে অন্তর্ভুক্ত করা হয়েছে। উপরোক্ত সুপারিশের পরিপ্রেক্ষিতে সংবিধানের দ্বিতীয় ভাগের অনুচ্ছেদ ১১, ১৪, ১৬, ২১, ২২ ও ২৫ তাদের বর্তমান রূপে সংবিধানের পুনর্বিন্যস্ত প্রথম ভাগে অন্তর্ভুক্ত করার সুপারিশ করা হলো। - - - - - মৌলিক অধিকার ও স্বাধীনতা ১৯. কমিশন সুপারিশ করছে যে, শিক্ষার অধিকারকে বলবৎযোগ্য সাংবিধানিক অধিকার হিসেবে ঘোষণা করা হোক। রাষ্ট্রকে অবশ্যই আইন দ্বারা নির্ধারিত পর্যায় পর্যন্ত সকলের জন্য অবৈতনিক ও বাধ্যতামূলক শিক্ষা নিশ্চিত করতে হবে। এ ছাড়া ব্যক্তিগত যোগ্যতার ভিত্তিতে উচ্চশিক্ষার সুযোগ এবং বিশেষভাবে সক্ষম শিশুদের জন্য অন্তর্ভুক্তিমূলক শিক্ষার ব্যবস্থা করতে হবে, যাতে শিক্ষা সবার জন্য সমান সুযোগ সৃষ্টি করে। ২০. কমিশন সুপারিশ করছে যে, সংবিধানে রাষ্ট্রের বিদ্যমান সামর্থ্য ও সম্পদের আওতায় একটি বলবৎযোগ্য স্বাস্থ্য অধিকার অন্তর্ভুক্ত করা হোক। রাষ্ট্রকে কোনো ব্যতিক্রম ছাড়াই সকল নাগরিকের জন্য জরুরি চিকিৎসা নিশ্চিত করতে হবে। ২১. কমিশন সুপারিশ করছে যে, যথাযথ, নিরাপদ এবং পুষ্টিকর খাদ্য, পরিষ্কার ও পানযোগ্য পানি এবং পয়োনিষ্কাশনের অধিকার রাষ্ট্রের সামর্থ্য এবং বিদ্যমান সম্পদের আওতায় বলবৎযোগ্য অধিকার হিসেবে সংবিধানে অন্তর্ভুক্ত করা হোক। ২২. কমিশন সুপারিশ করছে যে, রাষ্ট্রের সামর্থ্য ও বিদ্যমান সম্পদের আওতায় বাসস্থানের অধিকার বলবৎযোগ্য করা হোক, যাতে যথাযথ, নিরাপদ, মর্যাদাপূর্ণ এবং স্বাস্থ্যকর বাসস্থানের ব্যবস্থা নিশ্চিত হয়। ২৩. কমিশন সুপারিশ করছে যে, সংবিধানে ভোক্তা - সুরক্ষার অধিকারকে স্বীকৃতি প্রদান করা হোক। ২৪. কমিশন সুপারিশ করছে যে, বেকারত্ব, মাতৃত্ব, অসুস্থতা, প্রতিবন্ধিতা, বার্ধক্য এবং এতিম হওয়ার মতো পরিস্থিতিতে রাষ্ট্রের সামর্থ্য ও বিদ্যমান সম্পদের আওতায় সামাজিক নিরাপত্তার অধিকারকে বলবৎযোগ্য অধিকার হিসেবে স্বীকৃতি দেওয়া হোক । ২৫. কমিশন সুপারিশ করছে যে, ন্যূনতম ও ন্যায্য মজুরিসহ নিরাপদ ও স্বাস্থ্যকর কর্মপরিবেশের মাধ্যমে সম্মানজনক ও সুরক্ষিত কাজের অধিকারকে বলবৎযোগ্য করা হোক।",দ্বিতীয় ভাগ (রাষ্ট্র পরিচালনার মূলনীতি)
অনুচ্ছেদ ১৫ (মৌলিক প্রয়োজনের ব্যবস্থা),,"পরিকল্পিত অর্থনৈতিক বিকাশের লক্ষ্যে সুপারিশ ক. উৎপাদন শক্তির ক্রমবৃদ্ধিসাধন করে জনগণের জীবন মান উন্নয়ন নিশ্চিত করা। খ. প্রত্যেক নাগরিকের জন্য অন্ন, বস্ত্র, আশ্রয়, শিক্ষা এবং চিকিৎসা নিশ্চিত ও বাধ্যতামূলক করা। গ. নগর ও গ্রামের জীবন যাত্রার মানসহ সকল ক্ষেত্রে ক্রমাগত মানুষে মানুষে বৈষম্য দূর করা। ঘ. রাষ্ট্রের অন্যতম মৌলিক দায়িত্ব হবে কৃষক শ্রমিক ও অনগ্রসর জনগোষ্ঠীকে সকল প্রকার শোষণ থেকে মুক্তি নিশ্চিত করা। ঙ. সকল ট্রেড ইউনিয়ন এবং কর্ম - পেশার এসোসিয়েশন - এর প্রতিনিধি নিয়ে ৯০০ (নয়শো) সদস্য বিশিষ্ট ‘জাতীয় অর্থনৈতিক কাউন্সিল - NEC গঠন করতে হবে। চ. ‘জাতীয় অর্থনৈতিক কাউন্সিল' - এর বার্ষিক বাজেট প্রণয়নে জাতীয় সংসদে সুপারিশ পাঠাবে। ছ. জাতীয় পর্যায়ের যে কোনো আর্থিক পলিসি বিষয়ে NEC জাতীয় সংসদে সুপারিশ পাঠাতে পারবে। জ. যে কোনো বিদেশি পুঁজি বিনিয়োগের সম্ভাব্যতা ও যৌক্তিকতার বিষয় NEC - তে আলোচনা করতে হবে।",জাতীয় সমাজতান্ত্রিক দল (জেএসডি),,Amendment,No,,Nazmul,,দ্বিতীয় ভাগ (রাষ্ট্র পরিচালনার মূলনীতি)
অনুচ্ছেদ ১৫ (মৌলিক প্রয়োজনের ব্যবস্থা),,ক) রাষ্ট্র পরিচালনার মূলনীতি সমূহ ও তৎসহ অন্যান্য নীতিসমূহকে আদালতের মাধ্যমে বলবৎ যোগ্য বলিয়া গণ্য করিবে। খ) নাগরিকের মৌলিক অধিকার নিশ্চিত করার কাজে অঙ্গীকারাবদ্ধ হইবে । গ) সকল প্রকার বৈষম্যমূলক ব্যবস্থার অবসানকল্পে নাগরিকের পাশে সশ্রদ্ধ চিত্তে দাঁড়াইবে । ঘ) সকল প্রকার শোষণমূলক ব্যবস্থা ও সহায়ক রীতি নীতির অবসান ঘটাইয়া শোষণমুক্ত ইনসাফ জনকল্যাণ মূলক রাস্ট্র ব্যবস্থা প্রবর্তন ও উহার সুরক্ষা প্রদানকে সার্বক্ষণিক কর্তব্য বলিয়া গণ্য করিবে। ঙ) সকল রাজনৈতিক দলসমূহকে সুস্থধারার রাজনৈতিক সংস্কৃতি গড়িয়া তুলিতে সর্বপ্রকারের পৃষ্ঠপোষকতা প্রদান করিবে । চ) বিভিন্ন পেশাজীবী গোষ্ঠী ও নাগরিক সংগঠণকে নিরপেক্ষতা ও পেশাদারিত্ব বজায় রেখে নির্বাহী বিভাগ এর জবাবদিহিতা নিশ্চিত করার সহায়ক সব পরিবেশ সৃষ্টি ও বজায় রাখিতে সহযোগিতা করিবে।,বাংলাদেশ লেবার পার্টি,,Amendment,No,,Nazmul,,দ্বিতীয় ভাগ (রাষ্ট্র পরিচালনার মূলনীতি)
অনুচ্ছেদ ১৫ (মৌলিক প্রয়োজনের ব্যবস্থা),,মৌলিক চাহিদা রাষ্ট্রপরিচালনার মূলনীতি হিসাবে থাকার কোন প্রয়োজন নেই। যেহেতু এটার প্রয়োগযোগ্যতা নেই তাই সংবিধানে এগুলার অবস্থান অপ্রয়োজনীয়।,বাংলাদেশ জামায়াতে ইসলামী,এটার প্রয়োজনীয়তা নেই। তাই সংবিধানে এগুলোর অবস্থান অপ্রয়োজনীয়।,Amendment,No,,Nazmul,,দ্বিতীয় ভাগ (রাষ্ট্র পরিচালনার মূলনীতি)
অনুচ্ছেদ ১৫ (মৌলিক প্রয়োজনের ব্যবস্থা),,"অন্ন, বস্ত্ৰ, শিক্ষা, চিকিৎসা, বাসস্থান ও কর্মসংস্থানকে মৌলিক মানবাধিকার হিসাবে স্বীকৃতি দিয়ে রাষ্ট্র কর্তৃক তা বাস্তবায়নে বাধ্যবাধকতার আইনী কাঠামো প্রণয়ন করা দরকার।",বাংলাদেশের বিপ্লবী ওয়ার্কার্স পার্টি,,Amendment,No,,Nazmul,,দ্বিতীয় ভাগ (রাষ্ট্র পরিচালনার মূলনীতি)
অনুচ্ছেদ ১৫ (মৌলিক প্রয়োজনের ব্যবস্থা),,জীবন ধারনের মৌলিক উপকরণের নিশ্চয়তা প্রদানকে মৌলিক অধিকার হিসেবে স্বীকার করে নিয়ে তার দায়িত্ব রাষ্ট্রের নেওয়া,বাংলাদেশের কমিউনিস্ট পার্টি,,Amendment,No,,Nazmul,,দ্বিতীয় ভাগ (রাষ্ট্র পরিচালনার মূলনীতি)
অনুচ্ছেদ ১৫ (মৌলিক প্রয়োজনের ব্যবস্থা),,"সংবিধানের ১৫ অনুচ্ছেদে এখনও লেখা আছে দেশের অর্থনীতি হবে পরিকল্পিত অর্থনীতি, কিন্তু চলছে মুক্তবাজারী উদারনীতিবাদী অর্থনীতি",বাংলাদেশের সমাজতান্ত্রিক দল (বাসদ),,Amendment,No,,Nazmul,,দ্বিতীয় ভাগ (রাষ্ট্র পরিচালনার মূলনীতি)
অনুচ্ছেদ ১৫ (মৌলিক প্রয়োজনের ব্যবস্থা),,"বাংলাদেশের সংবিধানে প্রতিবন্ধী ব্যক্তিদের অধিকার আরও শক্তিশালী করতে অনুচ্ছেদ ১৫ এবং ২৮(১) - এ বিশেষ বিধান সংযোজন করা হবে। এসব ব্যক্তির শিক্ষা, কর্মসংস্থান, স্বাস্থ্যসেবা এবং সামাজিক সুরক্ষা নিশ্চিত করতে বিশেষ ব্যবস্থা নেওয়া হবে। এছাড়া, প্রতিবন্ধী ব্যক্তিদের জন্য উন্নত সামাজিক পরিবেশ ও আইনগত সুরক্ষা প্রদান করতে নতুন নীতিমালা প্রবর্তন করা হবে।",বাংলাদেশ জাতীয় পার্টি (বিজেপি),,Amendment,No,,Nazmul,,দ্বিতীয় ভাগ (রাষ্ট্র পরিচালনার মূলনীতি)
অনুচ্ছেদ ১৫ (মৌলিক প্রয়োজনের ব্যবস্থা),,"রাষ্ট্রের অন্যতম মৌলিক দায়িত্ব হইবে পরিকল্পিত অর্থনৈতিক বিকাশের মাধ্যমে উৎপাদনশক্তির ক্রমবৃদ্ধিসাধন এবং জনগণের জীবনযাত্রার বস্তুগত ও সংস্কৃতিগত মানের দৃঢ় উন্নতিসাধন, যাহাতে নাগরিকদের জন্য নিম্নলিখিত বিষয়সমূহ অর্জন নিশ্চি করা যায়: (ক) সকলের জন্য বিনা খরচে শিক্ষা ও চিকিৎসার ব্যবস্থা করা; (খ) কর্মের অধিকার, অর্থাৎ কর্মের গুণ ও পরিমাণ বিবেচনা করিয়া মর্যাদাপূর্ণ মজুরির বিনিময়ে কর্মসংস্থানের নিশ্চয়তার অধিকার; (গ) যুক্তিসঙ্গত বিশ্রাম বিনোদন ও অবকাশের অধিকার এবং (ঘ) সামাজিক নিরাপত্তার অধিকার, অর্থাৎ বেকারত্ব, ব্যাধি বা পঙ্গুত্বজনিত কিংবা বৈধব্য, মাতৃপিতৃহীনতা বা বার্ধক্যজনিত কিংবা অনুরূপ অন্যান্য পরিস্থিতিজনিত আয়ত্তাতীত কারণে অভাবগ্রস্ততার ক্ষেত্রে অন্ন, বস্ত্র ও বাসস্থানের সরকারি সাহায্যলাভের অধিকার।",রাষ্ট্র সংস্কার আন্দোলন,,Amendment,No,,Nazmul,,দ্বিতীয় ভাগ (রাষ্ট্র পরিচালনার মূলনীতি)
অনুচ্ছেদ ১৬ (গ্রামীণ উন্নয়ন ও কৃষি বিপ্লব),"১৬। নগর ও গ্রামাঞ্চলের জীবন যাত্রার মানের বৈষম্য ক্রমাগতভাবে দূর করিবার উদ্দেশ্যে কৃষিবিপ্লবের বিকাশ, গ্রামাঞ্চলে বৈদ্যুতীকরণের ব্যবস্থা, কুটিরশিল্প ও অন্যান্য শিল্পের বিকাশ এবং শিক্ষা, যোগাযোগ - ব্যবস্থা ও জনস্বাস্থ্যের উন্নয়নের মাধ্যমে গ্রামাঞ্চলের আমূল রূপান্তরসাধনের জন্য রাষ্ট্র কার্যকর ব্যবস্থা গ্রহণ করিবেন।",কৃষকরা যাতে উৎপাদিত পণ্যের যথাযথ মূল্য পায় তা নিশ্চিত করতে প্রয়োজনীয় পদক্ষেপ নিতে হবে,গণতান্ত্রিক বিপ্লবী পার্টি,,Amendment,No,,Nazmul,"কমিশন সুপারিশ করছে যে, বিদ্যমান সংবিধানের অনুচ্ছেদ ১৩ (মালিকানার নীতি), ১৫ (মৌলিক প্রয়োজনের ব্যবস্থা), ১৭ (অবতৈনিক ও বাধ্যতামূলক শিক্ষা), ১৮ (জনস্বাস্থ্য ও নৈতিকতা), ১৮ক (পরিবেশ ও জীববৈচিত্র্য সংরক্ষণ এবং উন্নয়ন), ১৯ (সুযোগের সমতা), ২০ (অধিকার ও কর্তব্যরূপে কর্ম), ২৩ (জাতীয় সংস্কৃতি), ২৩ক (উপজাতি, ক্ষুদ্র জাতিসত্তা, নৃ - গোষ্ঠী ও সম্প্রদায়ের সংস্কৃতি) এবং ২৪ (জাতীয় স্মৃতিনিদর্শন প্রভৃতি) বিলুপ্ত করা হোক। এই বিধানগুলো প্রস্তাবিত ‘মৌলিক অধিকার ও স্বাধীনতা' শিরোনামের অধীনে বলবৎযোগ্য অধিকার হিসেবে অন্তর্ভুক্ত করা হয়েছে। উপরোক্ত সুপারিশের পরিপ্রেক্ষিতে সংবিধানের দ্বিতীয় ভাগের অনুচ্ছেদ ১১, ১৪, ১৬, ২১, ২২ ও ২৫ তাদের বর্তমান রূপে সংবিধানের পুনর্বিন্যস্ত প্রথম ভাগে অন্তর্ভুক্ত করার সুপারিশ করা হলো।",দ্বিতীয় ভাগ (রাষ্ট্র পরিচালনার মূলনীতি)
অনুচ্ছেদ ১৬ (গ্রামীণ উন্নয়ন ও কৃষি বিপ্লব),,"শিল্পায়নের ক্ষেত্রে সস্তা শ্রম ও বিদেশি বাজারের উপর নির্ভরশীল শিল্পের বিকাশের উপর নির্ভর হলে চলবে না। অর্থনীতির শক্তিশালী ভিত্তি প্রতিষ্ঠার জন্য দেশে যন্ত্রশিল্পের বিকাশের প্রশ্নে মনোযোগী হতে হবে, যা দেশীয় অভ্যন্তরীণ বাজারকে সম্প্রসারিত করবে।",গণতান্ত্রিক বিপ্লবী পার্টি,,Amendment,No,,Nazmul,,দ্বিতীয় ভাগ (রাষ্ট্র পরিচালনার মূলনীতি)
অনুচ্ছেদ ১৬ (গ্রামীণ উন্নয়ন ও কৃষি বিপ্লব),,কৃষক ও শ্রমিককে উৎপাদক শ্রেণী হিসেবে নির্ধারণ করে তাদের সাংবিধানিকভাবে সামাজি অধিকার নিশ্চিত করতে হবে।,গণতান্ত্রিক বিপ্লবী পার্টি,,Amendment,No,,Nazmul,,দ্বিতীয় ভাগ (রাষ্ট্র পরিচালনার মূলনীতি)
অনুচ্ছেদ ১৬ (গ্রামীণ উন্নয়ন ও কৃষি বিপ্লব),,পরিবেশ উপযোগী কৃষি ব্যবস্থা প্রণয়ন করতে হবে। আমুল ভূমি সংস্কারের বিধান সাংবিধানিকভাবে নিশ্চিত করতে হবে।,গণতান্ত্রিক বিপ্লবী পার্টি,,Amendment,No,,Nazmul,,দ্বিতীয় ভাগ (রাষ্ট্র পরিচালনার মূলনীতি)
অনুচ্ছেদ ১৭ (অবৈতনিক ও বাধ্যতামূলক শিক্ষা),১৭৷ রাষ্ট্র (ক) একই পদ্ধতির গণমুখী ও সার্বজনীন শিক্ষাব্যবস্থা প্রতিষ্ঠার জন্য এবং আইনের দ্বারা নির্ধারিত স্তর পর্যন্ত সকল বালক - বালিকাকে অবৈতনিক ও বাধ্যতামূলক শিক্ষাদানের জন্য; (খ) সমাজের প্রয়োজনের সহিত শিক্ষাকে সঙ্গতিপূর্ণ করিবার জন্য এবং সেই প্রয়োজন সিদ্ধ করিবার উদ্দেশ্যে যথাযথ প্রশিক্ষণপ্রাপ্ত ও সদিচ্ছাপ্রণোদিত নাগরিক সৃষ্টির জন্য; (গ) আইনের দ্বারা নির্ধারিত সময়ের মধ্যে নিরক্ষরতা দূর করিবার জন্য কার্যকর ব্যবস্থা গ্রহণ করিবেন৷,"(ক) (খ) ও (গ) দফার সাথে আরো দফা সংযুক্ত করত: রাষ্ট্র কর্তৃক বিনামূল্যে বিজ্ঞানভিত্তিক একমূখী শিক্ষা ব্যবস্থা চালু করতে হবে এবং শিক্ষা বাণিজ্য নিষিদ্ধ করতে হবে, মর্মে সংবিধান যুক্ত করতে হবে।",বাংলাদেশের সমাজতান্ত্রিক পার্টি (বিএসপি),,Amendment,No,,Nazmul,"কমিশন সুপারিশ করছে যে, বিদ্যমান সংবিধানের অনুচ্ছেদ ১৩ (মালিকানার নীতি), ১৫ (মৌলিক প্রয়োজনের ব্যবস্থা), ১৭ (অবতৈনিক ও বাধ্যতামূলক শিক্ষা), ১৮ (জনস্বাস্থ্য ও নৈতিকতা), ১৮ক (পরিবেশ ও জীববৈচিত্র্য সংরক্ষণ এবং উন্নয়ন), ১৯ (সুযোগের সমতা), ২০ (অধিকার ও কর্তব্যরূপে কর্ম), ২৩ (জাতীয় সংস্কৃতি), ২৩ক (উপজাতি, ক্ষুদ্র জাতিসত্তা, নৃ - গোষ্ঠী ও সম্প্রদায়ের সংস্কৃতি) এবং ২৪ (জাতীয় স্মৃতিনিদর্শন প্রভৃতি) বিলুপ্ত করা হোক। এই বিধানগুলো প্রস্তাবিত ‘মৌলিক অধিকার ও স্বাধীনতা' শিরোনামের অধীনে বলবৎযোগ্য অধিকার হিসেবে অন্তর্ভুক্ত করা হয়েছে। উপরোক্ত সুপারিশের পরিপ্রেক্ষিতে সংবিধানের দ্বিতীয় ভাগের অনুচ্ছেদ ১১, ১৪, ১৬, ২১, ২২ ও ২৫ তাদের বর্তমান রূপে সংবিধানের পুনর্বিন্যস্ত প্রথম ভাগে অন্তর্ভুক্ত করার সুপারিশ করা হলো। - - - - - মৌলিক অধিকার ও স্বাধীনতা ১৯. কমিশন সুপারিশ করছে যে, শিক্ষার অধিকারকে বলবৎযোগ্য সাংবিধানিক অধিকার হিসেবে ঘোষণা করা হোক। রাষ্ট্রকে অবশ্যই আইন দ্বারা নির্ধারিত পর্যায় পর্যন্ত সকলের জন্য অবৈতনিক ও বাধ্যতামূলক শিক্ষা নিশ্চিত করতে হবে। এ ছাড়া ব্যক্তিগত যোগ্যতার ভিত্তিতে উচ্চশিক্ষার সুযোগ এবং বিশেষভাবে সক্ষম শিশুদের জন্য অন্তর্ভুক্তিমূলক শিক্ষার ব্যবস্থা করতে হবে, যাতে শিক্ষা সবার জন্য সমান সুযোগ সৃষ্টি করে।",দ্বিতীয় ভাগ (রাষ্ট্র পরিচালনার মূলনীতি)
অনুচ্ছেদ ১৭ (অবৈতনিক ও বাধ্যতামূলক শিক্ষা),,"১৭(ক) অনুচ্ছেদে লেখা আছে আইনের দ্বারা একটি নির্দিষ্ট স্তর পর্যন্ত সর্বজনীন, বৈষম্যহীন, একমুখী অবৈতনিক বাধ্যতামূলক শিক্ষা এবং একই পদ্ধতির শিক্ষা ব্যবস্থা থাকবে। কিন্তু মানা হচ্ছে না। বাস্তবে বর্তমানে প্রধানত ৩ ধারার যথা - সাধারণ শিক্ষা, কিন্ডার গার্ডেন (ইংলিশ মিডিয়াম, ইংলিশ ভার্সন) মাদ্রাসা শিক্ষা এবং প্রাথমিকে ১৩ ধারার শিক্ষা চালু আছে।",বাংলাদেশের সমাজতান্ত্রিক দল (বাসদ),,Amendment,No,,Nazmul,,দ্বিতীয় ভাগ (রাষ্ট্র পরিচালনার মূলনীতি)
অনুচ্ছেদ ১৭ (অবৈতনিক ও বাধ্যতামূলক শিক্ষা),,রাষ্ট্র (ক) গণমুখী ও সর্বজনীন শিক্ষাব্যবস্থা প্রতিষ্ঠার জন্য শিক্ষাজীবনের প্রথম বারো বৎসর পর্যন্ত সকল বালক - বাণিজার জন্য অবৈধতনিক ও বাধ্যতামূলক শিক্ষা ব্যবস্থা প্রবর্তন করিবে (খ) সমাজের প্রয়োজনের সহিত শিক্ষাকে সঙ্গতিপূর্ণ করিবার জন্য এবং সেই প্রয়োজন সিদ্ধ করিবার উদ্দেশ্যে যথাযথ প্রশিক্ষণপ্রাপ্ত ও সদিচ্ছাপ্রণোদিত নাগরিক সৃষ্টির জন্য আইনের দ্বারা নির্ধারিত সময়ের মধ্যে নিরক্ষতা দূর করিবার জন্য কার্যকর ব্যবস্থা গ্রহণ করিবে।,রাষ্ট্র সংস্কার আন্দোলন,,Amendment,No,,Nazmul,,দ্বিতীয় ভাগ (রাষ্ট্র পরিচালনার মূলনীতি)
অনুচ্ছেদ ১৭ (অবৈতনিক ও বাধ্যতামূলক শিক্ষা),,১৭| রাষ্ট্র (ক) একই পদ্ধতির গণমুখী ও সার্বজনীন শিক্ষাব্যবস্থা প্রতিষ্ঠার জন্য এবং আইনের দ্বারা নির্ধারিত স্তর পর্যন্ত সকল বালক - বালিকাকে অবৈতনিক ও বাধ্যতামূলক ধর্মীয় ও নৈতিকতাবোধ সম্পন্ন যোগ্য নাগরিক হিসাবে গড়ে তোলার শিক্ষাদানের জন্য; (খ) সমাজের প্রয়োজনের সহিত শিক্ষাকে সঙ্গতিপূর্ণ করিবার জন্য এবং সেই প্রয়োজন সিদ্ধ করিবার উদ্দেশ্যে যথাযথ প্রশিক্ষণপ্রাপ্ত ও সদিচ্ছাপ্রণোদিত নাগরিক সৃষ্টির জন্য; (গ) আইনের দ্বারা নির্ধারিত সময়ের মধ্যে নিরক্ষরতা দূর করিবার জন্য (ঘ) সকল নাগরিককে দেশাত্নবোধ ও সুনীতিবান হিসেবে গড়িয়া তুলিবার জন্য কার্যকর ব্যবস্থা গ্রহণ করিবেন।,খেলাফত মজলিস,,Amendment,No,,Nazmul,,দ্বিতীয় ভাগ (রাষ্ট্র পরিচালনার মূলনীতি)
অনুচ্ছেদ ১৮ (জনস্বাস্থ্য ও নৈতিকতা),১৮। (১) জনগণের পুষ্টির স্তর - উন্নয়ন ও জনস্বাস্থ্যের উন্নতিসাধনকে রাষ্ট্র অন্যতম প্রাথমিক কর্তব্য বলিয়া গণ্য করিবেন এবং বিশেষতঃ আরোগ্যের প্রয়োজন কিংবা আইনের দ্বারা নির্দিষ্ট অন্যবিধ প্রয়োজন ব্যতীত মদ্য ও অন্যান্য মাদক পানীয় এবং স্বাস্থ্যহানিকর ভেষজের ব্যবহার নিষিদ্ধকরণের জন্য রাষ্ট্র কার্যকর ব্যবস্থা গ্রহণ করিবেন। (২) গণিকাবৃত্তি ও জুয়াখেলা নিরোধের জন্য রাষ্ট্র কার্যকর ব্যবস্থা গ্রহণ করিবেন।,"(১) ও (২) দফার সাথে আরো দফা সংযুক্ত করত: রাষ্ট্র কর্তৃক বিনামূল্যে সকল নাগরিকের জন্য আধুনিক চিকিৎসা নিশ্চিত করতে হবে এবং চিকিৎসা নিশ্চিত করতে হবে এবং চিকিৎসা বাণিজ্য নিষিদ্ধ করতে হবে, মর্মে সংবিধানে বিধান যুক্ত করতে হবে।",বাংলাদেশের সমাজতান্ত্রিক পার্টি (বিএসপি),,Amendment,No,,Nazmul,"কমিশন সুপারিশ করছে যে, বিদ্যমান সংবিধানের অনুচ্ছেদ ১৩ (মালিকানার নীতি), ১৫ (মৌলিক প্রয়োজনের ব্যবস্থা), ১৭ (অবতৈনিক ও বাধ্যতামূলক শিক্ষা), ১৮ (জনস্বাস্থ্য ও নৈতিকতা), ১৮ক (পরিবেশ ও জীববৈচিত্র্য সংরক্ষণ এবং উন্নয়ন), ১৯ (সুযোগের সমতা), ২০ (অধিকার ও কর্তব্যরূপে কর্ম), ২৩ (জাতীয় সংস্কৃতি), ২৩ক (উপজাতি, ক্ষুদ্র জাতিসত্তা, নৃ - গোষ্ঠী ও সম্প্রদায়ের সংস্কৃতি) এবং ২৪ (জাতীয় স্মৃতিনিদর্শন প্রভৃতি) বিলুপ্ত করা হোক। এই বিধানগুলো প্রস্তাবিত ‘মৌলিক অধিকার ও স্বাধীনতা' শিরোনামের অধীনে বলবৎযোগ্য অধিকার হিসেবে অন্তর্ভুক্ত করা হয়েছে। উপরোক্ত সুপারিশের পরিপ্রেক্ষিতে সংবিধানের দ্বিতীয় ভাগের অনুচ্ছেদ ১১, ১৪, ১৬, ২১, ২২ ও ২৫ তাদের বর্তমান রূপে সংবিধানের পুনর্বিন্যস্ত প্রথম ভাগে অন্তর্ভুক্ত করার সুপারিশ করা হলো।",দ্বিতীয় ভাগ (রাষ্ট্র পরিচালনার মূলনীতি)
অনুচ্ছেদ ১৮ (জনস্বাস্থ্য ও নৈতিকতা),,নৈতিক শিক্ষা ও ধর্মীয় অনুশাসন বাস্তবায়নের মাধ্যমে জনগণের আত্মিক পরিশুদ্ধিসহ চিন্তা - বিশ্বাস ও কর্মের পরিশুদ্ধি ঘটানোর জন্য কার্যকরী পদক্ষেপ নেয়া হবে।,ইসলামী আন্দোলন বাংলাদেশ,,Amendment,No,,Nazmul,,দ্বিতীয় ভাগ (রাষ্ট্র পরিচালনার মূলনীতি)
অনুচ্ছেদ ১৮ (জনস্বাস্থ্য ও নৈতিকতা),,"জনস্বাস্থ্য ও নৈতিকতা শিরোনামে বিভক্ত করে জনস্বাস্থ্য পৃথকভাবে উল্লেখ করা: রাষ্ট্র তার ভূখন্ডে বসবাসরত সকল মানুষকে সর্বজনীন স্বাস্থ্য সুরক্ষা প্রদান করিবে। স্বাস্থ্যসেবা বলিতে স্বাস্থ্যের সকল উপাদান, যেমন - রোগ প্রতিরোধ, স্বাস্থ্য উন্নয়ন, রোগের চিকিৎসা, স্বাস্থ্য পুনর্বাসন ও উপশমমূলক স্বাস্থ্য সেবা বুঝাইবে। সারা দেশে সমমানের স্বাস্থ্যসেবা প্রদান করিবে। টাকার অভাবে কোনো মানুষের স্বাস্থ্যসেবা যেন বিঘ্নিত না হয় রাষ্ট্র সে বিষয়ে সুরক্ষা প্রদান করিবে",বাংলাদেশের জাতীয় সমাজতান্ত্রিক দল (বাংলাদেশ জাসদ),,Amendment,No,,Nazmul,,দ্বিতীয় ভাগ (রাষ্ট্র পরিচালনার মূলনীতি)
অনুচ্ছেদ ১৮ (জনস্বাস্থ্য ও নৈতিকতা),,সংবিধানের ১৮ অনুচ্ছেদে পতিতালয় - জুয়া বন্ধে কার্যকর পদক্ষেপ নেয়ার কথা আছে। কিন্তু পতিতাবৃত্তি আইনসঙ্গত ও জুয়াকে আইনি বৈধতা দেয়া হচ্ছে।,বাংলাদেশের সমাজতান্ত্রিক দল (বাসদ),,Amendment,No,,Nazmul,,দ্বিতীয় ভাগ (রাষ্ট্র পরিচালনার মূলনীতি)
অনুচ্ছেদ ১৮ (জনস্বাস্থ্য ও নৈতিকতা),,"সংবিধানে মাদকদ্রব্যের অননুমোদিত উৎপাদন, বণ্টন ও অপব্যবহার নিষিদ্ধ করা হবে, তবে চিকিৎসা, গবেষণা ও শিল্পক্ষেত্রে নিয়ন্ত্রিত ব্যবহারের অনুমতি থাকবে। রাষ্ট্রকে: ১. মাদক নিয়ন্ত্রণকে মৌলিক দায়িত্ব হিসেবে বিবেচনা করতে হবে। ২. আসক্তি নিরাময় এবং পুনর্বাসনের জন্য সহজলভ্য চিকিৎসা ব্যবস্থা নিশ্চিত করতে হবে। ৩. সীমান্ত পেরিয়ে মাদক পাচার রোধে আন্তর্জাতিক সহযোগিতা নিশ্চিত করতে হবে। অপরিবর্তিত থাকবে",বাংলাদেশ জাতীয় পার্টি (বিজেপি),,Amendment,No,,Nazmul,,দ্বিতীয় ভাগ (রাষ্ট্র পরিচালনার মূলনীতি)
অনুচ্ছেদ ১৮ (জনস্বাস্থ্য ও নৈতিকতা),,অপরিবর্তিত থাকবে,রাষ্ট্র সংস্কার আন্দোলন,,Amendment,No,,Nazmul,,দ্বিতীয় ভাগ (রাষ্ট্র পরিচালনার মূলনীতি)
অনুচ্ছেদ ১৮ক (পরিবেশ ও জীব - বৈচিত্র্য সংরক্ষণ ও উন্নয়ন),"১৫[১৮ক। রাষ্ট্র বর্তমান ও ভবিষ্যৎ নাগরিকদের জন্য পরিবেশ সংরক্ষণ ও উন্নয়ন করিবেন এবং প্রাকৃতিক সম্পদ, জীব - বৈচিত্র্য, জলাভূমি, বন ও বন্যপ্রাণির সংরক্ষণ ও নিরাপত্তা বিধান করিবেন।]","পঞ্চদশ সংশোধনীর মাধ্যমে সংযোজিত অত্র অনুচ্ছেদে বলা হয়েছে: রাষ্ট্র বর্তমান ও ভবিষ্যৎ নাগরিকদের জন্য পরিবেশ সংরক্ষণ ও উন্নয়ন করিবেন এবং প্রাকৃতিক সম্পদ, জীব - বৈচিত্র, জলাভূমি, বন ও বন্যপ্রাণির সংরক্ষণ ও নিরাপত্তা বিধান করিবেন - - - - সংযোজিত অনুচ্ছেদটি অপরিবর্তিত রাখা যেতে পারে। (পঞ্চদশ সংশোধনীর বৈধতা সংক্রান্ত মামলায় বিষয়টি বিচারাধীন )",বাংলাদেশ জাতীয়তাবাদী দল (বিএনপি),,Amendment,No,,Nazmul,"কমিশন সুপারিশ করছে যে, বিদ্যমান সংবিধানের অনুচ্ছেদ ১৩ (মালিকানার নীতি), ১৫ (মৌলিক প্রয়োজনের ব্যবস্থা), ১৭ (অবতৈনিক ও বাধ্যতামূলক শিক্ষা), ১৮ (জনস্বাস্থ্য ও নৈতিকতা), ১৮ক (পরিবেশ ও জীববৈচিত্র্য সংরক্ষণ এবং উন্নয়ন), ১৯ (সুযোগের সমতা), ২০ (অধিকার ও কর্তব্যরূপে কর্ম), ২৩ (জাতীয় সংস্কৃতি), ২৩ক (উপজাতি, ক্ষুদ্র জাতিসত্তা, নৃ - গোষ্ঠী ও সম্প্রদায়ের সংস্কৃতি) এবং ২৪ (জাতীয় স্মৃতিনিদর্শন প্রভৃতি) বিলুপ্ত করা হোক। এই বিধানগুলো প্রস্তাবিত ‘মৌলিক অধিকার ও স্বাধীনতা' শিরোনামের অধীনে বলবৎযোগ্য অধিকার হিসেবে অন্তর্ভুক্ত করা হয়েছে। উপরোক্ত সুপারিশের পরিপ্রেক্ষিতে সংবিধানের দ্বিতীয় ভাগের অনুচ্ছেদ ১১, ১৪, ১৬, ২১, ২২ ও ২৫ তাদের বর্তমান রূপে সংবিধানের পুনর্বিন্যস্ত প্রথম ভাগে অন্তর্ভুক্ত করার সুপারিশ করা হলো।",দ্বিতীয় ভাগ (রাষ্ট্র পরিচালনার মূলনীতি)
অনুচ্ছেদ ১৮ক (পরিবেশ ও জীব - বৈচিত্র্য সংরক্ষণ ও উন্নয়ন),,জলবায়ু পরিবর্তন ও প্রাকৃতিক দুর্যোগ মোকাবিলার জন্য পরিবেশ সংরক্ষণ এবং টেকসই উন্নয়ন সম্পর্কিত সুস্পষ্ট বিধান করতে হবে।,জাতীয়তাবাদী সমমনা জোট,,Amendment,No,,Nazmul,,দ্বিতীয় ভাগ (রাষ্ট্র পরিচালনার মূলনীতি)
অনুচ্ছেদ ১৮ক (পরিবেশ ও জীব - বৈচিত্র্য সংরক্ষণ ও উন্নয়ন),,দেশের সকল সম্পদের উপর দেশের জনগণের শতভাগ মালিকানা নিশ্চিত করার নীতিমালা প্রতিপালন করার ভিত্তি হিসেবে গণ্য করতে হবে ।,বাংলাদেশের সমাজতান্ত্রিক পার্টি (বিএসপি),,Amendment,Yes,বাংলাদেশের সমাজতান্ত্রিক দল (মার্কসবাদী),Nazmul,,দ্বিতীয় ভাগ (রাষ্ট্র পরিচালনার মূলনীতি)
অনুচ্ছেদ ১৮ক (পরিবেশ ও জীব - বৈচিত্র্য সংরক্ষণ ও উন্নয়ন),,দেশের সকল সম্পদের উপর দেশের জনগণের শতভাগ মালিকানা নিশ্চিত করার নীতিমালা প্রতিপালন করার ভিত্তি হিসেবে গণ্য করতে হবে ।,বাংলাদেশের সমাজতান্ত্রিক দল (মার্কসবাদী),,Amendment,Yes,বাংলাদেশের সমাজতান্ত্রিক পার্টি (বিএসপি),Nazmul,,দ্বিতীয় ভাগ (রাষ্ট্র পরিচালনার মূলনীতি)
অনুচ্ছেদ ১৮ক (পরিবেশ ও জীব - বৈচিত্র্য সংরক্ষণ ও উন্নয়ন),,প্রাকৃতিক পরিবেশ নিশ্চিতে সাংবিধানিক নির্দেশনা দিতে হবে। সবুজ গাছপালার হেফাজত নিশ্চিত করতে হবে। নদী নালার পানি প্রবাহ যাতে বিঘ্নিত না হয় করতে হবে। এক্ষেত্রে প্রতিবন্ধকতা অপসারণের জন্য জাতিসংঘ ওয়াটার কোর্স কনভেনশনে অনুস্বাক্ষর করার বিষয়টি নিশ্চিত করতে হবে।,গণতান্ত্রিক বিপ্লবী পার্টি,,Amendment,No,,Nazmul,,দ্বিতীয় ভাগ (রাষ্ট্র পরিচালনার মূলনীতি)
অনুচ্ছেদ ১৮ক (পরিবেশ ও জীব - বৈচিত্র্য সংরক্ষণ ও উন্নয়ন),,দেশের সমস্ত অর্থনৈতিক ও ব্যবস্থাপনাগত আয়োজনে প্রাণ প্রকৃতির সুরক্ষার নিশ্চয়তা,গণসংহতি আন্দোলন,,Amendment,No,,Nazmul,,দ্বিতীয় ভাগ (রাষ্ট্র পরিচালনার মূলনীতি)
অনুচ্ছেদ ১৮ক (পরিবেশ ও জীব - বৈচিত্র্য সংরক্ষণ ও উন্নয়ন),,"বাংলাদেশের সংবিধানে সুস্থ, দূষণমুক্ত পরিবেশের অধিকারকে মৌলিক অধিকার হিসেবে স্বীকৃতি দেওয়া হবে। রাষ্ট্রকে : ১. সব শিক্ষান্তরে পরিবেশ শিক্ষা নিশ্চিত করতে হবে। ২. সবুজ ও দূষণমুক্ত পরিবেশ তৈরির জন্য একটি কমিশন গঠন করতে হবে। ৩. টেকসই উন্নয়ন, নবায়নযোগ্য জ্বালানি এবং জনস্বাস্থ্যের উন্নয়ন নিশ্চিত করতে হবে। ৪. সমস্ত অর্থনৈতিক কার্যক্রম কঠোর পরিবেশগত মান মেনে চলতে হবে, যাতে বর্তমান ও ভবিষ্যৎ প্রজন্মের জন্য পরিবেশ রক্ষা করা যায় ৷",বাংলাদেশ জাতীয় পার্টি (বিজেপি),,Amendment,No,,Nazmul,,দ্বিতীয় ভাগ (রাষ্ট্র পরিচালনার মূলনীতি)
অনুচ্ছেদ ১৮ক (পরিবেশ ও জীব - বৈচিত্র্য সংরক্ষণ ও উন্নয়ন),,"রাষ্ট্র বর্তমান ও ভবিষ্যৎ নাগরিকদের জন্য পরিবেশ সংরক্ষণ ও উন্নয়ন করিবে এবং প্রাকৃতিক সম্পদ, জীব - বৈচিত্র্য, নদী, জলাভূমি, বন ও বন্যপ্রাণির সংরক্ষণ ও নিরাপত্তা বিধান কোরিয়া সেগুলি ইজারা দেয়া থেকে বিরত থাকিবে এবং সেই সব সম্পদ ব্যক্তিগত সম্পত্তির আওতা থেকে মুক্ত রাখিবে।",রাষ্ট্র সংস্কার আন্দোলন,,Amendment,No,,Nazmul,,দ্বিতীয় ভাগ (রাষ্ট্র পরিচালনার মূলনীতি)
অনুচ্ছেদ ১৯ (সুযোগের সমতা),"১৯। (১) সকল নাগরিকের জন্য সুযোগের সমতা নিশ্চিত করিতে রাষ্ট্র সচেষ্ট হইবেন। (২) মানুষে মানুষে সামাজিক ও অর্থনৈতিক অসাম্য বিলোপ করিবার জন্য, নাগরিকদের মধ্যে সম্পদের সুষম বন্টন নিশ্চিত করিবার জন্য এবং প্রজাতন্ত্রের সর্বত্র অর্থনৈতিক উন্নয়নের সমান স্তর অর্জনের উদ্দেশ্যে সুষম সুযোগ - সুবিধাদান নিশ্চিত করিবার জন্য রাষ্ট্র কার্যকর ব্যবস্থা গ্রহণ করিবেন। ১৬ [(৩) জাতীয় জীবনের সর্বস্তরে মহিলাদের অংশগ্রহণ ও সুযোগের সমতা রাষ্ট্র নিশ্চিত করিবেন।]","পঞ্চদশ সংশোধনীর মাধ্যমে অত্র অনুচ্ছেদে নতুনভাবে সংযোজিত দফা (৩) এ বলা হয়েছে; “জাতীয় জীবনের সর্বস্তরে মহিলাদের অংশগ্রহণ ও সুযোগের সমতা রাষ্ট্র নিশ্চিত করিবেন”। - - পঞ্চদশ সংশোধনীর মাধ্যমে আনীত পরিবর্তন বাতিল করতে হবে। [উল্লেখ্য যে, পঞ্চদশ সংশোধনীপূর্ব অনুচ্ছেদ ১০ পূর্ব অবস্থায় পুনর্বহাল করতে হবে। তাহলে অত্র অনুচ্ছেদ ১৯(৩) অপ্রয়োজনীয় বিবেচিত হবে]",বাংলাদেশ জাতীয়তাবাদী দল (বিএনপি),,Amendment,No,,Nazmul,"কমিশন সুপারিশ করছে যে, বিদ্যমান সংবিধানের অনুচ্ছেদ ১৩ (মালিকানার নীতি), ১৫ (মৌলিক প্রয়োজনের ব্যবস্থা), ১৭ (অবতৈনিক ও বাধ্যতামূলক শিক্ষা), ১৮ (জনস্বাস্থ্য ও নৈতিকতা), ১৮ক (পরিবেশ ও জীববৈচিত্র্য সংরক্ষণ এবং উন্নয়ন), ১৯ (সুযোগের সমতা), ২০ (অধিকার ও কর্তব্যরূপে কর্ম), ২৩ (জাতীয় সংস্কৃতি), ২৩ক (উপজাতি, ক্ষুদ্র জাতিসত্তা, নৃ - গোষ্ঠী ও সম্প্রদায়ের সংস্কৃতি) এবং ২৪ (জাতীয় স্মৃতিনিদর্শন প্রভৃতি) বিলুপ্ত করা হোক। এই বিধানগুলো প্রস্তাবিত ‘মৌলিক অধিকার ও স্বাধীনতা' শিরোনামের অধীনে বলবৎযোগ্য অধিকার হিসেবে অন্তর্ভুক্ত করা হয়েছে। উপরোক্ত সুপারিশের পরিপ্রেক্ষিতে সংবিধানের দ্বিতীয় ভাগের অনুচ্ছেদ ১১, ১৪, ১৬, ২১, ২২ ও ২৫ তাদের বর্তমান রূপে সংবিধানের পুনর্বিন্যস্ত প্রথম ভাগে অন্তর্ভুক্ত করার সুপারিশ করা হলো। - - - - - - মৌলিক অধিকার ও স্বাধীনতা ২৮. কমিশন সুপারিশ করছে যে, বিশেষভাবে অক্ষম ব্যক্তিদের জন্য এমন অধিকার যোগ করা হোক যাতে অন্তর্ভুক্ত থাকবে - বিভিন্ন স্থানে যাওয়ার জন্য যুক্তিসঙ্গত সুযোগ, ইশারা ভাষা ব্যবহার করার সুযোগ এবং তাদের প্রতিবন্ধকতার সাথে সম্পর্কিত প্রয়োজনীয় জিনিসপত্র, উপকরণ ও যন্ত্রপাতির যুক্তিসঙ্গত প্রাপ্তির সুযোগ।",দ্বিতীয় ভাগ (রাষ্ট্র পরিচালনার মূলনীতি)
অনুচ্ছেদ ১৯ (সুযোগের সমতা),,‘মহিলা’ শব্দের স্থলে ‘নারী’ যুক্ত করা,বাংলাদেশের জাতীয় সমাজতান্ত্রিক দল (বাংলাদেশ জাসদ),,Amendment,No,,Nazmul,,দ্বিতীয় ভাগ (রাষ্ট্র পরিচালনার মূলনীতি)
অনুচ্ছেদ ১৯ (সুযোগের সমতা),,অপরিবর্তিত,রাষ্ট্র সংস্কার আন্দোলন,,Amendment,No,,Nazmul,,দ্বিতীয় ভাগ (রাষ্ট্র পরিচালনার মূলনীতি)
অনুচ্ছেদ ২০ (অধিকার ও কর্তব্যরূপে কর্ম),"২০। (১) কর্ম হইতেছে কর্মক্ষম প্রত্যেক নাগরিকের পক্ষে অধিকার, কর্তব্য ও সম্মানের বিষয়, এবং “প্রত্যেকের নিকট হইতে যোগ্যতানুসারে ও প্রত্যেককে কর্মানুযায়ী” - এই নীতির ভিত্তিতে প্রত্যেকে স্বীয় কর্মের জন্য পারিশ্রমিক লাভ করিবেন। (২) রাষ্ট্র এমন অবস্থাসৃষ্টির চেষ্টা করিবেন, যেখানে সাধারণ নীতি হিসাবে কোন ব্যক্তি অনুপার্জিত আয় ভোগ করিতে সমর্থ হইবেন না এবং যেখানে বুদ্ধিবৃত্তিমূলক ও কায়িক - সকল প্রকার শ্রম সৃষ্টিধর্মী প্রয়াসের ও মানবিক ব্যক্তিত্বের পূর্ণতর অভিব্যক্তিতে পরিণত হইবে।","রাষ্ট্র এমন অবস্থা সৃষ্টির চেষ্টা করবে যেখানে সাধারণ নীতি হিসেবে কোন ব্যক্তি অনুপার্জিত আয় ভোগ করতে সমর্থ হবে না, কিন্তু মানা হচ্ছে না ।",বাংলাদেশের সমাজতান্ত্রিক দল (বাসদ),,Amendment,No,,Nazmul,"কমিশন সুপারিশ করছে যে, বিদ্যমান সংবিধানের অনুচ্ছেদ ১৩ (মালিকানার নীতি), ১৫ (মৌলিক প্রয়োজনের ব্যবস্থা), ১৭ (অবতৈনিক ও বাধ্যতামূলক শিক্ষা), ১৮ (জনস্বাস্থ্য ও নৈতিকতা), ১৮ক (পরিবেশ ও জীববৈচিত্র্য সংরক্ষণ এবং উন্নয়ন), ১৯ (সুযোগের সমতা), ২০ (অধিকার ও কর্তব্যরূপে কর্ম), ২৩ (জাতীয় সংস্কৃতি), ২৩ক (উপজাতি, ক্ষুদ্র জাতিসত্তা, নৃ - গোষ্ঠী ও সম্প্রদায়ের সংস্কৃতি) এবং ২৪ (জাতীয় স্মৃতিনিদর্শন প্রভৃতি) বিলুপ্ত করা হোক। এই বিধানগুলো প্রস্তাবিত ‘মৌলিক অধিকার ও স্বাধীনতা' শিরোনামের অধীনে বলবৎযোগ্য অধিকার হিসেবে অন্তর্ভুক্ত করা হয়েছে। উপরোক্ত সুপারিশের পরিপ্রেক্ষিতে সংবিধানের দ্বিতীয় ভাগের অনুচ্ছেদ ১১, ১৪, ১৬, ২১, ২২ ও ২৫ তাদের বর্তমান রূপে সংবিধানের পুনর্বিন্যস্ত প্রথম ভাগে অন্তর্ভুক্ত করার সুপারিশ করা হলো।",দ্বিতীয় ভাগ (রাষ্ট্র পরিচালনার মূলনীতি)
অনুচ্ছেদ ২০ (অধিকার ও কর্তব্যরূপে কর্ম),,"যদি রাষ্ট্রে মানুষের অধিকার প্রতিষ্ঠিত হয়, তাহলে ধর্ম বা বর্ণ নির্বিশেষে কারোর কোনো বিতর্ক বা আক্ষেপ থাকবে না। রাষ্ট্র যদি ন্যায়বিচারের ক্ষেত্রে সম্পূর্ণ নিরপেক্ষ থাকে এবং জনগণের কল্যাণকে তার প্রধান লক্ষ্য হিসেবে নির্ধারণ করে, তবে জনগণ আর ভীতি বা স্বার্থ ক্ষুণ্ণ হওয়ার শঙ্কায় থাকবে না। রাষ্ট্র যদি সাম্য, মানবিক মর্যাদা, সামাজিক সুবিচারের নীতিকে কর্মপন্থা হিসেবে গ্রহণ করে তাহলে সেই রাষ্ট্র সকল ধর্ম ও মতের নাগরিকের স্বার্থ সমুন্নত করতে সক্ষম হয়। এভাবেই সরকার ও রাজনৈতিক দল একত্রিত হয়ে সকলকে ঐক্যবদ্ধ করে ক্রমাগত একটি কল্যাণরাষ্ট্রের দিকে এগিয়ে যেতে পারে। সাম্য, মানবিক মর্যাদা, এবং সামাজিক সুবিচারের নীতি কোন ধর্মীয় আদর্শের বিরোধী নয়, বরং এগুলো সকল মানবিক গুণাবলীর প্রতি একটি নিবেদন। শেষপর্যন্ত, রাষ্ট্রের ক্ষেত্রে এমন একটি ব্যবস্থা প্রতিষ্ঠা করতে হবে যেখানে প্রতিটি নাগরিকের মৌলিক অধিকার সুরক্ষিত থাকবে, যা সামাজিক সাম্য, মানবিক মর্যাদা, এবং রাজনৈতিক জবাবদিহিতা নিশ্চিত করে। এই লক্ষ্যে কাজ করলে বাংলাদেশ সত্যিকার অর্থেই একটি সমৃদ্ধিশালী ও কল্যাণময় রাষ্ট্র হিসেবে আবির্ভূত হবে ।",আমার বাংলাদেশ পার্টি (এবি পার্টি),,Amendment,No,,Nazmul,,দ্বিতীয় ভাগ (রাষ্ট্র পরিচালনার মূলনীতি)
অনুচ্ছেদ ২০ (অধিকার ও কর্তব্যরূপে কর্ম),,অপরিবর্তিত,রাষ্ট্র সংস্কার আন্দোলন,,Amendment,No,,Nazmul,,দ্বিতীয় ভাগ (রাষ্ট্র পরিচালনার মূলনীতি)
অনুচ্ছেদ ২১ (নাগরিক ও সরকারী কর্মচারীদের কর্তব্য),"২১। (১) সংবিধান ও আইন মান্য করা, শৃঙ্খলা রক্ষা করা, নাগরিকদায়িত্ব পালন করা এবং জাতীয় সম্পত্তি রক্ষা করা প্রত্যেক নাগরিকের কর্তব্য। (২) সকল সময়ে জনগণের সেবা করিবার চেষ্টা করা প্রজাতন্ত্রের কর্মে নিযুক্ত প্রত্যেক ব্যক্তির কর্তব্য।",(২) দফায় ‘সেবা করিবার চেষ্টা করা’ শব্দসমূহের পরিবর্তে ‘সেবা নিশ্চিত করা শব্দসমূহ প্রতিস্থাপিত করতে হবে।,বাংলাদেশের সমাজতান্ত্রিক পার্টি (বিএসপি),,Amendment,No,,Nazmul,"কমিশন সুপারিশ করছে যে, বিদ্যমান সংবিধানের অনুচ্ছেদ ১৩ (মালিকানার নীতি), ১৫ (মৌলিক প্রয়োজনের ব্যবস্থা), ১৭ (অবতৈনিক ও বাধ্যতামূলক শিক্ষা), ১৮ (জনস্বাস্থ্য ও নৈতিকতা), ১৮ক (পরিবেশ ও জীববৈচিত্র্য সংরক্ষণ এবং উন্নয়ন), ১৯ (সুযোগের সমতা), ২০ (অধিকার ও কর্তব্যরূপে কর্ম), ২৩ (জাতীয় সংস্কৃতি), ২৩ক (উপজাতি, ক্ষুদ্র জাতিসত্তা, নৃ - গোষ্ঠী ও সম্প্রদায়ের সংস্কৃতি) এবং ২৪ (জাতীয় স্মৃতিনিদর্শন প্রভৃতি) বিলুপ্ত করা হোক। এই বিধানগুলো প্রস্তাবিত ‘মৌলিক অধিকার ও স্বাধীনতা' শিরোনামের অধীনে বলবৎযোগ্য অধিকার হিসেবে অন্তর্ভুক্ত করা হয়েছে। উপরোক্ত সুপারিশের পরিপ্রেক্ষিতে সংবিধানের দ্বিতীয় ভাগের অনুচ্ছেদ ১১, ১৪, ১৬, ২১, ২২ ও ২৫ তাদের বর্তমান রূপে সংবিধানের পুনর্বিন্যস্ত প্রথম ভাগে অন্তর্ভুক্ত করার সুপারিশ করা হলো।",দ্বিতীয় ভাগ (রাষ্ট্র পরিচালনার মূলনীতি)
অনুচ্ছেদ ২১ (নাগরিক ও সরকারী কর্মচারীদের কর্তব্য),,অপরিবর্তিত,রাষ্ট্র সংস্কার আন্দোলন,,Amendment,No,,Nazmul,,দ্বিতীয় ভাগ (রাষ্ট্র পরিচালনার মূলনীতি)
অনুচ্ছেদ ২২ (নির্বাহী বিভাগ হইতে বিচার বিভাগের পৃথকীকরণ),২২৷ রাষ্ট্রের নির্বাহী অঙ্গসমূহ হইতে বিচারবিভাগের পৃথকীকরণ রাষ্ট্র নিশ্চিত করিবেন৷,প্রশাসন থেকে বিচার বিভাগ পৃথকীকরণ ক. বিচার বিভাগের জন্য আলাদা সচিবালয় স্থাপন করা। খ. বিচার বিভাগকে প্রশাসন থেকে সম্পূর্ণ পৃথকীকরণ করা। গ. স্বাধীন দেশের উপযোগী আইন প্রণয়ন করে ঔপনিবেশিক সকল আইন রহিতকরণ।,জাতীয় সমাজতান্ত্রিক দল (জেএসডি),,Amendment,No,,Nazmul,"কমিশন সুপারিশ করছে যে, বিদ্যমান সংবিধানের অনুচ্ছেদ ১৩ (মালিকানার নীতি), ১৫ (মৌলিক প্রয়োজনের ব্যবস্থা), ১৭ (অবতৈনিক ও বাধ্যতামূলক শিক্ষা), ১৮ (জনস্বাস্থ্য ও নৈতিকতা), ১৮ক (পরিবেশ ও জীববৈচিত্র্য সংরক্ষণ এবং উন্নয়ন), ১৯ (সুযোগের সমতা), ২০ (অধিকার ও কর্তব্যরূপে কর্ম), ২৩ (জাতীয় সংস্কৃতি), ২৩ক (উপজাতি, ক্ষুদ্র জাতিসত্তা, নৃ - গোষ্ঠী ও সম্প্রদায়ের সংস্কৃতি) এবং ২৪ (জাতীয় স্মৃতিনিদর্শন প্রভৃতি) বিলুপ্ত করা হোক। এই বিধানগুলো প্রস্তাবিত ‘মৌলিক অধিকার ও স্বাধীনতা' শিরোনামের অধীনে বলবৎযোগ্য অধিকার হিসেবে অন্তর্ভুক্ত করা হয়েছে। উপরোক্ত সুপারিশের পরিপ্রেক্ষিতে সংবিধানের দ্বিতীয় ভাগের অনুচ্ছেদ ১১, ১৪, ১৬, ২১, ২২ ও ২৫ তাদের বর্তমান রূপে সংবিধানের পুনর্বিন্যস্ত প্রথম ভাগে অন্তর্ভুক্ত করার সুপারিশ করা হলো।",দ্বিতীয় ভাগ (রাষ্ট্র পরিচালনার মূলনীতি)
অনুচ্ছেদ ২২ (নির্বাহী বিভাগ হইতে বিচার বিভাগের পৃথকীকরণ),,নিম্ন আদালতসহ বিচার বিভাগকে নির্বাহী বিভাগ থেকে সম্পূর্ণ পৃথক ও স্বাধীন করা।,বাংলাদেশের সমাজতান্ত্রিক দল (বাসদ),,Amendment,No,,Nazmul,,দ্বিতীয় ভাগ (রাষ্ট্র পরিচালনার মূলনীতি)
অনুচ্ছেদ ২২ (নির্বাহী বিভাগ হইতে বিচার বিভাগের পৃথকীকরণ),,মাজদার হোসেন রায় বাস্তবায়নের মাধ্যমে নির্বাহী বিভাগ থেকে বিচারবিভাগকে আলাদা করনের প্রক্রিয়া শুরু করতে হবে।,১২ দলীয় জোট,,Amendment,No,,Nazmul,,দ্বিতীয় ভাগ (রাষ্ট্র পরিচালনার মূলনীতি)
অনুচ্ছেদ ২৩ (জাতীয় সংস্কৃতি),"২৩। রাষ্ট্র জনগণের সাংস্কৃতিক ঐতিহ্য ও উত্তরাধিকার রক্ষণের জন্য ব্যবস্থা গ্রহণ করিবেন এবং জাতীয় ভাষা, সাহিত্য ও শিল্পকলাসমূহের এমন পরিপোষণ ও উন্নয়নের ব্যবস্থা গ্রহণ করিবেন, যাহাতে সর্বস্তরের জনগণ জাতীয় সংস্কৃতির সমৃদ্ধিতে অবদান রাখিবার ও অংশগ্রহণ করিবার সুযোগ লাভ করিতে পারেন।","১) রাষ্ট্র জনগণের সাংস্কৃতিক ঐতিহ্য ও উত্তরাধিকার রক্ষণের জন্য ব্যবস্থা গ্রহণ করিবেন এবং রাষ্ট্রের সকল ভাষা, সাহিত্য ও শিল্পকলাসমূহের এমন পরিপোষণ ও এমন পরিপোষণ ও উন্নয়নের ব্যবস্থা গ্রহণ করিবেন, যাহাতে সর্বস্তরের জনগণ সাংস্কৃতিক বৈচিত্র্যের সমৃদ্ধিতে অবদান রাখিবার ও অংশগ্রহণ করিবার সুযোগ লাভ করিতে পারেন। (২) রাষ্ট্র বিভিন্ন জাতিসত্তা ও সম্প্রদায়ের অনন্য বৈশিষ্ট্যপূর্ণ আঞ্চলিক সংস্কৃতি এবং ঐতিহ্য সংরক্ষণ, উন্নয়ন ও বিকাশের বিশেষ ব্যবস্থা গ্রহণ করিবেন এবং প্রতিটি শিশুর নিজ মাতৃভাষায় আইনের দ্বারা নির্ধারিত স্তর পর্যন্ত শিক্ষাগ্রহণ নিশ্চিত করিবেন।",রাষ্ট্র সংস্কার আন্দোলন,,Amendment,No,,Nazmul,"কমিশন সুপারিশ করছে যে, বিদ্যমান সংবিধানের অনুচ্ছেদ ১৩ (মালিকানার নীতি), ১৫ (মৌলিক প্রয়োজনের ব্যবস্থা), ১৭ (অবতৈনিক ও বাধ্যতামূলক শিক্ষা), ১৮ (জনস্বাস্থ্য ও নৈতিকতা), ১৮ক (পরিবেশ ও জীববৈচিত্র্য সংরক্ষণ এবং উন্নয়ন), ১৯ (সুযোগের সমতা), ২০ (অধিকার ও কর্তব্যরূপে কর্ম), ২৩ (জাতীয় সংস্কৃতি), ২৩ক (উপজাতি, ক্ষুদ্র জাতিসত্তা, নৃ - গোষ্ঠী ও সম্প্রদায়ের সংস্কৃতি) এবং ২৪ (জাতীয় স্মৃতিনিদর্শন প্রভৃতি) বিলুপ্ত করা হোক। এই বিধানগুলো প্রস্তাবিত ‘মৌলিক অধিকার ও স্বাধীনতা' শিরোনামের অধীনে বলবৎযোগ্য অধিকার হিসেবে অন্তর্ভুক্ত করা হয়েছে। উপরোক্ত সুপারিশের পরিপ্রেক্ষিতে সংবিধানের দ্বিতীয় ভাগের অনুচ্ছেদ ১১, ১৪, ১৬, ২১, ২২ ও ২৫ তাদের বর্তমান রূপে সংবিধানের পুনর্বিন্যস্ত প্রথম ভাগে অন্তর্ভুক্ত করার সুপারিশ করা হলো। - - - - - - মৌলিক অধিকার ও স্বাধীনতা ২৬. কমিশন সুপারিশ করছে যে, সংবিধানে সকলের নিজস্ব সংস্কৃতির অধিকারকে স্বীকৃতি প্রদান করা হোক। এই অধিকারের মধ্যেঅন্তর্ভুক্ত থাকবে প্রত্যেকের নিজ ভাষা ব্যবহারের স্বাধীনতা, সাংস্কৃতিক জীবনে অংশগ্রহণ এবং ভাষা, মূল্যবোধ, প্রথা, লিপি ওঐতিহ্য অনুসারে ব্যক্তি ও সম্প্রদায়ের সাংস্কৃতিক পরিচয় রক্ষা করা। এ বিষয়ে রাষ্ট্র প্রয়োজনীয় সংরক্ষণ, উন্নয়ন ও বিকাশেরব্যবস্থা করবে। ২৭. কমিশন সুপারিশ করছে যে, সংবিধানে এমন অনুচ্ছেদ যুক্ত করা হোক যাতে সকল জাতি - গোষ্ঠীর ঐতিহ্য, ধর্ম, ভাষা ও সংস্কৃতিরক্ষা ও উন্নতির অধিকার থাকবে এবং আইন দ্বারা নির্ধারিত পর্যায় পর্যন্ত নিজ মাতৃভাষায় শিক্ষালাভের অধিকার থাকবে।",দ্বিতীয় ভাগ (রাষ্ট্র পরিচালনার মূলনীতি)
অনুচ্ছেদ ২৩ (জাতীয় সংস্কৃতি),,"“২৩। রাষ্ট্র জনগণের সাংস্কৃতিক ঐতিহ্য ও উত্তরাধিকার রক্ষণের জন্য ব্যবস্থা গ্ৰহণ করিবেন এবং জাতীয় ভাষাসহ দেশের সকল জাতিসত্তাসমূহের ভাষা, সাহিত্য, শিল্পকলাসমূহের এমন পরিপোষণ ও উন্নয়নের ব্যবস্থা গ্রহণ করিবেন, যাহাতে সর্বস্তরের জনগণ জাতীয় সংস্কৃতির এবং স্ব স্ব জাতিসত্তার সংস্কৃতির সমৃদ্ধিতে অবদান রাখিবার ও অংশগ্রহণ করিবার সুযোগ লাভ করিতে পারেন।”",ইউনাইটেড পিপল্‌স ডেমোক্রেটিক ফ্রন্ট (ইউপিডিএফ),,Amendment,No,,Nazmul,,দ্বিতীয় ভাগ (রাষ্ট্র পরিচালনার মূলনীতি)
"অনুচ্ছেদ ২৩ক (উপজাতি, ক্ষুদ্র জাতিসত্তা, সংস্কৃতি সম্প্রদায়ের সংস্কৃতি)","১৭[২৩ক। রাষ্ট্র বিভিন্ন উপজাতি, ক্ষুদ্র জাতিসত্তা, নৃ - গোষ্ঠী ও সম্প্রদায়ের অনন্য বৈশিষ্ট্যপূর্ণ আঞ্চলিক সংস্কৃতি এবং ঐতিহ্য সংরক্ষণ, উন্নয়ন ও বিকাশের ব্যবস্থা গ্রহণ করিবেন।]","পঞ্চদশ সংশোধনীর মাধ্যমে সংযোজিত অত্র অনুচ্ছেদে বলা হয়েছে; রাষ্ট্র বিভিন্ন উপজাতি, ক্ষুদ্র জাতিসত্তা, নৃ - গোষ্ঠি ও সম্প্রদায়ের অনন্য বৈশিষ্ট্যপূর্ণ আঞ্চলিক সংস্কৃতি এবং ঐতিহ্য সংরক্ষণ, উন্নয়ন ও বিকাশের ব্যবস্থা গ্রহণ করিবেন। - - - - সংযোজিত অনুচ্ছেদটি অপরিবর্তিত রাখা যেতে পারে। (পঞ্চদশ সংশোধনীর বৈধতা সংক্রান্ত মামলায় বিষয়টি বিচারাধীন )",বাংলাদেশ জাতীয়তাবাদী দল (বিএনপি),,Amendment,No,,Nazmul,"কমিশন সুপারিশ করছে যে, বিদ্যমান সংবিধানের অনুচ্ছেদ ১৩ (মালিকানার নীতি), ১৫ (মৌলিক প্রয়োজনের ব্যবস্থা), ১৭ (অবতৈনিক ও বাধ্যতামূলক শিক্ষা), ১৮ (জনস্বাস্থ্য ও নৈতিকতা), ১৮ক (পরিবেশ ও জীববৈচিত্র্য সংরক্ষণ এবং উন্নয়ন), ১৯ (সুযোগের সমতা), ২০ (অধিকার ও কর্তব্যরূপে কর্ম), ২৩ (জাতীয় সংস্কৃতি), ২৩ক (উপজাতি, ক্ষুদ্র জাতিসত্তা, নৃ - গোষ্ঠী ও সম্প্রদায়ের সংস্কৃতি) এবং ২৪ (জাতীয় স্মৃতিনিদর্শন প্রভৃতি) বিলুপ্ত করা হোক। এই বিধানগুলো প্রস্তাবিত ‘মৌলিক অধিকার ও স্বাধীনতা' শিরোনামের অধীনে বলবৎযোগ্য অধিকার হিসেবে অন্তর্ভুক্ত করা হয়েছে। উপরোক্ত সুপারিশের পরিপ্রেক্ষিতে সংবিধানের দ্বিতীয় ভাগের অনুচ্ছেদ ১১, ১৪, ১৬, ২১, ২২ ও ২৫ তাদের বর্তমান রূপে সংবিধানের পুনর্বিন্যস্ত প্রথম ভাগে অন্তর্ভুক্ত করার সুপারিশ করা হলো। - - - - - - মৌলিক অধিকার ও স্বাধীনতা ২৬. কমিশন সুপারিশ করছে যে, সংবিধানে সকলের নিজস্ব সংস্কৃতির অধিকারকে স্বীকৃতি প্রদান করা হোক। এই অধিকারের মধ্যেঅন্তর্ভুক্ত থাকবে প্রত্যেকের নিজ ভাষা ব্যবহারের স্বাধীনতা, সাংস্কৃতিক জীবনে অংশগ্রহণ এবং ভাষা, মূল্যবোধ, প্রথা, লিপি ওঐতিহ্য অনুসারে ব্যক্তি ও সম্প্রদায়ের সাংস্কৃতিক পরিচয় রক্ষা করা। এ বিষয়ে রাষ্ট্র প্রয়োজনীয় সংরক্ষণ, উন্নয়ন ও বিকাশেরব্যবস্থা করবে। ২৭. কমিশন সুপারিশ করছে যে, সংবিধানে এমন অনুচ্ছেদ যুক্ত করা হোক যাতে সকল জাতি - গোষ্ঠীর ঐতিহ্য, ধর্ম, ভাষা ও সংস্কৃতিরক্ষা ও উন্নতির অধিকার থাকবে এবং আইন দ্বারা নির্ধারিত পর্যায় পর্যন্ত নিজ মাতৃভাষায় শিক্ষালাভের অধিকার থাকবে।",দ্বিতীয় ভাগ (রাষ্ট্র পরিচালনার মূলনীতি)
"অনুচ্ছেদ ২৩ক (উপজাতি, ক্ষুদ্র জাতিসত্তা, সংস্কৃতি সম্প্রদায়ের সংস্কৃতি)",,পাহাড়ি জাতিগোষ্ঠীসহ অন্যান্য জাতিসত্তার সাংবিধানিক অধিকার নিশ্চিত করা। একইসাথে সংবিধানের ৬ ও ৯ নং ধারা সংস্কার করা।,বাংলাদেশের বিপ্লবী কমিউনিস্ট লীগ,,Amendment,No,,Nazmul,,দ্বিতীয় ভাগ (রাষ্ট্র পরিচালনার মূলনীতি)
"অনুচ্ছেদ ২৩ক (উপজাতি, ক্ষুদ্র জাতিসত্তা, সংস্কৃতি সম্প্রদায়ের সংস্কৃতি)",,উপজাতি শব্দটি বিলুপ্ত করে ‘বাঙালী ব্যতীত অন্যান জাতি ও জাতিস্বত্ত্বা' কিংবা আরো কোনো উপযুক্ত শব্দ দ্বারা প্রতিস্থাপন করা।,বাংলাদেশের জাতীয় সমাজতান্ত্রিক দল (বাংলাদেশ জাসদ),,Amendment,No,,Nazmul,,দ্বিতীয় ভাগ (রাষ্ট্র পরিচালনার মূলনীতি)
"অনুচ্ছেদ ২৩ক (উপজাতি, ক্ষুদ্র জাতিসত্তা, সংস্কৃতি সম্প্রদায়ের সংস্কৃতি)",,"গণতান্ত্রিক ও জবাবদিহিমূলক শাসনব্যবস্থা গড়ে তুলতে সংবিধানের অগণতান্ত্রিক, সাম্প্রদাযিক, বৈষম্যমূলক ও ক্ষুদ্র জাতিস্বত্তাবিদ্বেষী ধারাসমূহ বাতিল করা দরকার।",বাংলাদেশের বিপ্লবী ওয়ার্কার্স পার্টি,,Amendment,No,,Nazmul,,দ্বিতীয় ভাগ (রাষ্ট্র পরিচালনার মূলনীতি)
"অনুচ্ছেদ ২৩ক (উপজাতি, ক্ষুদ্র জাতিসত্তা, সংস্কৃতি সম্প্রদায়ের সংস্কৃতি)",,বাতিল,রাষ্ট্র সংস্কার আন্দোলন,,Amendment,No,,Nazmul,,দ্বিতীয় ভাগ (রাষ্ট্র পরিচালনার মূলনীতি)
"অনুচ্ছেদ ২৩ক (উপজাতি, ক্ষুদ্র জাতিসত্তা, সংস্কৃতি সম্প্রদায়ের সংস্কৃতি)",,"“২৩ (ক) এই অনুচ্ছেদটি নিম্নোক্তভাবে পুনঃলিখিত হবে রাষ্ট্র বাঙালির পাশাপাশি আদিবাসী ও অপরাপর সকল ভাষাভাষী জাতিগোষ্ঠির অনন্য বৈশিষ্ট্যপূর্ণ সংস্কৃতি ও ঐতিহত্য সংরক্ষণ, উন্নয়ন ও বিকাশের ব্যবস্থা গ্রহণ করবেন”",বাংলাদেশের কমিউনিস্ট পার্টি,,Amendment,No,,Nazmul,,দ্বিতীয় ভাগ (রাষ্ট্র পরিচালনার মূলনীতি)
"অনুচ্ছেদ ২৩ক (উপজাতি, ক্ষুদ্র জাতিসত্তা, সংস্কৃতি সম্প্রদায়ের সংস্কৃতি)",,"“২৩ক। সংখ্যালঘু জাতির সংস্কৃতি: রাষ্ট্র পার্বত্য চট্টগ্রামের পাহাড়ি জাতিসত্তাসহ সকল সংখ্যালঘু জাতির অনন্য বৈশিষ্ট্যপূর্ণ সংস্কৃতি, ঐতিহ্য এবং প্রথা সংরক্ষণ, উন্নয়ন ও বিকাশের ব্যবস্থা গ্রহণ করিবেন।”",ইউনাইটেড পিপল্‌স ডেমোক্রেটিক ফ্রন্ট (ইউপিডিএফ),,Amendment,No,,Nazmul,,দ্বিতীয় ভাগ (রাষ্ট্র পরিচালনার মূলনীতি)
"অনুচ্ছেদ ২৪ (জাতীয় স্মৃতিনিদৰ্শন, প্রভৃতি)","২৪। বিশেষ শৈল্পিক কিংবা ঐতিহাসিক গুরুত্বসম্পন্ন বা তাৎপর্যমন্ডিত স্মৃতিনিদর্শন, বস্তু বা স্থান - সমূহকে বিকৃতি, বিনাশ বা অপসারণ হইতে রক্ষা করিবার জন্য রাষ্ট্র ব্যবস্থা গ্রহণ করিবেন।",অপরিবর্তিত,রাষ্ট্র সংস্কার আন্দোলন,,Amendment,No,,Nazmul,"কমিশন সুপারিশ করছে যে, বিদ্যমান সংবিধানের অনুচ্ছেদ ১৩ (মালিকানার নীতি), ১৫ (মৌলিক প্রয়োজনের ব্যবস্থা), ১৭ (অবতৈনিক ও বাধ্যতামূলক শিক্ষা), ১৮ (জনস্বাস্থ্য ও নৈতিকতা), ১৮ক (পরিবেশ ও জীববৈচিত্র্য সংরক্ষণ এবং উন্নয়ন), ১৯ (সুযোগের সমতা), ২০ (অধিকার ও কর্তব্যরূপে কর্ম), ২৩ (জাতীয় সংস্কৃতি), ২৩ক (উপজাতি, ক্ষুদ্র জাতিসত্তা, নৃ - গোষ্ঠী ও সম্প্রদায়ের সংস্কৃতি) এবং ২৪ (জাতীয় স্মৃতিনিদর্শন প্রভৃতি) বিলুপ্ত করা হোক। এই বিধানগুলো প্রস্তাবিত ‘মৌলিক অধিকার ও স্বাধীনতা' শিরোনামের অধীনে বলবৎযোগ্য অধিকার হিসেবে অন্তর্ভুক্ত করা হয়েছে। উপরোক্ত সুপারিশের পরিপ্রেক্ষিতে সংবিধানের দ্বিতীয় ভাগের অনুচ্ছেদ ১১, ১৪, ১৬, ২১, ২২ ও ২৫ তাদের বর্তমান রূপে সংবিধানের পুনর্বিন্যস্ত প্রথম ভাগে অন্তর্ভুক্ত করার সুপারিশ করা হলো।",দ্বিতীয় ভাগ (রাষ্ট্র পরিচালনার মূলনীতি)
অনুচ্ছেদ ২৫ – (আন্তর্জাতিক শাস্তি নিরাপত্তা ও সংহতির উন্নয়ন),"২৫। ১৮[***] জাতীয় সার্বভৌমত্ব ও সমতার প্রতি শ্রদ্ধা, অন্যান্য রাষ্ট্রের অভ্যন্তরীণ বিষয়ে হস্তক্ষেপ না করা, আন্তর্জাতিক বিরোধের শান্তিপূর্ণ সমাধান এবং আন্তর্জাতিক আইনের ও জাতিসংঘের সনদে বর্ণিত নীতিসমূহের প্রতি শ্রদ্ধা - এই সকল নীতি হইবে রাষ্ট্রের আন্তর্জাতিক সম্পর্কের ভিত্তি এবং এই সকল নীতির ভিত্তিতে রাষ্ট্র (ক) আন্তর্জাতিক সম্পর্কের ক্ষেত্রে শক্তিপ্রয়োগ পরিহার এবং সাধারণ ও সম্পূর্ণ নিরস্ত্রীকরণের জন্য চেষ্টা করিবেন; (খ) প্রত্যেক জাতির স্বাধীন অভিপ্রায় অনুযায়ী পথ ও পন্থার মাধ্যমে অবাধে নিজস্ব সামাজিক, অর্থনৈতিক ও রাজনৈতিক ব্যবস্থা নির্ধারণ ও গঠনের অধিকার সমর্থন করিবেন; এবং (গ) সাম্রাজ্যবাদ, ঔপনিবেশিকতাবাদ বা বর্ণবৈষম্যবাদের বিরুদ্ধে বিশ্বের সর্বত্র নিপীড়িত জনগণের ন্যায়সঙ্গত সংগ্রামকে সমর্থন করিবেন। ১৯ [***]",পঞ্চদশ সংশোধনীর মাধ্যমে অত্র অনুচ্ছেদের দফা (২) বিলুপ্ত করা হয়েছে। উক্ত দফায় মুসলিম দেশসমূহের সাথে সম্পর্ক সংক্রান্ত বিশেষ দিকনির্দেশনা ছিল। - - - পঞ্চদশ সংশোধনীর মাধ্যমে আনীত পরিবর্তন বাতিল করতে হবে।,বাংলাদেশ জাতীয়তাবাদী দল (বিএনপি),,Amendment,No,,Nazmul,"কমিশন সুপারিশ করছে যে, বিদ্যমান সংবিধানের অনুচ্ছেদ ১৩ (মালিকানার নীতি), ১৫ (মৌলিক প্রয়োজনের ব্যবস্থা), ১৭ (অবতৈনিক ও বাধ্যতামূলক শিক্ষা), ১৮ (জনস্বাস্থ্য ও নৈতিকতা), ১৮ক (পরিবেশ ও জীববৈচিত্র্য সংরক্ষণ এবং উন্নয়ন), ১৯ (সুযোগের সমতা), ২০ (অধিকার ও কর্তব্যরূপে কর্ম), ২৩ (জাতীয় সংস্কৃতি), ২৩ক (উপজাতি, ক্ষুদ্র জাতিসত্তা, নৃ - গোষ্ঠী ও সম্প্রদায়ের সংস্কৃতি) এবং ২৪ (জাতীয় স্মৃতিনিদর্শন প্রভৃতি) বিলুপ্ত করা হোক। এই বিধানগুলো প্রস্তাবিত ‘মৌলিক অধিকার ও স্বাধীনতা' শিরোনামের অধীনে বলবৎযোগ্য অধিকার হিসেবে অন্তর্ভুক্ত করা হয়েছে। উপরোক্ত সুপারিশের পরিপ্রেক্ষিতে সংবিধানের দ্বিতীয় ভাগের অনুচ্ছেদ ১১, ১৪, ১৬, ২১, ২২ ও ২৫ তাদের বর্তমান রূপে সংবিধানের পুনর্বিন্যস্ত প্রথম ভাগে অন্তর্ভুক্ত করার সুপারিশ করা হলো।",দ্বিতীয় ভাগ (রাষ্ট্র পরিচালনার মূলনীতি)
অনুচ্ছেদ ২৫ – (আন্তর্জাতিক শাস্তি নিরাপত্তা ও সংহতির উন্নয়ন),,"পররাষ্ট্র নীতিতে সমমর্যাদা ও জাতীয় স্বার্থ রক্ষার প্রাধান্য। গণতন্ত্র, মানবাধিকার ও দুনিয়ার সমস্ত নিপীড়িত মানুষের পক্ষে থাকার ঘোষণা থাকতে হবে।",গণসংহতি আন্দোলন,,Amendment,No,,Nazmul,"কমিশন সুপারিশ করছে যে, বিদ্যমান সংবিধানের অনুচ্ছেদ ১৩ (মালিকানার নীতি), ১৫ (মৌলিক প্রয়োজনের ব্যবস্থা), ১৭ (অবতৈনিক ও বাধ্যতামূলক শিক্ষা), ১৮ (জনস্বাস্থ্য ও নৈতিকতা), ১৮ক (পরিবেশ ও জীববৈচিত্র্য সংরক্ষণ এবং উন্নয়ন), ১৯ (সুযোগের সমতা), ২০ (অধিকার ও কর্তব্যরূপে কর্ম), ২৩ (জাতীয় সংস্কৃতি), ২৩ক (উপজাতি, ক্ষুদ্র জাতিসত্তা, নৃ - গোষ্ঠী ও সম্প্রদায়ের সংস্কৃতি) এবং ২৪ (জাতীয় স্মৃতিনিদর্শন প্রভৃতি) বিলুপ্ত করা হোক। এই বিধানগুলো প্রস্তাবিত ‘মৌলিক অধিকার ও স্বাধীনতা' শিরোনামের অধীনে বলবৎযোগ্য অধিকার হিসেবে অন্তর্ভুক্ত করা হয়েছে। উপরোক্ত সুপারিশের পরিপ্রেক্ষিতে সংবিধানের দ্বিতীয় ভাগের অনুচ্ছেদ ১১, ১৪, ১৬, ২১, ২২ ও ২৫ তাদের বর্তমান রূপে সংবিধানের পুনর্বিন্যস্ত প্রথম ভাগে অন্তর্ভুক্ত করার সুপারিশ করা হলো।",দ্বিতীয় ভাগ (রাষ্ট্র পরিচালনার মূলনীতি)
অনুচ্ছেদ ২৫ – (আন্তর্জাতিক শাস্তি নিরাপত্তা ও সংহতির উন্নয়ন),,পররাষ্ট্রনীতি সাম্রাজ্যবাদ ও আধিপত্যবাদ মুক্ত রাখতে হবে।,ইসলামী আন্দোলন বাংলাদেশ,,Amendment,No,,Nazmul,"কমিশন সুপারিশ করছে যে, বিদ্যমান সংবিধানের অনুচ্ছেদ ১৩ (মালিকানার নীতি), ১৫ (মৌলিক প্রয়োজনের ব্যবস্থা), ১৭ (অবতৈনিক ও বাধ্যতামূলক শিক্ষা), ১৮ (জনস্বাস্থ্য ও নৈতিকতা), ১৮ক (পরিবেশ ও জীববৈচিত্র্য সংরক্ষণ এবং উন্নয়ন), ১৯ (সুযোগের সমতা), ২০ (অধিকার ও কর্তব্যরূপে কর্ম), ২৩ (জাতীয় সংস্কৃতি), ২৩ক (উপজাতি, ক্ষুদ্র জাতিসত্তা, নৃ - গোষ্ঠী ও সম্প্রদায়ের সংস্কৃতি) এবং ২৪ (জাতীয় স্মৃতিনিদর্শন প্রভৃতি) বিলুপ্ত করা হোক। এই বিধানগুলো প্রস্তাবিত ‘মৌলিক অধিকার ও স্বাধীনতা' শিরোনামের অধীনে বলবৎযোগ্য অধিকার হিসেবে অন্তর্ভুক্ত করা হয়েছে। উপরোক্ত সুপারিশের পরিপ্রেক্ষিতে সংবিধানের দ্বিতীয় ভাগের অনুচ্ছেদ ১১, ১৪, ১৬, ২১, ২২ ও ২৫ তাদের বর্তমান রূপে সংবিধানের পুনর্বিন্যস্ত প্রথম ভাগে অন্তর্ভুক্ত করার সুপারিশ করা হলো।",দ্বিতীয় ভাগ (রাষ্ট্র পরিচালনার মূলনীতি)
অনুচ্ছেদ ২৫ – (আন্তর্জাতিক শাস্তি নিরাপত্তা ও সংহতির উন্নয়ন),,পররাষ্ট্র নীতির সাথে সম্পর্কিত সংবিধানের অনুচ্ছেদে সংশোধন এনে বিশ্ব মানবাধিকার রক্ষায় বাংলাদেশ নামক ন্যায় এবং সত্যের পক্ষে সোচ্চার থাকবে এই ঘোষণা অন্তর্ভুক্ত করতে হবে।,জাতীয়তাবাদী গণতান্ত্রিক আন্দোলন (এনডিএম),,Amendment,No,,Nazmul,"কমিশন সুপারিশ করছে যে, বিদ্যমান সংবিধানের অনুচ্ছেদ ১৩ (মালিকানার নীতি), ১৫ (মৌলিক প্রয়োজনের ব্যবস্থা), ১৭ (অবতৈনিক ও বাধ্যতামূলক শিক্ষা), ১৮ (জনস্বাস্থ্য ও নৈতিকতা), ১৮ক (পরিবেশ ও জীববৈচিত্র্য সংরক্ষণ এবং উন্নয়ন), ১৯ (সুযোগের সমতা), ২০ (অধিকার ও কর্তব্যরূপে কর্ম), ২৩ (জাতীয় সংস্কৃতি), ২৩ক (উপজাতি, ক্ষুদ্র জাতিসত্তা, নৃ - গোষ্ঠী ও সম্প্রদায়ের সংস্কৃতি) এবং ২৪ (জাতীয় স্মৃতিনিদর্শন প্রভৃতি) বিলুপ্ত করা হোক। এই বিধানগুলো প্রস্তাবিত ‘মৌলিক অধিকার ও স্বাধীনতা' শিরোনামের অধীনে বলবৎযোগ্য অধিকার হিসেবে অন্তর্ভুক্ত করা হয়েছে। উপরোক্ত সুপারিশের পরিপ্রেক্ষিতে সংবিধানের দ্বিতীয় ভাগের অনুচ্ছেদ ১১, ১৪, ১৬, ২১, ২২ ও ২৫ তাদের বর্তমান রূপে সংবিধানের পুনর্বিন্যস্ত প্রথম ভাগে অন্তর্ভুক্ত করার সুপারিশ করা হলো।",দ্বিতীয় ভাগ (রাষ্ট্র পরিচালনার মূলনীতি)
অনুচ্ছেদ ২৫ – (আন্তর্জাতিক শাস্তি নিরাপত্তা ও সংহতির উন্নয়ন),,"সংবিধানে ২৫ অনুচ্ছেদে লেখা আছে রাষ্ট্র সাম্রাজ্যবাদ - ঔপনিবেশিকতাবাদ ও বর্ণ বৈষম্যবাদের বিরুদ্ধে বিশ্বের সর্বত্র নিপীড়িত জনগণের ন্যায়সংগত সংগ্রামকে সমর্থন দেবে; কোন দেশ অন্য কোন দেশের উপর আগ্রাসন চালালে বাংলাদেশ তার বিরুদ্ধে দাঁড়াবে এবং দেশে দেশে স্বাধীনতার সংগ্রাম সমৰ্থন যোগাবে। কিন্তু ইরাক যুদ্ধসহ বিভিন্ন দেশে আগ্রাসনের বিরুদ্ধে রাষ্ট্র, সরকার ও সংসদ কোন পদক্ষেপ নেয়নি।",বাংলাদেশের সমাজতান্ত্রিক দল (বাসদ),,Amendment,No,,Nazmul,"কমিশন সুপারিশ করছে যে, বিদ্যমান সংবিধানের অনুচ্ছেদ ১৩ (মালিকানার নীতি), ১৫ (মৌলিক প্রয়োজনের ব্যবস্থা), ১৭ (অবতৈনিক ও বাধ্যতামূলক শিক্ষা), ১৮ (জনস্বাস্থ্য ও নৈতিকতা), ১৮ক (পরিবেশ ও জীববৈচিত্র্য সংরক্ষণ এবং উন্নয়ন), ১৯ (সুযোগের সমতা), ২০ (অধিকার ও কর্তব্যরূপে কর্ম), ২৩ (জাতীয় সংস্কৃতি), ২৩ক (উপজাতি, ক্ষুদ্র জাতিসত্তা, নৃ - গোষ্ঠী ও সম্প্রদায়ের সংস্কৃতি) এবং ২৪ (জাতীয় স্মৃতিনিদর্শন প্রভৃতি) বিলুপ্ত করা হোক। এই বিধানগুলো প্রস্তাবিত ‘মৌলিক অধিকার ও স্বাধীনতা' শিরোনামের অধীনে বলবৎযোগ্য অধিকার হিসেবে অন্তর্ভুক্ত করা হয়েছে। উপরোক্ত সুপারিশের পরিপ্রেক্ষিতে সংবিধানের দ্বিতীয় ভাগের অনুচ্ছেদ ১১, ১৪, ১৬, ২১, ২২ ও ২৫ তাদের বর্তমান রূপে সংবিধানের পুনর্বিন্যস্ত প্রথম ভাগে অন্তর্ভুক্ত করার সুপারিশ করা হলো।",দ্বিতীয় ভাগ (রাষ্ট্র পরিচালনার মূলনীতি)
অনুচ্ছেদ ২৫ – (আন্তর্জাতিক শাস্তি নিরাপত্তা ও সংহতির উন্নয়ন),,যেকোনো ধরনের আপোসকামিতা ও আধিপত্য প্রত্যাখান করতে হবে।,ইসলামী আন্দোলন বাংলাদেশ,,Amendment,No,,Nazmul,"কমিশন সুপারিশ করছে যে, বিদ্যমান সংবিধানের অনুচ্ছেদ ১৩ (মালিকানার নীতি), ১৫ (মৌলিক প্রয়োজনের ব্যবস্থা), ১৭ (অবতৈনিক ও বাধ্যতামূলক শিক্ষা), ১৮ (জনস্বাস্থ্য ও নৈতিকতা), ১৮ক (পরিবেশ ও জীববৈচিত্র্য সংরক্ষণ এবং উন্নয়ন), ১৯ (সুযোগের সমতা), ২০ (অধিকার ও কর্তব্যরূপে কর্ম), ২৩ (জাতীয় সংস্কৃতি), ২৩ক (উপজাতি, ক্ষুদ্র জাতিসত্তা, নৃ - গোষ্ঠী ও সম্প্রদায়ের সংস্কৃতি) এবং ২৪ (জাতীয় স্মৃতিনিদর্শন প্রভৃতি) বিলুপ্ত করা হোক। এই বিধানগুলো প্রস্তাবিত ‘মৌলিক অধিকার ও স্বাধীনতা' শিরোনামের অধীনে বলবৎযোগ্য অধিকার হিসেবে অন্তর্ভুক্ত করা হয়েছে। উপরোক্ত সুপারিশের পরিপ্রেক্ষিতে সংবিধানের দ্বিতীয় ভাগের অনুচ্ছেদ ১১, ১৪, ১৬, ২১, ২২ ও ২৫ তাদের বর্তমান রূপে সংবিধানের পুনর্বিন্যস্ত প্রথম ভাগে অন্তর্ভুক্ত করার সুপারিশ করা হলো।",দ্বিতীয় ভাগ (রাষ্ট্র পরিচালনার মূলনীতি)
অনুচ্ছেদ ২৫ – (আন্তর্জাতিক শাস্তি নিরাপত্তা ও সংহতির উন্নয়ন),,"সকল দিক থেকে স্বাধীনতা সার্বভৌমত্ব ও ভৌগলিক অখণ্ডত্বের হেফাজত, সকল মজলুম জাতির প্রতি সমর্থন জানাতে হবে।",ইসলামী আন্দোলন বাংলাদেশ,,Amendment,No,,Nazmul,"কমিশন সুপারিশ করছে যে, বিদ্যমান সংবিধানের অনুচ্ছেদ ১৩ (মালিকানার নীতি), ১৫ (মৌলিক প্রয়োজনের ব্যবস্থা), ১৭ (অবতৈনিক ও বাধ্যতামূলক শিক্ষা), ১৮ (জনস্বাস্থ্য ও নৈতিকতা), ১৮ক (পরিবেশ ও জীববৈচিত্র্য সংরক্ষণ এবং উন্নয়ন), ১৯ (সুযোগের সমতা), ২০ (অধিকার ও কর্তব্যরূপে কর্ম), ২৩ (জাতীয় সংস্কৃতি), ২৩ক (উপজাতি, ক্ষুদ্র জাতিসত্তা, নৃ - গোষ্ঠী ও সম্প্রদায়ের সংস্কৃতি) এবং ২৪ (জাতীয় স্মৃতিনিদর্শন প্রভৃতি) বিলুপ্ত করা হোক। এই বিধানগুলো প্রস্তাবিত ‘মৌলিক অধিকার ও স্বাধীনতা' শিরোনামের অধীনে বলবৎযোগ্য অধিকার হিসেবে অন্তর্ভুক্ত করা হয়েছে। উপরোক্ত সুপারিশের পরিপ্রেক্ষিতে সংবিধানের দ্বিতীয় ভাগের অনুচ্ছেদ ১১, ১৪, ১৬, ২১, ২২ ও ২৫ তাদের বর্তমান রূপে সংবিধানের পুনর্বিন্যস্ত প্রথম ভাগে অন্তর্ভুক্ত করার সুপারিশ করা হলো।",দ্বিতীয় ভাগ (রাষ্ট্র পরিচালনার মূলনীতি)
অনুচ্ছেদ ২৫ – (আন্তর্জাতিক শাস্তি নিরাপত্তা ও সংহতির উন্নয়ন),,অপরিবর্তিত,রাষ্ট্র সংস্কার আন্দোলন,,Amendment,No,,Nazmul,"কমিশন সুপারিশ করছে যে, বিদ্যমান সংবিধানের অনুচ্ছেদ ১৩ (মালিকানার নীতি), ১৫ (মৌলিক প্রয়োজনের ব্যবস্থা), ১৭ (অবতৈনিক ও বাধ্যতামূলক শিক্ষা), ১৮ (জনস্বাস্থ্য ও নৈতিকতা), ১৮ক (পরিবেশ ও জীববৈচিত্র্য সংরক্ষণ এবং উন্নয়ন), ১৯ (সুযোগের সমতা), ২০ (অধিকার ও কর্তব্যরূপে কর্ম), ২৩ (জাতীয় সংস্কৃতি), ২৩ক (উপজাতি, ক্ষুদ্র জাতিসত্তা, নৃ - গোষ্ঠী ও সম্প্রদায়ের সংস্কৃতি) এবং ২৪ (জাতীয় স্মৃতিনিদর্শন প্রভৃতি) বিলুপ্ত করা হোক। এই বিধানগুলো প্রস্তাবিত ‘মৌলিক অধিকার ও স্বাধীনতা' শিরোনামের অধীনে বলবৎযোগ্য অধিকার হিসেবে অন্তর্ভুক্ত করা হয়েছে। উপরোক্ত সুপারিশের পরিপ্রেক্ষিতে সংবিধানের দ্বিতীয় ভাগের অনুচ্ছেদ ১১, ১৪, ১৬, ২১, ২২ ও ২৫ তাদের বর্তমান রূপে সংবিধানের পুনর্বিন্যস্ত প্রথম ভাগে অন্তর্ভুক্ত করার সুপারিশ করা হলো।",দ্বিতীয় ভাগ (রাষ্ট্র পরিচালনার মূলনীতি)
অনুচ্ছেদ ২৫ – (আন্তর্জাতিক শাস্তি নিরাপত্তা ও সংহতির উন্নয়ন),,বাংলাদেশের আইন অনুযায়ী দেশদ্রোহী ও বিশ্বাসঘাতক এবং নাশকতাকারী হিসেবে প্রমাণিত না হলে কোন বিদেশী রাজনৈতিক আশ্রয় চাইলে সরকার তাকে আশ্রয় দিতে পারবে ।,ইসলামী আন্দোলন বাংলাদেশ,,Amendment,No,,Nazmul,"কমিশন সুপারিশ করছে যে, বিদ্যমান সংবিধানের অনুচ্ছেদ ১৩ (মালিকানার নীতি), ১৫ (মৌলিক প্রয়োজনের ব্যবস্থা), ১৭ (অবতৈনিক ও বাধ্যতামূলক শিক্ষা), ১৮ (জনস্বাস্থ্য ও নৈতিকতা), ১৮ক (পরিবেশ ও জীববৈচিত্র্য সংরক্ষণ এবং উন্নয়ন), ১৯ (সুযোগের সমতা), ২০ (অধিকার ও কর্তব্যরূপে কর্ম), ২৩ (জাতীয় সংস্কৃতি), ২৩ক (উপজাতি, ক্ষুদ্র জাতিসত্তা, নৃ - গোষ্ঠী ও সম্প্রদায়ের সংস্কৃতি) এবং ২৪ (জাতীয় স্মৃতিনিদর্শন প্রভৃতি) বিলুপ্ত করা হোক। এই বিধানগুলো প্রস্তাবিত ‘মৌলিক অধিকার ও স্বাধীনতা' শিরোনামের অধীনে বলবৎযোগ্য অধিকার হিসেবে অন্তর্ভুক্ত করা হয়েছে। উপরোক্ত সুপারিশের পরিপ্রেক্ষিতে সংবিধানের দ্বিতীয় ভাগের অনুচ্ছেদ ১১, ১৪, ১৬, ২১, ২২ ও ২৫ তাদের বর্তমান রূপে সংবিধানের পুনর্বিন্যস্ত প্রথম ভাগে অন্তর্ভুক্ত করার সুপারিশ করা হলো।",দ্বিতীয় ভাগ (রাষ্ট্র পরিচালনার মূলনীতি)
অনুচ্ছেদ ২৫ – (আন্তর্জাতিক শাস্তি নিরাপত্তা ও সংহতির উন্নয়ন),,"দেশের প্রাকৃতিক ও অর্থনৈতিক সম্পদ, সংস্কৃতি, সশস্ত্র বাহিনী ও অন্যান্য ক্ষেত্রের ওপর যেকোনে আধিপত্য প্রতিষ্ঠার কারণ হতে পারে এমন যেকোনো ধরনের চুক্তি না করা।",ইসলামী আন্দোলন বাংলাদেশ,,Amendment,No,,Nazmul,"কমিশন সুপারিশ করছে যে, বিদ্যমান সংবিধানের অনুচ্ছেদ ১৩ (মালিকানার নীতি), ১৫ (মৌলিক প্রয়োজনের ব্যবস্থা), ১৭ (অবতৈনিক ও বাধ্যতামূলক শিক্ষা), ১৮ (জনস্বাস্থ্য ও নৈতিকতা), ১৮ক (পরিবেশ ও জীববৈচিত্র্য সংরক্ষণ এবং উন্নয়ন), ১৯ (সুযোগের সমতা), ২০ (অধিকার ও কর্তব্যরূপে কর্ম), ২৩ (জাতীয় সংস্কৃতি), ২৩ক (উপজাতি, ক্ষুদ্র জাতিসত্তা, নৃ - গোষ্ঠী ও সম্প্রদায়ের সংস্কৃতি) এবং ২৪ (জাতীয় স্মৃতিনিদর্শন প্রভৃতি) বিলুপ্ত করা হোক। এই বিধানগুলো প্রস্তাবিত ‘মৌলিক অধিকার ও স্বাধীনতা' শিরোনামের অধীনে বলবৎযোগ্য অধিকার হিসেবে অন্তর্ভুক্ত করা হয়েছে। উপরোক্ত সুপারিশের পরিপ্রেক্ষিতে সংবিধানের দ্বিতীয় ভাগের অনুচ্ছেদ ১১, ১৪, ১৬, ২১, ২২ ও ২৫ তাদের বর্তমান রূপে সংবিধানের পুনর্বিন্যস্ত প্রথম ভাগে অন্তর্ভুক্ত করার সুপারিশ করা হলো।",দ্বিতীয় ভাগ (রাষ্ট্র পরিচালনার মূলনীতি)
অনুচ্ছেদ ২৫ – (আন্তর্জাতিক শাস্তি নিরাপত্তা ও সংহতির উন্নয়ন),,আধিপত্যবাদী শক্তি সমূহের সাথে চুক্তিবদ্ধ বা জোটবদ্ধ না হওয়া ।,ইসলামী আন্দোলন বাংলাদেশ,,Amendment,No,,Nazmul,"কমিশন সুপারিশ করছে যে, বিদ্যমান সংবিধানের অনুচ্ছেদ ১৩ (মালিকানার নীতি), ১৫ (মৌলিক প্রয়োজনের ব্যবস্থা), ১৭ (অবতৈনিক ও বাধ্যতামূলক শিক্ষা), ১৮ (জনস্বাস্থ্য ও নৈতিকতা), ১৮ক (পরিবেশ ও জীববৈচিত্র্য সংরক্ষণ এবং উন্নয়ন), ১৯ (সুযোগের সমতা), ২০ (অধিকার ও কর্তব্যরূপে কর্ম), ২৩ (জাতীয় সংস্কৃতি), ২৩ক (উপজাতি, ক্ষুদ্র জাতিসত্তা, নৃ - গোষ্ঠী ও সম্প্রদায়ের সংস্কৃতি) এবং ২৪ (জাতীয় স্মৃতিনিদর্শন প্রভৃতি) বিলুপ্ত করা হোক। এই বিধানগুলো প্রস্তাবিত ‘মৌলিক অধিকার ও স্বাধীনতা' শিরোনামের অধীনে বলবৎযোগ্য অধিকার হিসেবে অন্তর্ভুক্ত করা হয়েছে। উপরোক্ত সুপারিশের পরিপ্রেক্ষিতে সংবিধানের দ্বিতীয় ভাগের অনুচ্ছেদ ১১, ১৪, ১৬, ২১, ২২ ও ২৫ তাদের বর্তমান রূপে সংবিধানের পুনর্বিন্যস্ত প্রথম ভাগে অন্তর্ভুক্ত করার সুপারিশ করা হলো।",দ্বিতীয় ভাগ (রাষ্ট্র পরিচালনার মূলনীতি)
অনুচ্ছেদ ২৫ – (আন্তর্জাতিক শাস্তি নিরাপত্তা ও সংহতির উন্নয়ন),,"২৫. এর ক, খ, গ এর সাথে এই দফাটি সংযোজন করা হবে। (ঘ) মুসলিম উম্মাহর অংশ হিসাবে মুসলিম দেশসমুহের সাথে সুসম্পর্ক স্থাপন ও উম্মাহর ঐক্যের উপর জোর দেয়া হবে ।",খেলাফত মজলিস,,Amendment,No,,Nazmul,"কমিশন সুপারিশ করছে যে, বিদ্যমান সংবিধানের অনুচ্ছেদ ১৩ (মালিকানার নীতি), ১৫ (মৌলিক প্রয়োজনের ব্যবস্থা), ১৭ (অবতৈনিক ও বাধ্যতামূলক শিক্ষা), ১৮ (জনস্বাস্থ্য ও নৈতিকতা), ১৮ক (পরিবেশ ও জীববৈচিত্র্য সংরক্ষণ এবং উন্নয়ন), ১৯ (সুযোগের সমতা), ২০ (অধিকার ও কর্তব্যরূপে কর্ম), ২৩ (জাতীয় সংস্কৃতি), ২৩ক (উপজাতি, ক্ষুদ্র জাতিসত্তা, নৃ - গোষ্ঠী ও সম্প্রদায়ের সংস্কৃতি) এবং ২৪ (জাতীয় স্মৃতিনিদর্শন প্রভৃতি) বিলুপ্ত করা হোক। এই বিধানগুলো প্রস্তাবিত ‘মৌলিক অধিকার ও স্বাধীনতা' শিরোনামের অধীনে বলবৎযোগ্য অধিকার হিসেবে অন্তর্ভুক্ত করা হয়েছে। উপরোক্ত সুপারিশের পরিপ্রেক্ষিতে সংবিধানের দ্বিতীয় ভাগের অনুচ্ছেদ ১১, ১৪, ১৬, ২১, ২২ ও ২৫ তাদের বর্তমান রূপে সংবিধানের পুনর্বিন্যস্ত প্রথম ভাগে অন্তর্ভুক্ত করার সুপারিশ করা হলো।",দ্বিতীয় ভাগ (রাষ্ট্র পরিচালনার মূলনীতি)
অনুচ্ছেদ ২৫ – (আন্তর্জাতিক শাস্তি নিরাপত্তা ও সংহতির উন্নয়ন),,যেসব দেশ শত্রুতার নীতি অবলম্বন করে না তাদের সাথে পারস্পরিক শান্তিপূর্ণ সম্পর্ক স্থাপন ।,ইসলামী আন্দোলন বাংলাদেশ,,Amendment,No,,Nazmul,"কমিশন সুপারিশ করছে যে, বিদ্যমান সংবিধানের অনুচ্ছেদ ১৩ (মালিকানার নীতি), ১৫ (মৌলিক প্রয়োজনের ব্যবস্থা), ১৭ (অবতৈনিক ও বাধ্যতামূলক শিক্ষা), ১৮ (জনস্বাস্থ্য ও নৈতিকতা), ১৮ক (পরিবেশ ও জীববৈচিত্র্য সংরক্ষণ এবং উন্নয়ন), ১৯ (সুযোগের সমতা), ২০ (অধিকার ও কর্তব্যরূপে কর্ম), ২৩ (জাতীয় সংস্কৃতি), ২৩ক (উপজাতি, ক্ষুদ্র জাতিসত্তা, নৃ - গোষ্ঠী ও সম্প্রদায়ের সংস্কৃতি) এবং ২৪ (জাতীয় স্মৃতিনিদর্শন প্রভৃতি) বিলুপ্ত করা হোক। এই বিধানগুলো প্রস্তাবিত ‘মৌলিক অধিকার ও স্বাধীনতা' শিরোনামের অধীনে বলবৎযোগ্য অধিকার হিসেবে অন্তর্ভুক্ত করা হয়েছে। উপরোক্ত সুপারিশের পরিপ্রেক্ষিতে সংবিধানের দ্বিতীয় ভাগের অনুচ্ছেদ ১১, ১৪, ১৬, ২১, ২২ ও ২৫ তাদের বর্তমান রূপে সংবিধানের পুনর্বিন্যস্ত প্রথম ভাগে অন্তর্ভুক্ত করার সুপারিশ করা হলো।",দ্বিতীয় ভাগ (রাষ্ট্র পরিচালনার মূলনীতি)
অনুচ্ছেদ ২৫ – (আন্তর্জাতিক শাস্তি নিরাপত্তা ও সংহতির উন্নয়ন),,"বাংলাদেশ আন্তর্জাতিক মানবাধিকারের সার্বজনীন ঘোষণা এবং অন্যান্য মানবাধিকার বিষয়ক আন্তর্জাতিক চুক্তিগুলোর স্বাক্ষরকারী রাষ্ট্র হিসাবে প্রতিশ্রুতিবদ্ধ, এবং এই ঘোষণা ও চুক্তিতে উল্লেখিত অধিকারগুলো রাষ্ট্রের বাধ্যবাধকতা হিসেবে গণ্য হবে। নাগরিক ও মৌলিক মানবাধিকার নিশ্চিত করতে, রাষ্ট্রকে কার্যকরী এবং সুসংগঠিত পদক্ষেপ গ্রহণ করতে হবে। অধিকারসমূহের সুরক্ষায় রাষ্ট্রের দায়বদ্ধতা শুধুমাত্র প্রতিশ্রুতি পর্যন্ত সীমাবদ্ধ নয়, বরং তা বাস্তবায়নের জন্য প্রয়োজনীয় অবকাঠামো, আইন, ও নীতি প্রণয়ন ও কার্যকর করা অপরিহার্য। এই প্রক্রিয়ায়, সামঞ্জস্যহীন আইন বা চুক্তিসমূহকে বাতিল করা হবে, যা মানুষের মৌলিক অধিকার ও স্বাধীনতাকে ক্ষুণ্ণ করে । নির্বাহী বিভাগ",আমার বাংলাদেশ পার্টি (এবি পার্টি),,Amendment,No,,Nazmul,"কমিশন সুপারিশ করছে যে, বিদ্যমান সংবিধানের অনুচ্ছেদ ১৩ (মালিকানার নীতি), ১৫ (মৌলিক প্রয়োজনের ব্যবস্থা), ১৭ (অবতৈনিক ও বাধ্যতামূলক শিক্ষা), ১৮ (জনস্বাস্থ্য ও নৈতিকতা), ১৮ক (পরিবেশ ও জীববৈচিত্র্য সংরক্ষণ এবং উন্নয়ন), ১৯ (সুযোগের সমতা), ২০ (অধিকার ও কর্তব্যরূপে কর্ম), ২৩ (জাতীয় সংস্কৃতি), ২৩ক (উপজাতি, ক্ষুদ্র জাতিসত্তা, নৃ - গোষ্ঠী ও সম্প্রদায়ের সংস্কৃতি) এবং ২৪ (জাতীয় স্মৃতিনিদর্শন প্রভৃতি) বিলুপ্ত করা হোক। এই বিধানগুলো প্রস্তাবিত ‘মৌলিক অধিকার ও স্বাধীনতা' শিরোনামের অধীনে বলবৎযোগ্য অধিকার হিসেবে অন্তর্ভুক্ত করা হয়েছে। উপরোক্ত সুপারিশের পরিপ্রেক্ষিতে সংবিধানের দ্বিতীয় ভাগের অনুচ্ছেদ ১১, ১৪, ১৬, ২১, ২২ ও ২৫ তাদের বর্তমান রূপে সংবিধানের পুনর্বিন্যস্ত প্রথম ভাগে অন্তর্ভুক্ত করার সুপারিশ করা হলো।",দ্বিতীয় ভাগ (রাষ্ট্র পরিচালনার মূলনীতি)
অনুচ্ছেদ ২৫ – (আন্তর্জাতিক শাস্তি নিরাপত্তা ও সংহতির উন্নয়ন),,শিক্ষা প্রতিষ্ঠানসহ সকল প্রতিষ্ঠানে/সেক্টরে লেজুরভিত্তিক দলীয় চর্চা বন্ধ করতে হবে।,ইসলামী আন্দোলন বাংলাদেশ,,Addition,No,,Nazmul,"কমিশন সুপারিশ করছে যে, বিদ্যমান সংবিধানের অনুচ্ছেদ ১৩ (মালিকানার নীতি), ১৫ (মৌলিক প্রয়োজনের ব্যবস্থা), ১৭ (অবতৈনিক ও বাধ্যতামূলক শিক্ষা), ১৮ (জনস্বাস্থ্য ও নৈতিকতা), ১৮ক (পরিবেশ ও জীববৈচিত্র্য সংরক্ষণ এবং উন্নয়ন), ১৯ (সুযোগের সমতা), ২০ (অধিকার ও কর্তব্যরূপে কর্ম), ২৩ (জাতীয় সংস্কৃতি), ২৩ক (উপজাতি, ক্ষুদ্র জাতিসত্তা, নৃ - গোষ্ঠী ও সম্প্রদায়ের সংস্কৃতি) এবং ২৪ (জাতীয় স্মৃতিনিদর্শন প্রভৃতি) বিলুপ্ত করা হোক। এই বিধানগুলো প্রস্তাবিত ‘মৌলিক অধিকার ও স্বাধীনতা' শিরোনামের অধীনে বলবৎযোগ্য অধিকার হিসেবে অন্তর্ভুক্ত করা হয়েছে। উপরোক্ত সুপারিশের পরিপ্রেক্ষিতে সংবিধানের দ্বিতীয় ভাগের অনুচ্ছেদ ১১, ১৪, ১৬, ২১, ২২ ও ২৫ তাদের বর্তমান রূপে সংবিধানের পুনর্বিন্যস্ত প্রথম ভাগে অন্তর্ভুক্ত করার সুপারিশ করা হলো।",দ্বিতীয় ভাগ (রাষ্ট্র পরিচালনার মূলনীতি)
অনুচ্ছেদ ৮ - ২৫ (দ্বিতীয় ভাগ) — কমিশনের সংযোজন,[প্রযোজ্য নয়],[প্রযোজ্য নয়],[প্রযোজ্য নয়],,Addition,No,,Nazmul,"মৌলিক অধিকার ও স্বাধীনতা ১. কমিশন সুপারিশ করছে যে, বর্তমান সংবিধানের দ্বিতীয় ভাগের অর্থনৈতিক, সামাজিক, সাংস্কৃতিক ও পরিবেশগত অধিকার এবং তৃতীয় ভাগের মৌলিক অধিকারগুলো সংশোধন করে ‘মৌলিক অধিকার ও স্বাধীনতা' নামে একটি একক অধিকারের সনদ গঠন করা হোক। ২. কমিশন সুপারিশ করছে যে, রাষ্ট্র পরিচালনার মূলনীতি ভাগ থেকে গুরুত্বপূর্ণ রাজনৈতিক ও রাষ্ট্রীয় নীতিমালাগুলো সংবিধানের প্রথম ভাগে স্থানান্তরিত হোক। - - - ২৮. কমিশন সুপারিশ করছে যে, বিশেষভাবে অক্ষম ব্যক্তিদের জন্য এমন অধিকার যোগ করা হোক যাতে অন্তর্ভুক্ত থাকবে - বিভিন্ন স্থানে যাওয়ার জন্য যুক্তিসঙ্গত সুযোগ, ইশারা ভাষা ব্যবহার করার সুযোগ এবং তাদের প্রতিবন্ধকতার সাথে সম্পর্কিত প্রয়োজনীয় জিনিসপত্র, উপকরণ ও যন্ত্রপাতির যুক্তিসঙ্গত প্রাপ্তির সুযোগ। ২৯. কমিশন সুপারিশ করছে যে, শিশুর সর্বোত্তম স্বার্থের নীতিকে গ্রহণ করে একটি শিশু অধিকারবিষয়ক অনুচ্ছেদ যুক্ত করা হোক, যার মধ্যে থাকবে - নাম ও পরিচয়ের অধিকার; সহিংসতা ও অমানবিক আচরণ থেকে সুরক্ষা পাওয়ার অধিকার; এবং নির্যাতন, অবহেলা, ক্ষতিকর সাংস্কৃতিক প্রথা, যেকোনো ধরনের সহিংসতা, অমানবিক আচরণ ও শাস্তি এবং বিপজ্জনক বা শোষণমূলক শ্রম থেকে সুরক্ষিত থাকার অধিকার, এবং রাষ্ট্রের সামর্থ্য সাপেক্ষে টিকা, স্বাস্থ্যসেবা, পারিবারিক যত্ন বা পিতা - মাতার যত্ন ও পারিবারিক পরিবেশ থেকে বঞ্চিত বা বিচ্ছিন্ন হলে উপযুক্ত বিকল্প যত্ন পাওয়ার অধিকার। ৩০. কমিশন সুপারিশ করছে যে, বর্তমান ও ভবিষ্যৎ প্রজন্মের জন্য নিরাপদ, পরিষ্কার, স্বাস্থ্যসম্মত এবং ভারসাম্যপূর্ণ ও টেকসই পরিবেশের অধিকার সংবিধানে নিশ্চিত করা হোক। সকল অর্থনৈতিক নীতি প্রণয়নে ভূমি - নদী - অরণ্য - সমুদ্র - বায়ুকে সর্বদা মুক্ত ও নির্মল রাখা সুনিশ্চিত করবে। ৩১. কমিশন সুপারিশ করছে যে, উন্নয়নের অধিকারকে মৌলিক অধিকার ও স্বাধীনতার অংশ হিসেবে বলবৎযোগ্য অধিকার হিসেবে অন্তর্ভুক্ত করা হোক, যার মাধ্যমে অর্থনৈতিক, সামাজিক, সাংস্কৃতিক এবং রাজনৈতিক উন্নয়নে অংশগ্রহণ, অবদান রাখা এবং উপভোগ করার অধিকার নিশ্চিত করা যাবে, যাতে সকল মানবাধিকার ও মৌলিক স্বাধীনতা সম্পূর্ণভাবে বাস্তবায়িত হতে পারে। ৩২. কমিশন সুপারিশ করছে যে, সংবিধানে বিজ্ঞানের অধিকার অন্তর্ভুক্ত করা হোক, যেখানে বিজ্ঞান ও প্রযুক্তির অগ্রগতিতে অংশগ্রহণ ও এর সুফল ভোগের অধিকার, বৈজ্ঞানিক গবেষণার স্বাধীনতা, বৈজ্ঞানিক ও প্রযুক্তিগত উন্নয়ন এবং বিজ্ঞান ও প্রযুক্তির প্রতিকূল প্রভাব থেকে সুরক্ষার অধিকার নিশ্চিত করা হবে। ৩৩. কমিশন সুপারিশ করছে যে, ভবিষ্যৎ প্রজন্মের অধিকার সংবিধানে অন্তর্ভুক্ত করা হোক, যা আর্থিক দায়, সুবিধা, প্রাকৃতিক সম্পদসহ সকল সম্পদ বণ্টন (sharing) ও ব্যবস্থাপনার পাশাপাশি পরিবেশ সুরক্ষায় ন্যায্যতা নিশ্চিত করবে। এ ছাড়া ভবিষ্যৎ প্রজন্মের অধিকার পর্যবেক্ষণের জন্য একটি কমিশন গঠন করা হোক। - - - - ৪০. কমিশন সুপারিশ করছে যে, যেসব অধিকার সম্পূর্ণরূপে বাস্তবায়নের জন্য উল্লেখযোগ্য সম্পদ ও সময়ের প্রয়োজন, সংবিধান তাদের বাস্তবায়ন সম্পদের প্রাপ্যতার উপর নির্ভরশীল করবে, এবং তাদের ধারাবাহিকভাবে বাস্তবায়নের (progressive realization) প্রতিশ্রুতি থাকবে। কমিশন আরও সুপারিশ করছে যে, কোনো অধিকার প্রয়োগের ক্ষেত্রে যদি রাষ্ট্র অধিকারটি বাস্তবায়নের জন্য পর্যাপ্ত সম্পদ নেই বলে দাবি করে, তাহলে আদালত নিম্নলিখিত নীতিগুলি বিবেচনা করবে: (ক) রাষ্ট্রকেই প্রমাণ করতে হবে যে পর্যাপ্ত সম্পদ নেই; (খ) সম্পদ বরাদ্দের ক্ষেত্রে, রাষ্ট্রকে অবশ্যই বিরাজমান পরিস্থিতি - বিশেষ করে নির্দিষ্ট গোষ্ঠী বা ব্যক্তির অবস্থা ও অবস্থান - বিবেচনা করে মৌলিক অধিকার বা স্বাধীনতার সর্বাধিক উপভোগ নিশ্চিত করাকে অগ্রাধিকার দিতে হবে; এবং (গ) আদালত কেবল এই কারণে রাষ্ট্রের সম্পদ বরাদ্দ সংক্রান্ত কোনো সিদ্ধান্তে হস্তক্ষেপ করবে না যে রাষ্ট্র সেই সম্পদ ভিন্নভাবে ব্যবহার করতে পারে।",দ্বিতীয় ভাগ (রাষ্ট্র পরিচালনার মূলনীতি)
অনুচ্ছেদ ২৬ (মৌলিক অধিকারের সহিত অসামঞ্জস্য আইন বাতিল ),"২৬। (১) এই ভাগের বিধানাবলীর সহিত অসমঞ্জস সকল প্রচলিত আইন যতখানি অসামঞ্জস্যপূর্ণ, এই সংবিধান - প্রবর্তন হইতে সেই সকল আইনের ততখানি বাতিল হইয়া যাইবে। (২) রাষ্ট্র এই ভাগের কোন বিধানের সহিত অসমঞ্জস কোন আইন প্রণয়ন করিবেন না এবং অনুরূপ কোন আইন প্রণীত হইলে তাহা এই ভাগের কোন বিধানের সহিত যতখানি অসামঞ্জস্যপূর্ণ, ততখানি বাতিল হইয়া যাইবে। 20 [(৩) সংবিধানের ১৪২ অনুচ্ছেদের অধীন প্রণীত সংশোধনের ক্ষেত্রে এই অনুচ্ছেদের কোন কিছুই প্রযোজ্য হইবে না।","বিদ্যমান সংবিধান মৌলিক অধিকারের নিশ্চয়তা দেয় না, হরণ করে মাত্র। শর্ত সাপেক্ষে যৌক্তিক বাধা নিষেধ ইত্যাদি উঠিয়ে মৌলিক অধিকারকে নিরঙ্কুশ করতে হবে",জাতীয় নাগরিক কমিটি,,Amendment,No,,,"মৌলিক অধিকার ও স্বাধীনতা ১. কমিশন সুপারিশ করছে যে, বর্তমান সংবিধানের দ্বিতীয় ভাগের অর্থনৈতিক, সামাজিক, সাংস্কৃতিক ও পরিবেশগত অধিকার এবং তৃতীয় ভাগের মৌলিক অধিকারগুলো সংশোধন করে ‘মৌলিক অধিকার ও স্বাধীনতা' নামে একটি একক অধিকারের সনদ গঠন করা হোক। ৩৪. কমিশন সুপারিশ করছে যে, জীবনের অধিকার, চিন্তা ও বিবেকের স্বাধীনতা, আইনের দৃষ্টিতে সমতা, নিপীড়ন কিংবা নিষ্ঠুর, অমানবিক বা অমর্যাদাকর দণ্ড বা ব্যবহারের ওপর নিষেধাজ্ঞা, দাসত্ব ও জবরদস্তি শ্রমের নিষেধাজ্ঞাসহ নির্দিষ্ট কিছু অধিকারকে কোনো ধরনের সীমা আরোপের অধীন করা যাবে না।",তৃতীয় ভাগ (মৌলিক অধিকার)
অনুচ্ছেদ ২৬ (মৌলিক অধিকারের সহিত অসামঞ্জস্য আইন বাতিল ),,"শিক্ষা, স্বাস্থ্য ও বাসস্থানের অধিকারকে মৌলিক অধিকার হিসেবে অন্তর্ভুক্ত করতে হবে।",গণঅধিকার পরিষদ (নুর),,Amendment,No,,,,তৃতীয় ভাগ (মৌলিক অধিকার)
অনুচ্ছেদ ২৬ (মৌলিক অধিকারের সহিত অসামঞ্জস্য আইন বাতিল ),,সংবিধানের তৃতীয় ভাগে বর্ণিত মৌলিক অধিকারসমূহকে শর্তের বেড়াজাল থেকে মুক্ত করা।,বাংলাদেশের বিপ্লবী কমিউনিস্ট লীগ,,Amendment,No,,,,তৃতীয় ভাগ (মৌলিক অধিকার)
অনুচ্ছেদ ২৬ (মৌলিক অধিকারের সহিত অসামঞ্জস্য আইন বাতিল ),,মৌলিক অধিকার খর্ব হলে যে কোনো নাগরিক আইনের আশ্রয় নিতে পারবে,বাংলাদেশের বিপ্লবী কমিউনিস্ট লীগ,,Amendment,No,,,,তৃতীয় ভাগ (মৌলিক অধিকার)
অনুচ্ছেদ ২৬ (মৌলিক অধিকারের সহিত অসামঞ্জস্য আইন বাতিল ),,"অনুচ্ছেদ ২৬ হিসাবে সংযোজন হবেঃ প্রস্তাবনা, মৌলিক আদর্শ ও লক্ষ্য, রাষ্ট্র পরিচালনার মূলনীতি সংশোধন করতে হলে প্রথমে সংসদের দু - তৃতীয়াংশ ভোটে পাস হতে হবে এবং তারপর সংশোধনীটি রেফারেন্ডামের মাধ্যমে গৃহীত হতে হবে। নতুন অনুচ্ছেদ সংযোজন করতে হবে - “জনগণের অংশীদারিত্ব নিশ্চিত করার লক্ষ্যে রেফারেন্ডাম, রিকল ইত্যাদি ব্যবস্থা থাকবে।",খেলাফত মজলিস,,Amendment,No,,,,তৃতীয় ভাগ (মৌলিক অধিকার)
অনুচ্ছেদ ২৬ (মৌলিক অধিকারের সহিত অসামঞ্জস্য আইন বাতিল ),,নাগরিকদের মৌলিক অধিকারের নিশ্চয়তা দিতে হবে,জাতীয় পার্টি (কাজী জাফর),,Amendment,No,,,,তৃতীয় ভাগ (মৌলিক অধিকার)
"অনুচ্ছেদ ২৮ (ধর্ম, প্রভৃতি কারণে বৈষম্য)","২৮। (১) কেবল ধর্ম, গোষ্ঠী, বর্ণ, নারীপুরুষভেদ বা জন্মস্থানের কারণে কোন নাগরিকের প্রতি রাষ্ট্র বৈষম্য প্রদর্শন করিবেন না। (২) রাষ্ট্র ও গণজীবনের সর্বস্তরে নারীপুরুষের সমান অধিকার লাভ করিবেন। (৩) কেবল ধর্ম, গোষ্ঠী, বর্ণ, নারী পুরুষভেদ বা জন্মস্থানের কারণে জনসাধারণের কোন বিনোদন বা বিশ্রামের স্থানে প্রবেশের কিংবা কোন শিক্ষা - প্রতিষ্ঠানে ভর্তির বিষয়ে কোন নাগরিককে কোনরূপ অক্ষমতা, বাধ্যবাধকতা, বাধা বা শর্তের অধীন করা যাইবে না। (৪) নারী বা শিশুদের অনুকূলে কিংবা নাগরিকদের যে কোন অনগ্রসর অংশের অগ্রগতির জন্য বিশেষ বিধানপ্রণয়ন হইতে এই অনুচ্ছেদের কোন কিছুই রাষ্ট্রকে নিবৃত্ত করিবে না।","জাতিগত, ধর্মীয় ও ভাষাগত সংখ্যালঘুদের সাংবিধানিক সুরক্ষা নিশ্চিত করতে হবে।",জাতীয়তাবাদী সমমনা জোট,,Amendment,No,,,"মৌলিক অধিকার ও স্বাধীনতা ৪. কমিশন সুপারিশ করছে যে, সংবিধানে অননুমোদিত বৈষম্যের যে সীমিত তালিকা আছে, তা পরিবর্তন করে এমন একটি তালিকা করা হোক যেখানে ধর্ম, জাতি, বর্ণ, গায়ের রং, নৃগোষ্ঠী, ভাষা, সংস্কৃতি, লিঙ্গ, রাজনৈতিক মত, শারীরিক বা মানসিক অক্ষমতা, অর্থনৈতিক অবস্থা, জন্মস্থান - এই সবসহ আরও অনেক কারণ অন্তর্ভুক্ত থাকবে।",তৃতীয় ভাগ (মৌলিক অধিকার)
"অনুচ্ছেদ ২৮ (ধর্ম, প্রভৃতি কারণে বৈষম্য)",,"ক) রাষ্ট্র প্রত্যেক নাগরিকের ও অস্থায়ীভাবে বসবাসরত ভিন্ন দেশের নাগরিকদের মানবাধিকার সুরক্ষাকল্পে - আন্তর্জাতিক মানবাধিকার সনদ ও জাতিসংঘ ঘোষিত মানবাধিকার বিষয়ক সিদ্ধান্তসমূহ এবং এ সংক্রান্ত আন্তর্জাতিকভাবে স্বীকৃত প্রথা, রীতিনীতি বাস্তবায়নে সচেষ্ট থাকিবে। খ) মানবস্বত্তার মর্যাদা, বিশ্বাস, সামাজিক প্রথা, রীতিনীতি ও আত্মনিয়ন্ত্রণের অধিকারকে শ্রদ্ধা করিবে। গ) সকল প্রকার জবরদস্তি মূলক প্রচেষ্টা হইতে নাগরিকদের নিরাপত্তা বিধান করিবে। ঘ) বিভিন্ন প্রান্তিক নৃগোষ্ঠীর মানুষের প্রথাগত ঐতিহ্য সংরক্ষণ ও লালনে প্রয়োজনীয় পৃষ্ঠপোষকতা প্রদান করিবে। ঙ) নারী, শিশু, তৃতীয়লিঙ্গ , প্রতিবন্ধিসহ সমাজের সকল অনগ্রসর জনগোষ্ঠীর উৎকর্ষ সাধনে বিশেষ ব্যবস্থা গ্রহণ করিবে।",বাংলাদেশ লেবার পার্টি,,Amendment,No,,,,তৃতীয় ভাগ (মৌলিক অধিকার)
"অনুচ্ছেদ ২৮ (ধর্ম, প্রভৃতি কারণে বৈষম্য)",,"সংবিধানের মৌলিক অধিকার অনুচ্ছেদ সংশোধনে
 এই মূল প্রতিপাদ্যটি পরিস্কার উল্লেখ থাকা দরকার
 যে, ' রাষ্ট্র নাগরিকদের ধর্মীয়, রাজনৈতিক বিশ্বাস বা
 শ্রেণি,বর্ণ, গোত্র বা লিংগীয়' পরিচয়ের কারণে তাদের
 গণতান্ত্রিক ও মানবিক অধিকারের ক্ষেত্রে কোনরুপ
 বৈষম্য করবে না।",বাংলাদেশের বিপ্লবী ওয়ার্কার্স পার্টি,,Amendment,No,,,,তৃতীয় ভাগ (মৌলিক অধিকার)
"অনুচ্ছেদ ২৮ (ধর্ম, প্রভৃতি কারণে বৈষম্য)",,"কোনো নাগরিকের রাজনৈতিক পরিচয় বা মতামতের ভিত্তিতে বৈষম্য বা অধিকার হরণ করা যাবে না। রাষ্ট্র নিশ্চিত করবে যে, কোনো সরকারি বা বেসরকারি সংস্থা বৈধ রাজনৈতিক মতামতের কারণে অধিকার প্রত্যাখ্যান, লাইসেন্স বাতিল, বা সুযোগ প্রত্যাহার করতে পারবে না। সরকারি কর্মচারী এবং নাগরিকরা বৈধ রাজনৈতিক মতামত বা কার্যক্রমের জন্য প্রতিশোধমূলক আচরণ থেকে সুরক্ষা পাবেন।",বাংলাদেশ জাতীয় পার্টি (বিজেপি),,Amendment,No,,,,তৃতীয় ভাগ (মৌলিক অধিকার)
"অনুচ্ছেদ ২৮ (ধর্ম, প্রভৃতি কারণে বৈষম্য)",,"(১) কেবল ধর্ম, গোষ্ঠী, বর্ণ, লিঙ্গ বা জন্মস্থানের
 কারণে কোনো নাগরিকের প্রতি রাষ্ট্র বৈষম্য প্রদর্শন
 করিবেন না।
 (২) রাষ্ট্র ও গণজীবনের সর্বস্তরে নারী ও পুরুষ
 সমঅধিকার ভোগ করিবেন।
 (৩) কেবল ধর্ম, গোষ্ঠী, বর্ণ, নারী পুরুষভেদ বা
 জন্মস্থানের কারণে জনসাধারণের কোনো বিনোদন
 বা বিশ্রামের স্থানে প্রবেশের কিংবা কোনো শিক্ষা - 
 প্রতিষ্ঠানে ভর্তির বিষয়ে কোনো নাগরিককে কোনরূপ
 অক্ষমতা, বাধ্যবাধকতা, বাধা বা শর্তের অধীন করা
 যাইবে না।
 (৪) নারী বা শিশুদের অনুকূলে কিংবা নাগরিকদের
 যেকোন অনগ্রসর অংশের অগ্রগতির জন্য বিশেষ
 বিধান - প্রণয়ন হইতে এই অনুচ্ছেদের কোনকিছুই
 রাষ্ট্রকে নিবৃত্ত করিবে না ৷",রাষ্ট্র সংস্কার আন্দোলন,,Amendment,No,,,,তৃতীয় ভাগ (মৌলিক অধিকার)
"অনুচ্ছেদ ২৮ (ধর্ম, প্রভৃতি কারণে বৈষম্য)",,"২৮ অনুচ্ছেদের পরে অথবা উপযুক্ত অন্য কোনো
 স্থানে নিম্নলিখিত অনুচ্ছেদটি যুক্ত হবে - 
 “প্রতিটি নাগরিকের জন্য অন্ন, বস্ত্র, বাসস্থান, শিক্ষা,
 চিকিৎসা ও কর্মসংস্থানের ব্যবস্থাসহ জীবনধারণের
 মৌলিক উপকরনের ব্যবস্থা করার দায়িত্ব রাষ্টেুর
 ওপর ন্যাস্ত থাকিবে”",বাংলাদেশের কমিউনিস্ট পার্টি,,Amendment,No,,,,তৃতীয় ভাগ (মৌলিক অধিকার)
"অনুচ্ছেদ ২৮ (ধর্ম, প্রভৃতি কারণে বৈষম্য)",,"অনুচ্ছেদ ৮ (৪) “নারী বা শিশুদের অনুকূলে
 কিংবা পার্বত্য চট্টগ্রামের পাহাড়ি ও দেশের অন্যান্য
 সংখ্যালঘু জাতিসত্তাসহ নাগরিকদের যে কোন
 অনগ্রসর অংশের অগ্রগতির জন্য বিশেষ বিধান
 প্রণয়ন হইতে এই অনুচ্ছেদের কোন কিছুই রাষ্ট্রকে
 নিবৃত্ত করিবে না।”",ইউনাইটেড পিপল্‌স ডেমোক্রেটিক ফ্রন্ট (ইউপিডিএফ),,Amendment,No,,,,তৃতীয় ভাগ (মৌলিক অধিকার)
অনুচ্ছেদ ২৯ (সরকারি নিয়োগলাভে সুযোগের সমতা),"২৯। (১) প্রজাতন্ত্রের কর্মেনিয়োগ বা পদ - লাভের ক্ষেত্রে সকল নাগরিকের জন্য সুযোগের সমতা থাকিবে। (২) কেবল ধর্ম, গোষ্ঠী, বর্ণ, নারীপুরুষভেদ বা জন্মস্থানের কারণে কোন নাগরিক প্রজাতন্ত্রের কর্মে নিয়োগ বা পদ - লাভের অযোগ্য হইবেন না কিংবা সেই ক্ষেত্রে তাঁহার প্রতি বৈষম্য প্রদর্শন করা যাইবে না। (৩) এই অনুচ্ছেদের কোন কিছুই - (ক) নাগরিকদের যে কোন অনগ্রসর অংশ যাহাতে প্রজাতন্ত্রের কর্মে উপযুক্ত প্রতিনিধিত্ব লাভ করিতে পারেন, সেই উদ্দেশ্যে তাঁহাদের অনুকূলে বিশেষ বিধান - প্রণয়ন করা হইতে, (খ) কোন ধর্মীয় বা উপ - সম্প্রদায়ভুক্ত প্রতিষ্ঠানে উক্ত ধর্মাবলম্বী বা উপ - সম্প্রদায়ভুক্ত ব্যক্তিদের জন্য নিয়োগ সংরক্ষণের বিধান - সংবলিত যে কোন আইন কার্যকর করা হইতে, (গ) যে শ্রেণীর কর্মের বিশেষ প্রকৃতির জন্য তাহা নারী বা পুরুষের পক্ষে অনুপযোগী বিবেচিত হয়, সেইরূপ যে কোন শ্রেণীর নিয়োগ বা পদ যথাক্রমে পুরুষ বা নারীর জন্য সংরক্ষণ করা হইতে রাষ্ট্রকে নিবৃত্ত করিবে না।","(১) জনগণতন্ত্রের কর্মেনিয়োগ বা পদ - লাভের ক্ষেত্রে সকল নাগরিকের জন্য সুযোগের সমতা থাকিবে। (২) কেবল ধর্ম, গোষ্ঠী, বর্ণ, লিঙ্গ বা জন্মস্থানের কারণে কোন নাগরিক জনগণতন্ত্রের কর্মেনিয়োগ বা পদ - লাভের অযোগ্য হইবেন না কিংবা সেই ক্ষেত্রে তাঁহার প্রতি বৈষম্য প্রদর্শন করা যাইবে না। (৩) এই অনুচ্ছেদের কোন কিছুই - (ক) নাগরিকদের যে কোন অনগ্রসর অংশ যাহাতে জনগণতন্ত্রের কর্মে উপযুক্ত প্রতিনিধিত্ব লাভ করিতে পারেন, সেই উদ্দেশ্যে তাঁহাদের অনুকূলে বিশেষ বিধান প্রণয়ন করা হইতে রাষ্ট্রকে নিবৃত ্য করিবে না। (খ) কোন ধর্মীয় বা উপ - সম্প্রদায়ভুক্ত প্রতিষ্ঠানে উক্ত ধর্মাবলম্বী বা উপ - সম্প্রদায়ভুক্ত ব্যক্তিদের জন্য নিয়োগ সংরক্ষণের বিধান - সংবলিত যে কোন আইন কার্যকর করা হইতে, (গ) যে শ্রেণীর কর্মের বিশেষ প্রকৃতির জন্য তাহা নারী বা পুরুষের পক্ষে অনুপযোগী বিবেচিত হয়, সেইরূপ যে কোন শ্রেণীর নিয়োগ বা পদ যথাক্রমে পুরুষ বা নারীর জন্য সংরক্ষণ করা হইতে রাষ্ট্রকে নিবৃত্ত করিবে না।",রাষ্ট্র সংস্কার আন্দোলন,,Amendment,No,,,"মৌলিক অধিকার ও স্বাধীনতা ৪. কমিশন সুপারিশ করছে যে, সংবিধানে অননুমোদিত বৈষম্যের যে সীমিত তালিকা আছে, তা পরিবর্তন করে এমন একটি তালিকা করা হোক যেখানে ধর্ম, জাতি, বর্ণ, গায়ের রং, নৃগোষ্ঠী, ভাষা, সংস্কৃতি, লিঙ্গ, রাজনৈতিক মত, শারীরিক বা মানসিক অক্ষমতা, অর্থনৈতিক অবস্থা, জন্মস্থান - এই সবসহ আরও অনেক কারণ অন্তর্ভুক্ত থাকবে।",তৃতীয় ভাগ (মৌলিক অধিকার)
অনুচ্ছেদ ২৯ (সরকারি নিয়োগলাভে সুযোগের সমতা),,অনুচ্ছেদ ২৯ (৩) বাতিল করতে হবে,বাংলাদেশ মুসলিম লীগ,,Amendment,No,,,,তৃতীয় ভাগ (মৌলিক অধিকার)
অনুচ্ছেদ ২৯ (সরকারি নিয়োগলাভে সুযোগের সমতা),,"অনুচ্ছেদ ২৯ (৩) (ক) “পার্বত্য চট্টগ্রামের পাহাড়ি
 এবং দেশের সংখ্যালঘু জাতিসত্তাসহ নাগরিকদের
 যে কোন অনগ্রসর অংশ যাহাতে প্রজাতন্ত্রের কর্মে
 উপযুক্ত প্রতিনিধিত্ব লাভ করিতে পারেন, সেই
 উদ্দেশ্যে তাঁহাদের অনুকূলে বিশেষ বিধান - প্রণয়ন
 করা হইতে,”।",ইউনাইটেড পিপল্‌স ডেমোক্রেটিক ফ্রন্ট (ইউপিডিএফ),,Amendment,No,,,,তৃতীয় ভাগ (মৌলিক অধিকার)
"অনুচ্ছেদ ৩০ (বিদেশী, খেতাব, প্রভৃতি গ্রহণ নিষিদ্ধকরণ)","২১ [৩০। রাষ্ট্রপতির পূর্বানুমোদন ব্যতীত কোন নাগরিক কোন বিদেশী রাষ্ট্রের নিকট হইতে কোন খেতাব, সম্মান, পুরস্কার বা ভূষণ গ্রহণ করিবেন না।]",বিলুপ্ত করতে হবে,বাংলাদেশ জামায়াতে ইসলামী,"উপাধি/সম্মান/পুরস্কার গ্রহণের জন্য রাষ্ট্রপতির পূর্ব অনুমোদন চাওয়ার কোনো যৌক্তিকতা নেই। এছাড়া, ধারা ৩০ একটি নিষ্প্রভ বিধান কারণ এর মধ্যে কোনো শান্তির বিধান নেই, যদিও অনেকবার এই বিধান লঙ্ঘন হয়েছে। বহু নাগরিক এমবিই, ওবিই এবং এমনকি নাইটহুড অর্জন করেছেন। ধারা ৩০ বাতিল করা যেতে পারে।",Amendment,Yes,বাংলাদেশ মুসলিম লীগ,,"মৌলিক অধিকার ও স্বাধীনতা ১৫. কমিশন সুপারিশ করছে যে, সংবিধানে বিদেশী খেতাব গ্রহণ সংক্রান্ত বিধান বাতিল করা হোক।",তৃতীয় ভাগ (মৌলিক অধিকার)
"অনুচ্ছেদ ৩০ (বিদেশী, খেতাব, প্রভৃতি গ্রহণ নিষিদ্ধকরণ)",,বিলুপ্ত করতে হবে,বাংলাদেশ মুসলিম লীগ,"উপাধি/সম্মান/পুরস্কার গ্রহণের জন্য রাষ্ট্রপতির পূর্ব অনুমোদন চাওয়ার কোনো যৌক্তিকতা নেই। এছাড়া, ধারা ৩০ একটি নিষ্প্রভ বিধান কারণ এর মধ্যে কোনো শান্তির বিধান নেই, যদিও অনেকবার এই বিধান লঙ্ঘন হয়েছে। বহু নাগরিক এমবিই, ওবিই এবং এমনকি নাইটহুড অর্জন করেছেন। ধারা ৩০ বাতিল করা যেতে পারে।",Amendment,Yes,বাংলাদেশ জামায়াতে ইসলামী,,,তৃতীয় ভাগ (মৌলিক অধিকার)
অনুচ্ছেদ ৩২ (জীবন ও ব্যক্তি স্বাধীনতার অধিকার রক্ষণ,৩২। আইনানুযায়ী ব্যতীত জীবন ও ব্যক্তিস্বাধীনতা হইতে কোন ব্যক্তিকে বঞ্চিত করা যাইবে না।,জীবন ও ব্যক্তি স্বাধীনতা হইতে কোন ব্যক্তিকে বঞ্চিত করা যাইবে না,রাষ্ট্র সংস্কার আন্দোলন,,Amendment,No,,,"মৌলিক অধিকার ও স্বাধীনতা ৫. কমিশন সুপারিশ করছে যে, জীবনের অধিকার রক্ষা নিয়ে একটি আলাদা অনুচ্ছেদ থাকবে, যা রাষ্ট্রীয় ও অরাষ্ট্রীয় (non - state) সংস্থাসমূহ কর্তৃক বেআইনি কাজ, যেমন বিচারবহির্ভূত হত্যাকাণ্ড ও গুম থেকে সুরক্ষা নিশ্চিত করবে। সংবিধানে শারীরিক অখণ্ডতা ও অঙ্গ - প্রত্যঙ্গের রক্ষার বিধান সুনির্দিষ্টভাবে যুক্ত করা হোক । ৩৪. কমিশন সুপারিশ করছে যে, জীবনের অধিকার, চিন্তা ও বিবেকের স্বাধীনতা, আইনের দৃষ্টিতে সমতা, নিপীড়ন কিংবা নিষ্ঠুর, অমানবিক বা অমর্যাদাকর দণ্ড বা ব্যবহারের ওপর নিষেধাজ্ঞা, দাসত্ব ও জবরদস্তি শ্রমের নিষেধাজ্ঞাসহ নির্দিষ্ট কিছু অধিকারকে কোনো ধরনের সীমা আরোপের অধীন করা যাবে না।",তৃতীয় ভাগ (মৌলিক অধিকার)
অনুচ্ছেদ ৩৩ (গ্রেপ্তার ও আটক সম্পর্কে রক্ষাকবচ),"৩৩।২২[ (১) গ্রেপ্তারকৃত কোন ব্যক্তিকে যথাসম্ভব শীঘ্র গ্রেপ্তারের কারণ জ্ঞাপন না করিয়া প্রহরায় আটক রাখা যাইবে না এবং উক্ত ব্যক্তিকে তাঁহার মনোনীত আইনজীবীর সহিত পরামর্শের ও তাঁহার দ্বারা আত্মপক্ষ - সমর্থনের অধিকার হইতে বঞ্চিত করা যাইবে না। (২) গ্রেপ্তারকৃত ও প্রহরায় আটক প্রত্যেক ব্যক্তিকে নিকটতম ম্যাজিস্ট্রেটের সম্মুখ ে গ্রেপ্তারের চব্বিশ ঘন্টার মধ্যে (গ্রেপ্তারের স্থান হইতে ম্যাজিস্ট্রেটের আদালতে আনয়নের জন্য প্রয়োজনীয় সময় ব্যতিরেকে) হাজির করা হইবে এবং ম্যাজিস্ট্রেটের আদেশ ব্যতীত তাঁহাকে তদতিরিক্তকাল প্রহরায় আটক রাখা যাইবে না। (৩) এই অনুচ্ছেদের (১) ও (২) দফার কোন কিছুই সেই ব্যক্তির ক্ষেত্রে প্রযোজ্য হইবে না, (ক) যিনি বর্তমান সময়ের জন্য বিদেশী শত্রু; অথবা (খ) যাঁহাকে নিবর্তনমূলক আটকের বিধান - সংবলিত কোন আইনের অধীন গ্রেপ্তার করা হইয়াছে বা আটক করা হইয়াছে। (৪) নিবর্তনমূলক আটকের বিধান - সংবলিত কোন আইন কোন ব্যক্তিকে ছয় মাসের অধিক কাল আটক রাখিবার ক্ষমতা প্রদান করিবে না যদি সুপ্রীম কোর্টের বিচারক রহিয়াছেন বা ছিলেন কিংবা সুপ্রীম কোর্টের বিচারকপদে নিয়োগলাভের যোগ্যতা রাখেন, এইরূপ দুইজন এবং প্রজাতন্ত্রের কর্মেনিযুক্ত একজন প্রবীণ কর্মচারীর সমন্বয়ে গঠিত কোন উপদেষ্টা - পর্ষদ্ উক্ত ছয় মাস অতিবাহিত হইবার পূর্বেতাঁহাকে উপস্থিত হইয়া বক্তব্য পেশ করিবার সুযোগদানের পর রিপোর্ট প্রদান না করিয়া থাকেন যে, পর্ষদের মতে উক্ত ব্যক্তিকে তদতিরিক্ত কাল আটক রাখিবার পর্যাপ্ত কারণ রহিয়াছে। (৫) নিবর্তনমূলক আটকের বিধান - সংবলিত কোন
 আইনের অধীন প্রদত্ত আদেশ অনুযায়ী কোন ব্যক্তিকে
 আটক করা হইলে আদেশদানকারী কর্তৃপক্ষ তাঁহাকে
 যথাসম্ভব শীঘ্র আদেশদানের কারণ জ্ঞাপন করিবেন
 এবং উক্ত আদেশের বিরুদ্ধে বক্তব্য - প্রকাশের জন্য
 তাঁহাকে যত সত্বর সম্ভব সুয�োগদান করিবেন:
 তবে শর্তথাকে যে, আদেশদানকারী কর্তৃপক্ষের
 বিবেচনায় তথ্যাদি - প্রকাশ জনস্বার্থবিরোধী বলিয়া মনে
 হইলে অনুরূপ কর্তৃপক্ষ তাহা প্রকাশে অস্বীকৃতি জ্ঞাপন
 করিতে পারিবেন।
 (৬) উপদেষ্টা - পর্ষদ কর্তৃক এই অনুচ্ছেদের (৪) দফার
 অধীন তদন্তের জন্য অনুসরণীয় পদ্ধতি সংসদ আইনের
 দ্বারা নির্ধারণ করিতে পারিবেন।]","নিবর্তনমূলক আটক সংবলিত বিধানাবলি বিলুপ্ত বা
 পরিবর্তন করা।",বাংলাদেশ জামায়াতে ইসলামী,,Amendment,No,,,"মৌলিক অধিকার ও স্বাধীনতা ৯. কমিশন সুপারিশ করছে যে, বিচার ও দণ্ডসংক্রান্ত অধিকারের ক্ষেত্রে অবিলম্বে অবহিত হওয়ার অধিকার, আইনগত প্ৰতিনিধিত্ব ও আইনগত সহায়তার অধিকার, সময়মতো বিচারের অধিকার, যৌক্তিক জামিনে মুক্তির অধিকার, এবং অসাংবিধানিক বা বেআইনি উপায়ে প্রাপ্ত প্রমাণ বাতিল করার বিষয় অন্তর্ভুক্ত করা হোক । ৩৫. কমিশন সুপারিশ করছে যে, সংবিধানের নিবর্তনমূলক আটক সংক্রান্ত বিধানটি বিলুপ্ত করা হোক।",তৃতীয় ভাগ (মৌলিক অধিকার)
অনুচ্ছেদ ৩৩ (গ্রেপ্তার ও আটক সম্পর্কে রক্ষাকবচ),,"সকল নিবর্তনমূলক আইন বাতিলের পাশাপাশি
 সংবিধানের যেসব সংশোধনীর মাধ্যমে জনগণের
 মৌলিক অধিকার হরণের ব্যবস্থা করা হয়েছে,
 সেগুলো বাতিলের প্রস্তাব করেছে।",নাগরিক ঐক্য,,Amendment,No,,,,তৃতীয় ভাগ (মৌলিক অধিকার)
অনুচ্ছেদ ৩৩ (গ্রেপ্তার ও আটক সম্পর্কে রক্ষাকবচ),,পুলিশ বাহিনীর উপর প্রশাসন বা সরকারের অন্যায় প্রভাব বন্ধ ও স্বাধীনভাবে কাজ করার সুযোগ তৈরিতে সংবিধানের ৩৩ অনুচ্ছেদ সংস্কার করা।,বাংলাদেশের সমাজতান্ত্রিক দল (মার্কসবাদী),"এছাড়া, ধারা ৩০ একটি
 নিষ্প্রভ বিধান কারণ
 এর মধ্যে কোনো শান্তির
 বিধান নেই, যদিও
 অনেকবার এই বিধান
 লঙ্ঘন হয়েছে। বহু
 নাগরিক এমবিই, ওবিই
 এবং এমনকি নাইটহুড
 অর্জন করেছেন। ধারা ৩০
 বাতিল করা যেতে পারে।",Amendment,Yes,বাংলাদেশের বিপ্লবী কমিউনিস্ট লীগ,,,তৃতীয় ভাগ (মৌলিক অধিকার)
অনুচ্ছেদ ৩৩ (গ্রেপ্তার ও আটক সম্পর্কে রক্ষাকবচ),,পুলিশ বাহিনীর উপর প্রশাসন বা সরকারের অন্যায় প্রভাব বন্ধ ও স্বাধীনভাবে কাজ করার সুযোগ তৈরিতে সংবিধানের ৩৩ অনুচ্ছেদ সংস্কার করা।,বাংলাদেশের বিপ্লবী কমিউনিস্ট লীগ,"এছাড়া, ধারা ৩০ একটি
 নিষ্প্রভ বিধান কারণ
 এর মধ্যে কোনো শান্তির
 বিধান নেই, যদিও
 অনেকবার এই বিধান
 লঙ্ঘন হয়েছে। বহু
 নাগরিক এমবিই, ওবিই
 এবং এমনকি নাইটহুড
 অর্জন করেছেন। ধারা ৩০
 বাতিল করা যেতে পারে।",Amendment,Yes,বাংলাদেশের সমাজতান্ত্রিক দল (মার্কসবাদী),,,তৃতীয় ভাগ (মৌলিক অধিকার)
অনুচ্ছেদ ৩৩ (গ্রেপ্তার ও আটক সম্পর্কে রক্ষাকবচ),,"মিথ্যা মামলা প্রমাণিত হলে কঠোর শাস্তি পেতে হবে
 এই মর্মে আইন প্রণয়ন করা হবে",ইসলামী আন্দোলন বাংলাদেশ,,Amendment,No,,,,তৃতীয় ভাগ (মৌলিক অধিকার)
অনুচ্ছেদ ৩৩ (গ্রেপ্তার ও আটক সম্পর্কে রক্ষাকবচ),,"সংবিধানে প্রতিরোধমূলক আটক এবং গুমের ঘটনা
 কঠোরভাবে। নিষিদ্ধ করতে হবে। সকল আটক
 ব্যক্তিদের আইনি সুরক্ষা প্রদান করা হবে এবং রাষ্ট্র
 এ ধরনের লঙ্ঘনের তদন্ত ও বিচার নিশ্চিত করবে।",বাংলাদেশ জাতীয় পার্টি (বিজেপি),,Amendment,No,,,,তৃতীয় ভাগ (মৌলিক অধিকার)
অনুচ্ছেদ ৩৩ (গ্রেপ্তার ও আটক সম্পর্কে রক্ষাকবচ),,"কেউ অপরাধী সাব্যস্ত না হওয়া পর্যন্ত কারাগারে
 অন্তরীণ রাখা যাবে না।",ইসলামী আন্দোলন বাংলাদেশ,,Amendment,No,,,,তৃতীয় ভাগ (মৌলিক অধিকার)
অনুচ্ছেদ ৩৩ (গ্রেপ্তার ও আটক সম্পর্কে রক্ষাকবচ),,"গ্রেপ্তারকৃত কোন ব্যক্তিকে যথাসম্ভব শীঘ্র গ্রেপ্তারের কারণ জ্ঞাপন না করিয়া প্রহরায় আটক রাখা যাইবে না এবং উক্ত ব্যক্তিকে তাঁহার মনোনীত আইনজীবীর সহিত পরামর্শের ও তাঁহার দ্বারা আত্মপক্ষ সমর্থনের অধিকার হইতে বঞ্চিত করা যাইবে না। (২) গ্রেপ্তারকৃত ও প্রহরায় আটক প্রত্যেক ব্যক্তিকে নিকটতম ম্যাজিস্ট্রেটের সম্মুখে গ্রেপ্তারের চব্বিশ ঘন্টার মধ্যে (গ্রেপ্তারের স্থান হইতে ম্যাজিস্ট্রেটের আদালতে আনয়নের জন্য প্রয়োজনীয় সময় ব্যতিরেকে) হাজির করা হইবে এবং ম্যাজিস্ট্রেটের আদেশ ব্যতীত তাঁহাকে তদতিরিক্তকাল প্রহরায় আটক রাখা যাইবে না। (৩) এই অনুচ্ছেদের (১) ও (২) দফার কোন কিছুই সেই ব্যক্তির ক্ষেত্রে প্রযোজ্য হইবে না, (ক) যিনি বর্তমান সময়ের জন্য বিদেশী শত্রু, অথবা (খ) যাঁহাকে নিবর্তনমূলক আটকের বিধান - সংবলিত কোন আইনের অধীন গ্রেপ্তার করা হইয়াছে বা আটক করা হইয়াছে। রাষ্ট্র সংস্কার আন্দোলন (৪) নিবর্তনমূলক আটকের বিধান - সংবলিত কোন আইন কোন ব্যক্তিকে ছয় মাসের অধিক কাল আটক রাখিবার ক্ষমতা প্রদান করিবে না যদি সুপ্রীম কোর্টের বিচারক রহিয়াছেন বা ছিলেন কিংবা সুপ্রীম কোর্টের বিচারক পদে নিয়োগলাভের যোগ্যতা রাখেন, এইরূপ দুইজন এবং জনগণতন্ত্রের কর্মনিযুক্ত একজন প্রবীণ কর্মচারীর সমন্বয়ে গঠিত কোন উপদেষ্টা পর্ষদ উক্ত ছয় মাস অতিবাহিত হইবার পূর্বেতাহাকে উপস্থিত হইয়া বক্তব্য পেশ করিবার সুযোগদানের পর রিপোর্ট প্রদান না করিয়া থাকেন যে, পর্ষদের মতে উক্ত ব্যক্তিকে তদতিরিক্ত কাল আটক রাখিবার পর্যাপ্ত কারণ রহিয়াছে। (৫) নিবর্তনমূলক আটকের বিধান - সংবলিত কোন আইনের অধীন প্রদত্ত আদেশ অনুযায়ী কোন ব্যক্তিকে আটক করা হইলে আদেশদানকারী কর্তৃপক্ষ তাঁহাকে যথাসম্ভব শীঘ্র আদেশদানের কারণ জ্ঞাপন করিবেন এবং উক্ত আদেশের বিরুদ্ধে বক্তব্য প্রকাশের জন্য তাঁহাকে যত সত্বর সম্ভব সুযোগদান করিবেন: তবে শর্তথাকে যে, আদেশদানকারী কর্তৃপক্ষের বিবেচনায় তথ্যাদি প্রকাশ জনস্বার্থবিরোধী বলিয়া মনে হইলে অনুরূপ কর্তৃপক্ষ সাত দিনের ভেতর তাহা উপদেষ্টা পর্ষদের কাছে প্রকাশ করিতে বাধ্য থাকিবে। (৬) উপদেষ্টা - পর্ষদ কর্তৃক এই অনুচ্ছেদের (৪) দফার অধীন তদন্তের জন্য অনুসরণীয় পদ্ধতি সংসদ আইনের দ্বারা নির্ধারণ করিতে পারিবেন। (৭) রাষ্ট্র প্রত্যেক মামলার রায় প্রদানের জন্য সর্বোচ্চ এক বছর নিতে পারিবে। এক বছরের অধিককাল অভিযুক্ত ব্যক্তিকে কারাগারে অন্তরীণ রাখা যাইবে না।",রাষ্ট্র সংস্কার আন্দোলন,,Amendment,No,,,,তৃতীয় ভাগ (মৌলিক অধিকার)
অনুচ্ছেদ ৩৩ (গ্রেপ্তার ও আটক সম্পর্কে রক্ষাকবচ),,"৩৩ এই অনুঙেছদের (৩), (৪), (৫) এমনভাবে সংশোধন করে পুনঃলিখন করা হবে যাতে করে নিবর্তনমূলক আইনে আটক করার বিধানের কোন প্রকার অপব্যবহার না হতে পারে এবং তা যেন একটি নিবর্তনমূলক কালো কানুনে পরিগণিত না হয়।",বাংলাদেশের কমিউনিস্ট পার্টি,,Amendment,No,,,,তৃতীয় ভাগ (মৌলিক অধিকার)
অনুচ্ছেদ ৩৩ (গ্রেপ্তার ও আটক সম্পর্কে রক্ষাকবচ),,অনুচ্ছেদ ৩৩ (৩) (খ) (৪) (৫) (৬) বাতিল করতে হবে,বাংলাদেশ মুসলিম লীগ,,Amendment,No,,,,তৃতীয় ভাগ (মৌলিক অধিকার)
অনুচ্ছেদ ৩৫ (বিচার ও দন্ড সম্পর্কে রক্ষণ),"৩৫। (১) অপরাধের দায়যুক্ত কার্যসংঘটনকালে বলবৎ ছিল, এইরূপ আইন ভঙ্গ করিবার অপরাধ ব্যতীত কোন ব্যক্তিকে দোষী সাব্যস্ত করা যাইবে না এবং অপরাধসংঘটনকালে বলবৎ সেই আইনবলে যে দণ্ড দেওয়া যাইতে পারিত, তাঁহাকে তাহার অধিক বা তাহা হইতে ভিন্ন দণ্ড দেওয়া যাইবে না। (২) এক অপরাধের জন্য কোন ব্যক্তিকে একাধিকবার ফৌজদারীতে সোপর্দ ও দণ্ডিত করা যাইবে না। (৩) ফৌজদারী অপরাধের দায়ে অভিযুক্ত প্রত্যেক ব্যক্তি আইনের দ্বারা প্রতিষ্ঠিত স্বাধীন ও নিরপেক্ষ আদালত বা ট্রাইব্যু নালে দ্রুত ও প্রকাশ্য বিচারলাভের অধিকারী হইবেন। (৪) কোন অপরাধের দায়ে অভিযুক্ত ব্যক্তিকে নিজের বিরুদ্ধে সাক্ষ্য দিতে বাধ্য করা যাইবে না। (৫) কোন ব্যক্তিকে যন্ত্রণা দেওয়া যাইবে না কিংবা নিষ্ঠুর, অমানুষিক বা লাঞ্ছনাকর দণ্ড দেওয়া যাইবে না কিংবা কাহারও সহিত অনুরূপ ব্যবহার করা যাইবে না। (৬) প্রচলিত আইনে নির্দিষ্ট কোন দণ্ড বা বিচারপদ্ধতি সম্পর্কিত কোন বিধানের প্রয়োগকে এই অনুচ্ছেদের (৩) বা (৫) দফার কোন কিছুই প্রভাবিত করিবে না।","৩৫ অনুচ্ছেদের (ক) ধারায়, প্রত্যেক ব্যক্তির অপরাধমূলক কর্মকাণ্ড প্রকাশ্য আদালতে দ্রুত বিচারের অধিকার থাকবে। কিন্তু র‍্যাব, চিতা, কোবরাসহ বিভিন্ন বাহিনীর ক্রসফায়ার, এনকাউন্টারে বিনা বিচারে মানুষ খুন করা হয়েছে।",বাংলাদেশের সমাজতান্ত্রিক দল (বাসদ),,Amendment,No,,,"মৌলিক অধিকার ও স্বাধীনতা ৯. কমিশন সুপারিশ করছে যে, বিচার ও দণ্ডসংক্রান্ত অধিকারের ক্ষেত্রে অবিলম্বে অবহিত হওয়ার অধিকার, আইনগত প্ৰতিনিধিত্ব ও আইনগত সহায়তার অধিকার, সময়মতো বিচারের অধিকার, যৌক্তিক জামিনে মুক্তির অধিকার, এবং অসাংবিধানিক বা বেআইনি উপায়ে প্রাপ্ত প্রমাণ বাতিল করার বিষয় অন্তর্ভুক্ত করা হোক । ৩৫. কমিশন সুপারিশ করছে যে, সংবিধানের নিবর্তনমূলক আটক সংক্রান্ত বিধানটি বিলুপ্ত করা হোক।",তৃতীয় ভাগ (মৌলিক অধিকার)
অনুচ্ছেদ ৩৫ (বিচার ও দন্ড সম্পর্কে রক্ষণ),,পুলিশ বাহিনীর উপর প্রশাসন বা সরকারের অন্যায় প্রভাব বন্ধ ও স্বাধীনভাবে কাজ করার সুযোগ তৈরিতে সংবিধানের ৩৫ অনুচ্ছেদ সংস্কার করা।,বাংলাদেশের সমাজতান্ত্রিক দল (মার্কসবাদী),,Amendment,Yes,বাংলাদেশের বিপ্লবী কমিউনিস্ট লীগ,,,তৃতীয় ভাগ (মৌলিক অধিকার)
অনুচ্ছেদ ৩৫ (বিচার ও দন্ড সম্পর্কে রক্ষণ),,পুলিশ বাহিনীর উপর প্রশাসন বা সরকারের অন্যায় প্রভাব বন্ধ ও স্বাধীনভাবে কাজ করার সুযোগ তৈরিতে সংবিধানের ৩৫ অনুচ্ছেদ সংস্কার করা।,বাংলাদেশের বিপ্লবী কমিউনিস্ট লীগ,,Amendment,Yes,বাংলাদেশের সমাজতান্ত্রিক দল (মার্কসবাদী),,,তৃতীয় ভাগ (মৌলিক অধিকার)
অনুচ্ছেদ ৩৫ (বিচার ও দন্ড সম্পর্কে রক্ষণ),,"রিমান্ড এবং পুলিশি জিজ্ঞাসাবাদকালে আসামীর মৌলিক মানবাধিকার লঙ্ঘনকে “গুরুতর অপরাধ"" হিসেবে সংবিধানে ঘোষণা দিতে হবে।",জাতীয়তাবাদী গণতান্ত্রিক আন্দোলন (এনডিএম),,Amendment,No,,,,তৃতীয় ভাগ (মৌলিক অধিকার)
অনুচ্ছেদ ৩৫ (বিচার ও দন্ড সম্পর্কে রক্ষণ),,"(১) অপরাধের দায়যুক্ত কার্যসংঘটনকালে বলবৎ ছিল,
 এইরূপ আইন ভঙ্গ করিবার অপরাধ ব্যতীত কোন
 ব্যক্তিকে দোষী সাব্যস্ত করা যাইবে না এবং অপরাধ
 সংঘটনকালে বলবৎ সেই আইনবলে যে দণ্ড দেওয়া
 যাইতে পারিত, তাঁহাকে তাহার অধিক বা তাহা হইতে
 ভিন্ন দণ্ড দেওয়া যাইবে না।
 (২) এক অপরাধের জন্য কোন ব্যক্তিকে একাধিকবার
 ফৌজদারীতে সোপর্দ ও দণ্ডিত করা যাইবে না। (৩)
 ফৌজদারী অপরাধের দায়ে অভিযুক্ত প্রত্যেক ব্যক্তি
 আইনের দ্বারা প্রতিষ্ঠিত স্বাধীন ও নিরপেক্ষ আদালত
 বা ট্রাইব্যু নালে দ্রুত ও প্রকাশ্য বিচারলাভের অধিকারী
 হইবেন।
 (৪) কোন অপরাধের দায়ে অভিযুক্ত ব্যক্তিকে নিজের
 বিরুদ্ধে সাক্ষ্য দিতে বাধ্য করা যাইবে না।
 (৫) কোন ব্যক্তিকে যন্ত্রণা দেওয়া যাইবে না কিংবা
 নিষ্ঠুর, অমানুষিক বা লাঞ্ছনাকর দণ্ড দেওয়া যাইবে না
 কিংবা কাহারও সহিত অনুরূপ ব্যবহার করা যাইবে না।",রাষ্ট্র সংস্কার আন্দোলন,,Amendment,No,,,,তৃতীয় ভাগ (মৌলিক অধিকার)
অনুচ্ছেদ ৩৬ (চলাফেরার স্বাধীনতা),,"Every citizen shall have the right to move
 freely throughout Bangladesh, to reside and
 settle in any place therein and to leave and
 renter Bangladesh.",বাংলাদেশ মুসলিম লীগ,,Amendment,No,,,,তৃতীয় ভাগ (মৌলিক অধিকার)
অনুচ্ছেদ ৩৬ (চলাফেরার স্বাধীনতা),,"অনুচ্ছেদ ৩৬ এ “জনস্বার্থে” শব্দের পূর্বে উপঅনুচ্ছেদ (১) সংযোজন করা। অতপর “ প্রত্যেক নাগরিকের থাকিবে।” - এর পর নিম্নোক্ত নতুন একটি উপ - অনুচ্ছেদ সংযোজিত হইবে। “(২) পার্বত্য চট্টগ্রামের পাহাড়ি জাতিসত্তা ও অন্যান্য সংখ্যালঘু জাতিসত্তাসমূহের পরিচয়, স্বকীয়তা ও অধিকার সুরক্ষার্থে বিশেষ বিধান প্রণয়নে উপঅনুচ্ছেদ (১) এর কোন কিছুই রাষ্ট্রকে নিবৃত্ত করিবে না।",ইউনাইটেড পিপল্‌স ডেমোক্রেটিক ফ্রন্ট (ইউপিডিএফ),,Amendment,No,,,,তৃতীয় ভাগ (মৌলিক অধিকার)
অনুচ্ছেদ ৩৭ (সমাবেশের অধিকার),৩৭। জনশৃঙ্খলা বা জনস্বাস্থ্যের স্বার্থে আইনের দ্বারা আরোপিত যুক্তিসঙ্গত বাধানিষেধ - সাপেক্ষে শান্তিপূর্ণভাবে ও নিরস্ত্র অবস্থায় সমবেত হইবার এবং জনসভা ও শোভাযাত্রায় যোগদান করিবার অধিকার প্রত্যেক নাগরিকের থাকিবে।,"জননিরাপত্তা, সহিংসতা বা জনস্বাস্থ্য রক্ষা ব্যাতিত অন্য যে কোনো কারণে রাষ্ট্রের সকল নাগরিকের শান্তিপূর্ণভাবে ও নিরস্ত্র অবস্থায় সমবেত হইবার এবং জনসভা ও শোভাযাত্রায় যোগদান করিবার অধিকার প্রত্যেক নাগরিকের থাকিবে। প্রত্যেক নগর, পৌরসভা ও উপজেলা পর্যায় পর্যন্ত সমাবেশের প্রয়োজনীয় সভাস্থল ব্যবস্থা করিবে।",রাষ্ট্র সংস্কার আন্দোলন,,Amendment,No,,,"মৌলিক অধিকার ও স্বাধীনতা ১৩. কমিশন সুপারিশ করছে যে, সংবিধানে সমাবেশ ও সংগঠনের স্বাধীনতার সুরক্ষা নিশ্চিত করা হোক, যাতে জনগণ রাষ্ট্রীয় হস্তক্ষেপ ছাড়াই স্বাধীনভাবে ট্রেড ইউনিয়ন গঠন ও যোগদান করতে পারে এবং কাউকে কোনো দল বা সংগঠনে যোগদান করতে বা বিরত রাখতে না পারে।",তৃতীয় ভাগ (মৌলিক অধিকার)
অনুচ্ছেদ ৩৭ (সমাবেশের অধিকার),,"Every person shall have the right to assemble
 and to participate in public meetings and
 processions peacefully and without arms.
 Provided however the party concerned
 shall inform the Police Commissioner
 in Metropolitan Areas and the Deputy
 Commissioners and Superintendent of
 Police of the district concerned at least 10
 days prior to the event of their intention
 to assemble, hold public meeting or take
 out a procession so that the Police could
 make security arrangements and provide
 alternative routes for traffic. Further
 provided that such political events shall take
 place only on weekends and holidays so that
 the lives of other citizens is not disrupted.",বাংলাদেশ মুসলিম লীগ,,Amendment,No,,,,তৃতীয় ভাগ (মৌলিক অধিকার)
অনুচ্ছেদ ৩৮ (সংগঠনের স্বাধীনতা),"২৩ [৩৮।জনশৃঙ্খলা ও নৈতিকতার স্বার্থে আইনের
 দ্বারা আরোপিত যুক্তিসঙ্গত বাধা - নিষেধ সাপেক্ষে
 সমিতি বা সংঘ গঠন করিবার অধিকার প্রত্যেক
 নাগরিকের থাকিবেঃ
 তবে শর্তথাকে যে, কোন ব্যক্তির উক্তরূপ সমিতি
 বা সংঘ গঠন করিবার কিংবা উহার সদস্য হইবার
 অধিকার থাকিবে না, যদি - 
 (ক) উহা নাগরিকদের মধ্যে ধর্মীয়, সামাজিক এবং
 সাম্প্রদায়িক সম্প্রীতি বিনষ্ট করিবার উদ্দেশ্যে গঠিত
 হয়;
 (খ) উহা ধর্ম, গোষ্ঠী, বর্ণ, নারী - পুরুষ, জন্মস্থান বা
 ভাষার ক্ষেত্রে নাগরিকদের মধ্যে বৈষম্য সৃষ্টি করিবার
 উদ্দেশ্যে গঠিত হয়;
 (গ) উহা রাষ্ট্র বা নাগরিকদের বিরুদ্ধে কিংবা
 অন্য কোন দেশের বিরুদ্ধে সন্ত্রাসী বা জঙ্গী কার্য
 পরিচালনার উদ্দেশ্যে গঠিত হয়; বা
 (ঘ) উহার গঠন ও উদ্দেশ্য এই সংবিধানের পরিপন্থী হয়।]","পঞ্চদশ সংশোধনীর মাধ্যমে সংগঠনের স্বাধীনতা
 সংক্রান্ত মৌলিক অধিকারের ক্ষেত্রে নতুন করে
 কিছু বিধি - নিষেধ আরোপ করা হয়েছে। - - - পঞ্চদশ
 সংশোধনীর মাধ্যমে আনীত পরিবর্তন বাতিল করতে
 হবে।",বাংলাদেশ জাতীয়তাবাদী দল (বিএনপি),,Amendment,Yes,১২ দলীয় জোট,,"মৌলিক অধিকার ও স্বাধীনতা ১৩. কমিশন সুপারিশ করছে যে, সংবিধানে সমাবেশ ও সংগঠনের স্বাধীনতার সুরক্ষা নিশ্চিত করা হোক, যাতে জনগণ রাষ্ট্রীয় হস্তক্ষেপ ছাড়াই স্বাধীনভাবে ট্রেড ইউনিয়ন গঠন ও যোগদান করতে পারে এবং কাউকে কোনো দল বা সংগঠনে যোগদান করতে বা বিরত রাখতে না পারে।",তৃতীয় ভাগ (মৌলিক অধিকার)
অনুচ্ছেদ ৩৮ (সংগঠনের স্বাধীনতা),,"পঞ্চদশ সংশোধনীর মাধ্যমে সংগঠনের স্বাধীনতা
 সংক্রান্ত মৌলিক অধিকারের ক্ষেত্রে নতুন করে
 কিছু বিধি - নিষেধ আরোপ করা হয়েছে। - - - পঞ্চদশ
 সংশোধনীর মাধ্যমে আনীত পরিবর্তন বাতিল করতে
 হবে।",১২ দলীয় জোট,,Amendment,Yes,বিএনপি,,,তৃতীয় ভাগ (মৌলিক অধিকার)
অনুচ্ছেদ ৩৮ (সংগঠনের স্বাধীনতা),,অনুচ্ছেদ ৩৮ থেকে অযৌক্তিক শর্তগুলো বাদ দিতে হবে। এগুলো মৌলিক অধিকারকে সীমাবদ্ধ করে দেয়।,বাংলাদেশ জামায়াতে ইসলামী,,Amendment,No,,,,তৃতীয় ভাগ (মৌলিক অধিকার)
অনুচ্ছেদ ৩৮ (সংগঠনের স্বাধীনতা),,জনশৃঙ্খলা ও নৈতিকতার স্বার্থ আইনের দ্বা্রা আরোপিত যুক্তিসঙ্গত বাধা - নিষেধ সাপেক্ষে সমিতি বা সংঘ গঠন করিবার অধিকার প্রত্যেক নাগরিকের থাকিবে।,বাংলাদেশ জামায়াতে ইসলামী,অযৌক্তিক শর্তাবলী বিলুপ্ত ঘোষণা। এগুলো মৌলিক অধিকারকে সীমাবদ্ধ করে দেয়।,Amendment,No,,,,তৃতীয় ভাগ (মৌলিক অধিকার)
অনুচ্ছেদ ৩৮ (সংগঠনের স্বাধীনতা),,"সংবিধানে ফ্যাসিজম, বিদ্বেষমূলক বক্তব্য বা
 অগণতান্ত্রিক কার্যক্রম প্রচারকারী রাজনৈতিক দলের
 প্রতিষ্ঠা, নিবন্ধন এবং কার্যক্রম স্পষ্টভাবে নিষিদ্ধ করা
 হবে। নিষেধাজ্ঞা আইনসঙ্গত এবং স্বেচ্ছাচারিতামুক্ত
 রাখতে বিচারিক নজরদারি নিশ্চিত করা হবে।
 রাষ্ট্রকে সাংবিধানিক কাঠামো ও গণতান্ত্রিক নীতিমালা
 ক্ষুণ্ণকারী সংগঠনগুলোর বিরুদ্ধে শাস্তিমূলক ব্যবস্থা
 গ্রহণ করতে হবে।",বাংলাদেশ জাতীয় পার্টি (বিজেপি),,Amendment,No,,,,তৃতীয় ভাগ (মৌলিক অধিকার)
অনুচ্ছেদ ৩৮ (সংগঠনের স্বাধীনতা),,৩৮. এই অনুচ্ছেদের দ্বিতীয় প্যারাতে সংবিধানের আদি পাঠে যা ছিলো এইখানে হুবহু তা নিম্মোক্ত রূপে পুনঃস্থাপিত হবে - “তবে শর্ত থাকে যে রাজনৈতিক উদ্দেশ্য সম্পন্ন বা লক্ষ্যানুসারী কোন সাম্প্রদায়িক সমিতি বা সঙ্ঘ কিম্বা অনরূপ উদ্দেশ্য সম্পন্ন বা লক্ষ্যানযায়ী ধর্মীয় নামযুক্ত বা ধর্মভিত্তিক অন্য কোনো সমিতি বা সংঘ গঠন করবার বা তার সদস্য হইবার অন্য বা কোনো প্রকারে তার তৎপরতায় অংশগ্রহণ করিবার কোনো অধিকার কোনো ব্যাক্তির থাকিবে না”,বাংলাদেশের কমিউনিস্ট পার্টি,,Amendment,No,,,,তৃতীয় ভাগ (মৌলিক অধিকার)
অনুচ্ছেদ ৩৮ (সংগঠনের স্বাধীনতা),,"সমিতি বা সংঘ গঠন করিবার অধিকার প্রত্যেক
 নাগরিকের থাকিবেঃ
 তবে শর্তথাকে যে, কোন ব্যক্তির উক্তরূপ সমিতি
 বা সংঘ গঠন করিবার কিংবা উহার সদস্য হইবার
 অধিকার থাকিবে না, যদি - 
 (ক) উহা নাগরিকদের মধ্যে ধর্মীয়, সামাজিক এবং
 সাম্প্রদায়িক সম্প্রীতি বিনষ্ট করিবার উদ্দেশ্যে গঠিত
 হয়,
 (খ) উহা ধর্ম, গোষ্ঠী, বর্ণ, নারী - পুরুষ, জন্মস্থান বা
 ভাষার ক্ষেত্রে নাগরিকদের মধ্যে বৈষম্য সৃষ্টি করিবার
 উদ্দেশ্যে গঠিত হয়;
 (গ) উহা রাষ্ট্র বা নাগরিকদের বিরুদ্ধে কিংবা
 অন্য কোন দেশের বিরুদ্ধে সন্ত্রাসী বা জঙ্গী কার্য
 পরিচালনার উদ্দেশ্যে গঠিত হয়;",রাষ্ট্র সংস্কার আন্দোলন,,Amendment,No,,,,তৃতীয় ভাগ (মৌলিক অধিকার)
অনুচ্ছেদ ৩৯ (চিন্তা ও বিবেকের স্বাধীনতা এবং বাক স্বাধীনতা),"৩৯। (১) চিন্তা ও বিবেকের স্বাধীনতার নিশ্চয়তাদান
 করা হইল।
 (২) রাষ্ট্রের নিরাপত্তা, বিদেশী রাষ্ট্রসমূহের সহিত
 বন্ধুত্ব পূর্ণ সম্পর্ক, জনশৃঙ্খলা, শালীনতা ও নৈতিকতার
 স্বার্থেকিংবা আদালত - অবমাননা, মানহানি বা অপরাধসংঘটনে প্ররোচনা সম্পর্কে আইনের দ্বারা আরোপিত
 যুক্তিসঙ্গত বাধানিষেধ - সাপেক্ষে
 (ক) প্রত্যেক নাগরিকের বাক্ ও ভাবপ্রকাশের
 স্বাধীনতার অধিকারের, এবং
 (খ) সংবাদক্ষেত্রের স্বাধীনতার নিশ্চয়তা দান করা
 হইল।","৩৯ খ. ‘নিশ্চয়তা’ শব্দের পরে ‘দান করা হইল’ স্থলে
 লেখা হবে “থাকিবে”।",বাংলাদেশের কমিউনিস্ট পার্টি,,Amendment,No,,,"মৌলিক অধিকার ও স্বাধীনতা ৩৪. কমিশন সুপারিশ করছে যে, জীবনের অধিকার, চিন্তা ও বিবেকের স্বাধীনতা, আইনের দৃষ্টিতে সমতা, নিপীড়ন কিংবা নিষ্ঠুর, অমানবিক বা অমর্যাদাকর দণ্ড বা ব্যবহারের ওপর নিষেধাজ্ঞা, দাসত্ব ও জবরদস্তি শ্রমের নিষেধাজ্ঞাসহ নির্দিষ্ট কিছু অধিকারকে কোনো ধরনের সীমা আরোপের অধীন করা যাবে না। ৩৬. কমিশন সুপারিশ করছে যে, সংবিধানে মতপ্রকাশের স্বাধীনতার মধ্যে স্পষ্টভাবে আদালতের রায়ের সমালোচনা করার অধিকার অন্তর্ভুক্ত করা হোক ।",তৃতীয় ভাগ (মৌলিক অধিকার)
অনুচ্ছেদ ৩৯ (চিন্তা ও বিবেকের স্বাধীনতা এবং বাক স্বাধীনতা),,"বাকস্বাধীনতা, সংবাদপত্রের স্বাধীনতা, ও সমাবেশের
 স্বাধীনতা নিশ্চয়তা প্রদানের ক্ষেত্রে ডিজিটাল আইনের
 মতো আইনের বিভিন্ন আইনের অপব্যবহার রোধ
 করতে হবে।",জাতীয়তাবাদী সমমনা জোট,,Amendment,Yes,ইসলামী আন্দোলন বাংলাদেশ,,,তৃতীয় ভাগ (মৌলিক অধিকার)
অনুচ্ছেদ ৩৯ (চিন্তা ও বিবেকের স্বাধীনতা এবং বাক স্বাধীনতা),,"বাকস্বাধীনতা, সংবাদপত্রের স্বাধীনতা, ও সমাবেশের
 স্বাধীনতা নিশ্চয়তা প্রদানের ক্ষেত্রে ডিজিটাল আইনের
 মতো আইনের বিভিন্ন আইনের অপব্যবহার রোধ
 করতে হবে।",ইসলামী আন্দোলন বাংলাদেশ,,Amendment,Yes,জাতীয়তাবাদী সমমনা জোট,,,তৃতীয় ভাগ (মৌলিক অধিকার)
অনুচ্ছেদ ৩৯ (চিন্তা ও বিবেকের স্বাধীনতা এবং বাক স্বাধীনতা),,"জনগণের বাকস্বাধীনতা, সংগঠিত ও সংগঠন করার
 স্বাধীনতা এবং আন্দোলন করার স্বাধীনতা নিশ্চিত
 করতে হবে।",গণতান্ত্রিক বিপ্লবী পার্টি,,Amendment,No,,,,তৃতীয় ভাগ (মৌলিক অধিকার)
অনুচ্ছেদ ৩৯ (চিন্তা ও বিবেকের স্বাধীনতা এবং বাক স্বাধীনতা),,"জন - জীবনে যাতে কোনো বিঘ্ন না ঘটে এজন্য
 প্রতিবাদ সমাবেশের জন্য উপজেলা, জেলা ও
 বড় শহরগুলোতে ’প্রতিবাদী উদ্যান’ তৈরি করতে
 হবে। প্রতিবাদকারীদের বক্তব্য সরকারের কাছে
 যথাযথভাবে পৌছে দিতে হবে।",গণতান্ত্রিক বিপ্লবী পার্টি,,Amendment,No,,,,তৃতীয় ভাগ (মৌলিক অধিকার)
অনুচ্ছেদ ৩৯ (চিন্তা ও বিবেকের স্বাধীনতা এবং বাক স্বাধীনতা),,অনুচ্ছেদ ৩৯ থেকে অযৌক্তিক শর্তগুলো বাদ দিতে হবে। এগুলো মৌলিক অধিকারকে সীমাবদ্ধ করে দেয়।,বাংলাদেশ জামায়াতে ইসলামী,,Amendment,No,,,,তৃতীয় ভাগ (মৌলিক অধিকার)
অনুচ্ছেদ ৩৯ (চিন্তা ও বিবেকের স্বাধীনতা এবং বাক স্বাধীনতা),,"(১) চিন্তা ও বিবেকের স্বাধীনতার নিশ্চয়তাদান করা
 হইল।
 (২) (ক) প্রত্যেক নাগরিকের বাক্ ও ভাবপ্রকাশের
 স্বাধীনতার অধিকারের, এবং
 (খ) সংবাদপত্রের স্বাধীনতার নিশ্চয়তা দান করা
 হইল।",বাংলাদেশ জামায়াতে ইসলামী,"বাধানিষেধ বিলুপ্ত।
 এগুলো মৌলিক
 অধিকারকে সীমাবদ্ধ
 করে দেয়।",Amendment,No,,,,তৃতীয় ভাগ (মৌলিক অধিকার)
অনুচ্ছেদ ৩৯ (চিন্তা ও বিবেকের স্বাধীনতা এবং বাক স্বাধীনতা),,গণমাধ্যমের পূর্ণস্বাধীনতার নিশ্চিয়তার বিধান।,গণসংহতি আন্দোলন,,Amendment,No,,,,তৃতীয় ভাগ (মৌলিক অধিকার)
অনুচ্ছেদ ৩৯ (চিন্তা ও বিবেকের স্বাধীনতা এবং বাক স্বাধীনতা),,"রাষ্ট্র বক্তৄতা, প্রেস, সৃজনশীলতা, একাডেমিক গবেষণা, বৈজ্ঞানিক গবেষণা এবং চিন্তার স্বাধীনতা নিশ্চিত করবে। প্রতি জেলায় জনসমাবেশের জন্য নিরাপদ এলাকা প্রতিষ্ঠা করা হবে, যেখানে সুযোগসু্বিধা, শৃঙ্খলা এবং আইনি নির্দেশনা মেনে চলা বাধ্যতামূলক হবে।",বাংলাদেশ জাতীয় পার্টি (বিজেপি),,Amendment,No,,,,তৃতীয় ভাগ (মৌলিক অধিকার)
অনুচ্ছেদ ৩৯ (চিন্তা ও বিবেকের স্বাধীনতা এবং বাক স্বাধীনতা),,"(১) চিন্তা ও বিবেকের স্বাধীনতার নিশ্চয়তা দান
 করা হইল। (২) ক) প্রত্যেক নাগরিকের বাক্ ও
 ভাবপ্রকাশের স্বাধীনতার অধিকারের, এবং (খ)
 সংবাদপত্রের স্বাধীনতার নিশ্চয়তা দান করা হইল।",রাষ্ট্র সংস্কার আন্দোলন,,Amendment,No,,,,তৃতীয় ভাগ (মৌলিক অধিকার)
অনুচ্ছেদ ৩৯ (চিন্তা ও বিবেকের স্বাধীনতা এবং বাক স্বাধীনতা),,"রাজনৈতিক/অরাজনৈতিক সভা - সমাবেশকে পুলিশ বা
 প্রশাসনের “ অনুমতি ব্যতীত"" পালন করার অধিকার
 প্রদান করতে হবে।",জাতীয়তাবাদী গণতান্ত্রিক আন্দোলন (এনডিএম),,Amendment,No,,,,তৃতীয় ভাগ (মৌলিক অধিকার)
অনুচ্ছেদ ৩৯ (চিন্তা ও বিবেকের স্বাধীনতা এবং বাক স্বাধীনতা),,অনুচ্ছেদ ৩৯ (২) বাতিল করতে হবে,বাংলাদেশ মুসলিম লীগ,,Amendment,No,,,,তৃতীয় ভাগ (মৌলিক অধিকার)
অনুচ্ছেদ ৪১ (ধর্মীয় স্বাধীনতা),"৪১। (১) আইন, জনশৃঙ্খলা ও নৈতিকতা - সাপেক্ষে
 (ক) প্রত্যেক নাগরিকের যে কোন ধর্ম অবলম্বন, পালন
 বা প্রচারের অধিকার রহিয়াছে;
 (খ) প্রত্যেক ধর্মীয় সম্প্রদায় ও উপ - সম্প্রদায়ের নিজস্ব
 ধর্মীয় প্রতিষ্ঠানের স্থাপন, রক্ষণ ও ব্যবস্থাপনার অধিকার
 রহিয়াছে।
 (২) কোন শিক্ষা - প্রতিষ্ঠানে যোগদানকারী কোন ব্যক্তির
 নিজস্ব ধর্ম - সংক্রান্ত না হইলে তাঁহাকে কোন ধর্মীয়
 শিক্ষাগ্রহণ কিংবা কোন ধর্মীয় অনুষ্ঠান বা উপাসনায়
 অংশগ্রহণ বা যোগদান করিতে হইবে না।","১) (ক) প্রত্যেক নাগরিকের যে কোন ধর্ম অবলম্বন,
 পালন বা প্রচারের অধিকার রহিয়াছে;
 (খ) প্রত্যেক ধর্মীয় সম্প্রদায় ও উপ - সম্প্রদায়ের
 নিজস্ব ধর্মীয় প্রতিষ্ঠানের স্থাপন, রক্ষণ ও ব্যবস্থাপনার
 অধিকার রহিয়াছে।
 (২) কোন শিক্ষা - প্রতিষ্ঠানে যোগদানকারী কোন
 ব্যক্তির নিজস্ব ধর্ম - সংক্রান্ত না হইলে তাঁহাকে কোন
 ধর্মীয় শিক্ষাগ্রহণ কিংবা কোন ধর্মীয় অনুষ্ঠান বা
 উপাসনায় অংশগ্রহণ বা যোগদান করিতে হইবে না।",রাষ্ট্র সংস্কার আন্দোলন,,Amendment,No,,,"মৌলিক অধিকার ও স্বাধীনতা ১৪. কমিশন সুপারিশ করছে যে, সংবিধানে একটি বিস্তারিত বিধান অন্তর্ভুক্ত করা হোক, যা অন্যান্য ধর্মের প্রতি শ্রদ্ধাশীল থেকে প্রকাশ্যে বা ব্যক্তিগতভাবে, এককভাবে বা সমষ্টিগতভাবে ধর্ম পালন, প্রচার, প্রসার এবং প্রকাশ করার অধিকার নিশ্চিত করবে।",তৃতীয় ভাগ (মৌলিক অধিকার)
অনুচ্ছেদ ৪১ (ধর্মীয় স্বাধীনতা),,অনুচ্ছেদ ৪১ (২) বাতিল করতে হবে,বাংলাদেশ মুসলিম লীগ,,Amendment,No,,,,তৃতীয় ভাগ (মৌলিক অধিকার)
অনুচ্ছেদ ৪২ (সম্পত্তির অধিকার),"৪২। (১) আইনের দ্বারা আরোপিত বাধা নিষেধ - সাপেক্ষে
 প্রত্যেক নাগরিকের সম্পত্তি অর্জন, ধারণ, হস্তান্তর বা
 অন্যভাবে বিলি - ব্যবস্থা করিবার অধিকার থাকিবে এবং
 আইনের কর্ত্বতৃ ব্যতীত কোন সম্পত্তি বাধ্যতামূলকভাবে
 গ্রহণ, রাষ্ট্রায়ত্ত বা দখল করা যাইবে না।
 ২৪র[(২) এই অনুচ্ছেদের (১) দফার অধীন প্রণীত
 আইনে ক্ষতিপূরণসহ বাধ্যতামূলকভাবে গ্রহণ,
 রাষ্ট্রায়ত্তকরণ বা দখলের বিধান করা হইবে এবং
 ক্ষতিপূরণের পরিমাণ নির্ধারণ কিংবা ক্ষতিপূরণ নির্ণয়
 ও প্রদানের নীতি ও পদ্ধতি নির্দিষ্ট করা হইবে; তবে
 অনুরূপ কোন আইনে ক্ষতিপূরণের বিধান অপর্যাপ্ত
 হইয়াছে বলিয়া সেই আইন সম্পর্কেকোন আদালতে
 কোন প্রশ্ন উত্থাপন করা যাইবে না।]","পঞ্চদশ সংশোধনীর মাধ্যমে সম্পত্তির অধিকার
 সংক্রান্ত মৌলিক অধিকারের ক্ষেত্রে অনুচ্ছেদ (৩)
 বিলুপ্ত করা হয়েছে। উক্ত দফায় Proclamatiosn
 (amendment) order, 1977 জারির পূর্বেকোন
 আইনের আওতায় ক্ষতিপূরণ ব্যতিরেখে সম্পত্তি
 অধিগ্রহণ ও রাষ্ট্রায়ত্বকরণের ক্ষেত্রে উক্ত আইনকে
 বৈধতা দেয়া হয়েছে। - - - পঞ্চদশ সংশোধনীর মাধ্যমে
 আনীত পরিবর্তন বাতিল করতে হবে।",বাংলাদেশ জাতীয়তাবাদী দল (বিএনপি),,Amendment,No,,,"মৌলিক অধিকার ও স্বাধীনতা ১৭. কমিশন সুপারিশ করছে যে, সংবিধানে রাষ্ট্রীয়, ব্যক্তিগত, গোষ্ঠীগত এবং সমবায়ী - এই বিভিন্ন প্রকার মালিকানাকে স্বীকৃতি দেয়া হোক।",তৃতীয় ভাগ (মৌলিক অধিকার)
অনুচ্ছেদ ৪২ (সম্পত্তির অধিকার),,"নারীরা এখনও উত্তরাধিকার আইনে বৈষম্যের
 শিকার। সম্পত্তিতে উত্তরাধিকার আইনে সমতা
 নিশ্চিত করা আবশ্যক।",নাগরিক ঐক্য,,Amendment,No,,,,তৃতীয় ভাগ (মৌলিক অধিকার)
অনুচ্ছেদ ৪২ (সম্পত্তির অধিকার),,"অধিকারের ক্ষেত্রে ‘নারী পুরুষের বাইরে অন্যান্য
 লিঙ্গীয় পরিচয়' আলাদা ভাবে উল্লেখ থাকা দরকার।",গণসংহতি আন্দোলন,,Amendment,No,,,,তৃতীয় ভাগ (মৌলিক অধিকার)
অনুচ্ছেদ ৪২ (সম্পত্তির অধিকার),,কোন আদালতে প্রশ্ন উত্থাপন করা যাইবেনা রহিত হোক এবং কোন নাগরিকের অর্জিত বা প্রাপ্ত ব্যাক্তি ও পারিবারিক কোন সম্পত্তির জন্য কোন সংস্থা বা কর্তৃপক্ষের কাছে জবাবদিহি করিতে হবেনা এবং রাষ্ট্র বা সারকার অন্যায় অবৈধভাবে অর্জিত প্রমাণ না করা পর্যন্ত কোন সম্পদ বাজেয়াপ্ত করতে পারবেনা বলে বিশেষ অনুচ্ছেদ যুক্ত হোক।,ইনসানিয়াত বিপ্লব বাংলাদেশ,,Amendment,No,,,,তৃতীয় ভাগ (মৌলিক অধিকার)
অনুচ্ছেদ ৪৩ (গৃহ ও যোগাযোগের রক্ষণ),"৪৩। রাষ্ট্রের নিরাপত্তা, জনশৃঙ্খলা, জনসাধারণের নৈতিকতা বা জনস্বাস্থ্যের স্বার্থে আইনের দ্বারা আরোপিত যুক্তিসঙ্গত বাধা নিষেধ - সাপেক্ষে প্রত্যেক নাগরিকের (ক) প্রবেশ, তল্লাশী ও আটক হইতে স্বীয় গৃহে নিরাপত্তালাভের অধিকার থাকিবে; এবং (খ) চিঠিপত্রের ও যোগাযোগের অন্যান্য উপায়ের গোপনতারক্ষার অধিকার থাকিবে।","রাষ্ট্রের প্রত্যেকটি নাগরিক (ক) প্রবেশ, তল্লাশী ও আটক হইতে স্বীয় গৃহে নিরাপত্তালাভের অধিকার থাকিবে; এবং (খ) যোগাযোগের সকল উপায়ের গোপনীয়তা রক্ষার অধিকার থাকিবে। এই অধিকার রাষ্ট্রের নিরাপত্তা বাহিনী খর্ব করিতে পারিবে যদি ক) আদালত তাকে গ্রেফতার বা আলামত সংগ্রহের জন্য অনুমতি দেয়, (খ) জননিরাপত্তায় হানি ঘটিতে পারে এমন সন্ত্রাসী ও জঙ্গী কর্মকাণ্ডের আশংকা থাকে। প্রতিটা খর্বের ঘটনার যৌক্তিকতা ও বৈধতা আদালতে প্রমান করতে হবে। অবৈধ ভাবে এই স্বাধীনতা খর্বহইলে সেই আলামত বিচার কাজে ব্যবহার করা যাইবে না।",রাষ্ট্র সংস্কার আন্দোলন,,Amendment,No,,,"মৌলিক অধিকার ও স্বাধীনতা ১৮. কমিশন সুপারিশ করছে যে, সংবিধানে ব্যক্তি ও জনপরিসর উভয় ক্ষেত্রে নাগরিকের গোপনীয়তার অধিকার থাকবে ।",তৃতীয় ভাগ (মৌলিক অধিকার)
অনুচ্ছেদ ৪৩ (গৃহ ও যোগাযোগের রক্ষণ),,"Article 43 delete “subject to any reasonable
 restrictions imposed by law in the interests
 of the security of the State, public order,
 public morality or public health”. Add (c)
 subject to any restriction by a Court or a
 warrant issued by a Court.",বাংলাদেশ মুসলিম লীগ,,Amendment,No,,,,তৃতীয় ভাগ (মৌলিক অধিকার)
অনুচ্ছেদ ৪৪ (মৌলিক অধিকার বলবৎকরণ),"৪৪। (১) এই ভাগে প্রদত্ত অধিকারসমূহ বলবৎ
 করিবার জন্য এই সংবিধানের ১০২ অনুচ্ছেদের (১)
 দফা অনুযায়ী হাইকোর্ট বিভাগের নিকট মামলা রুজু
 করিবার অধিকারের নিশ্চয়তা দান করা হইল।
 (২) এই সংবিধানের ১০২ অনুচ্ছেদের অধীন হাইকোর্ট
 বিভাগের ক্ষমতার হানি না ঘটাইয়া সংসদ আইনের
 দ্বারা অন্য কোন আদালতকে তাহার এখতিয়ারের
 স্থানীয় সীমার মধ্যে ঐ সকল বা উহার যে কোন ক্ষমতা
 প্রয়োগের ক্ষমতা দান করিতে পারিবেন।","পঞ্চদশ সংশোধনীর মাধ্যমে অত্র অনুচ্ছেদটি
 প্রতিস্থাপিত হলেও আদতে পূর্বের বিধানই
 অপরিবর্তিত রয়েছে। - - - - প্রতিস্থাপিত অনুচ্ছেদটি
 বহাল রাখতে হবে। (পঞ্চদশ সংশোধনীর বৈধতা
 সংক্রান্ত মামলায় বিষয়টি বিচারাধীন)।",বাংলাদেশ জাতীয়তাবাদী দল (বিএনপি),,Amendment,No,,,"মৌলিক অধিকার ও স্বাধীনতা ৩৪. কমিশন সুপারিশ করছে যে, জীবনের অধিকার, চিন্তা ও বিবেকের স্বাধীনতা, আইনের দৃষ্টিতে সমতা, নিপীড়ন কিংবা নিষ্ঠুর, অমানবিক বা অমর্যাদাকর দণ্ড বা ব্যবহারের ওপর নিষেধাজ্ঞা, দাসত্ব ও জবরদস্তি শ্রমের নিষেধাজ্ঞাসহ নির্দিষ্ট কিছু অধিকারকে কোনো ধরনের সীমা আরোপের অধীন করা যাবে না।",তৃতীয় ভাগ (মৌলিক অধিকার)
অনুচ্ছেদ ৪৪ (মৌলিক অধিকার বলবৎকরণ),,"এই ভাগে প্রদত্ত অধিকারসমূহ বলবৎ করিবার
 জন্য প্রতি জেলায় নাগরিক অধিকার আদালত
 গঠন করা হইবে। নাগরিক অধিকার আদালতে
 মৌলিক অধিকার লংঘিত হইলে নাগরিকের মামলা
 রুজু করিবার অধিকারের এবং ক্ষতিপূরণ চাইবার
 অধিকারের নিশ্চয়তা দান করা হইল।",রাষ্ট্র সংস্কার আন্দোলন,,Amendment,No,,,,তৃতীয় ভাগ (মৌলিক অধিকার)
অনুচ্ছেদ ৪৪ (মৌলিক অধিকার বলবৎকরণ),,"অন্যের অধিকার হরণকারী ও ফৌজদারি
 অপরাধমূলক কর্মকাণ্ড ব্যতিরেকে চিন্তা, বিবেক
 ও মতপ্রকাশের স্বাধীনতা, নাগরিকের স্বাধীনভাবে
 চলাফেরা করার অধিকার ও জীবিকার জন্য কাজের
 অধিকার কোন আইন দ্বারা সীমাবদ্ধ করা যাবে না।",গণসংহতি আন্দোলন,,Amendment,No,,,,তৃতীয় ভাগ (মৌলিক অধিকার)
অনুচ্ছেদ ৪৫ (শৃঙ্খলামূলক আইনের ক্ষেত্রে অধিকারের পরিবর্তন),৪৫। কোন শৃঙ্খলা - বাহিনীর সদস্য - সম্পর্কিত কোন শৃঙ্খলামূলক আইনের যে কোন বিধান উক্ত সদস্যদের যথাযথ কর্তব্যপালন বা উক্ত বাহিনীতে শৃঙ্খলারক্ষা নিশ্চিত করিবার উদ্দেশ্যে প্রণীত বিধান বলিয়া অনুরূপ বিধানের ক্ষেত্রে এই ভাগের কোন কিছুই প্রযোজ্য হইবে না।,বাতিল,রাষ্ট্র সংস্কার আন্দোলন,,Amendment,No,,,"৭.১ সকল নাগরিকের মৌলিক অধিকার নিশ্চিত করতে সংবিধানে কোনো ব্যতিক্রম রাখার সুযোগ নেই। অতএব, কমিশন বিদ্যমান সংবিধানের অনুচ্ছেদ ৪৫ সংশোধন করে শৃঙ্খলা-বাহিনীর সদস্য-সম্পর্কিত কোনো শৃঙ্খলামূলক আইনের ক্ষেত্রে মৌলিক অধিকার সমভাবে প্রযোজ্য হওয়ার বিধান যুক্ত করার সুপারিশ করছে। সংশ্লিষ্ট বাহিনীর সদস্যদের মৌলিক অধিকার লঙ্ঘনের অভিযোগ নিষ্পত্তি করার জন্যে শৃঙ্খলা-বাহিনীর প্রয়োজনীয় আভ্যন্তরীণ আইনি কাঠামো থাকতে পারে বলে কমিশন মনে করে।


---

৩৯. কমিশন সুপারিশ করছে যে, প্রতিটি মৌলিক অধিকারের ক্ষেত্রে আলাদা আলাদাভাবে সীমা আরোপের পরিবর্তে একটিসাধারণ সীমা আরোপের বিধান যুক্ত করা হোক। মৌলিক মানবাধিকার ও স্বাধীনতা ভাগে স্বীকৃত কোনো মৌলিক অধিকারবা স্বাধীনতা কেবল আইন দ্বারা এবং শুধু সেই পরিমাণে সীমিত করা যাবে যে পরিমাণে সীমা আরোপ একটি মুক্ত এবং গণতান্ত্রিক সমাজে যুক্তিসঙ্গত ও ন্যায়সঙ্গত। আরোপিত সীমা সাংবিধানিক কি না, তা নির্ধারণের ক্ষেত্রে, নিম্নেবর্ণিত মানদণ্ডবিবেচনা করতে হবে :(ক) আইন দ্বারা আরোপিত সীমা বৈধ ও গুরুত্বপূর্ণ উদ্দেশ্য পূরণ করে কি না;(খ) আরোপিত সীমা উক্ত উদ্দেশ্যের সাথে যৌক্তিকভাবে সম্পর্কিত কি না;(গ) আইনের উদ্দেশ্য অর্জনের জন্য এই সীমা সবচেয়ে কম বাধা সৃষ্টিকারী উপায় কি না;(ঘ) এই সীমা আরোপের এবং আইনের উদ্দেশ্যের গুরুত্বের মধ্যে ভারসাম্য (balance) ও আনুপাতিকতা (proportionality )রক্ষা করা হয়েছে কি না; এবং(ঙ) এই সীমা আরোপ সংবিধানের অন্যান্য অধিকার ও স্বাধীনতার সঙ্গে সামঞ্জস্যপূর্ণ কি না।",তৃতীয় ভাগ (মৌলিক অধিকার)
অনুচ্ছেদ ৪৬ (দায়মুক্তি বিধানের ক্ষমতা),"এই ভাগের পূর্ববর্ণিত বিধানাবলীতে যাহা বলা হইয়াছে, তাহা সত্ত্বেও প্রজাতন্ত্রের কর্মেনিযুক্ত কোন ব্যক্তি বা অন্য কোন ব্যক্তি জাতীয় মুক্তিসংগ্রামের প্রয়োজনে কিংবা বাংলাদেশের রাষ্ট্রীয় সীমানার মধ্যে যে কোন অঞ্চলে শৃঙ্খলা - রক্ষা বা পুনর্বহালের প্রয়োজনে কোন কার্য করিয়া থাকিলে সংসদ আইনের দ্বারা সেই ব্যক্তিকে দায়মুক্ত করিতে পারিবেন কিংবা ঐ অঞ্চলে প্রদত্ত কোন দণ্ডাদেশ, দণ্ড বা বাজেয়াপ্তির আদেশকে কিংবা অন্য কোন কার্যকে বৈধ করিয়া লইতে পারিবেন।",অনুচ্ছেদ ৪৬ বিলুপ্ত ঘোষণা করতে হবে।,বাংলাদেশ জামায়াতে ইসলামী,,Amendment,Yes,রাষ্ট্র সংস্কার আন্দোলন,,"৩৯. কমিশন সুপারিশ করছে যে, প্রতিটি মৌলিক অধিকারের ক্ষেত্রে আলাদা আলাদাভাবে সীমা আরোপের পরিবর্তে একটিসাধারণ সীমা আরোপের বিধান যুক্ত করা হোক। মৌলিক মানবাধিকার ও স্বাধীনতা ভাগে স্বীকৃত কোনো মৌলিক অধিকারবা স্বাধীনতা কেবল আইন দ্বারা এবং শুধু সেই পরিমাণে সীমিত করা যাবে যে পরিমাণে সীমা আরোপ একটি মুক্ত এবংগণতান্ত্রিক সমাজে যুক্তিসঙ্গত ও ন্যায়সঙ্গত। আরোপিত সীমা সাংবিধানিক কি না, তা নির্ধারণের ক্ষেত্রে, নিম্নেবর্ণিত মানদণ্ডবিবেচনা করতে হবে :(ক) আইন দ্বারা আরোপিত সীমা বৈধ ও গুরুত্বপূর্ণ উদ্দেশ্য পূরণ করে কি না;(খ) আরোপিত সীমা উক্ত উদ্দেশ্যের সাথে যৌক্তিকভাবে সম্পর্কিত কি না;(গ) আইনের উদ্দেশ্য অর্জনের জন্য এই সীমা সবচেয়ে কম বাধা সৃষ্টিকারী উপায় কি না;(ঘ) এই সীমা আরোপের এবং আইনের উদ্দেশ্যের গুরুত্বের মধ্যে ভারসাম্য (balance) ও আনুপাতিকতা (proportionality )রক্ষা করা হয়েছে কি না; এবং(ঙ) এই সীমা আরোপ সংবিধানের অন্যান্য অধিকার ও স্বাধীনতার সঙ্গে সামঞ্জস্যপূর্ণ কি না।",তৃতীয় ভাগ (মৌলিক অধিকার)
অনুচ্ছেদ ৪৬ (দায়মুক্তি বিধানের ক্ষমতা),,অনুচ্ছেদ ৪৬ বিলুপ্ত ঘোষণা করতে হবে।,রাষ্ট্র সংস্কার আন্দোলন,,Amendment,Yes,বাংলাদেশ জামায়াতে ইসলামী,,,তৃতীয় ভাগ (মৌলিক অধিকার)
অনুচ্ছেদ ৪৬ (দায়মুক্তি বিধানের ক্ষমতা),,"জাতীয় স্বার্থ ও জনগণের মৌলিক অধিকার হরণের
 কোনো ক্ষেত্রে দায়মুক্তির বিধান কার্যকর হবে না।",গণসংহতি আন্দোলন,,Amendment,No,,,,তৃতীয় ভাগ (মৌলিক অধিকার)
অনুচ্ছেদ ৪৭ (কতিপয় আইনের হেফাজত),"৪৭। (১) নিম্নলিখিত যে কোন বিষয়ের বিধানসংবলিত কোন আইনে (প্রচলিত আইনের ক্ষেত্রে সংশোধনীর মাধ্যমে) সংসদ যদি স্পষ্টরূপে ঘোষণা করেন যে, এই সংবিধানের দ্বিতীয় ভাগে বর্ণিত রাষ্ট্র পরিচালনার মূলনীতিসমূহের কোন একটিকে কার্যকর করিবার জন্য অনুরূপ বিধান করা হইল, তাহা হইলে অনুরূপ আইন এই ভাগে নিশ্চয়কৃত কোন অধিকারের সহিত অসমঞ্জস কিংবা অনুরূপ অধিকার হরণ বা খর্ব করিতেছে, এই কারণে বাতিল বলিয়া গণ্য হইবে নাঃ (ক) কোন সম্পত্তি বাধ্যতামূলকভাবে গ্রহণ, রাষ্ট্রায়ত্তকরণ বা দখল কিংবা সাময়িকভাবে বা স্থায়ীভাবে কোন সম্পত্তির নিয়ন্ত্রণ বা ব্যবস্থাপনা; (খ) বাণিজ্যিক বা অন্যবিধ উদ্যোগসম্পন্ন একাধিক প্রতিষ্ঠানের বাধ্যতামূলক সংযুক্তকরণ; (গ) অনুরূপ যে কোন প্রতিষ্ঠানের পরিচালক, ব্যবস্থাপক, এজেন্ট ও কর্মচারীদের অধিকার এবং (যে কোন প্রকারের) শেয়ার ও স্টকের মালিকদের ভোটাধিকার বিলোপ, পরিবর্তন, সীমিতকরণ বা নিয়ন্ত্রণ; (ঘ) খনিজদ্রব্য বা খনিজ তৈল - অনুসন্ধান বা লাভের অধিকার বিলোপ, পরিবর্তন, সীমিতকরণ বা নিয়ন্ত্রণ; (ঙ) অন্যান্য ব্যক্তিকে অংশতঃ বা সম্পূর্ণত ঃ পরিহার করিয়া সরকার কর্তৃক বা সরকারের নিজস্ব, নিয়ন্ত্রণাধীন বা ব্যবস্থাপনাধীন কোন সংস্থা কর্তৃক যে কোন কারবার, ব্যবসায়, শিল্প বা কর্মবিভাগ - চালনা; অথবা (চ) যে কোন সম্পত্তির স্বত্ব কিংবা পেশা, বৃত্তি, কারবার বা ব্যবসায় - সংক্রান্ত যে কোন অধিকার কিংবা কোন সংবিধিবদ্ধ সরকারী প্রতিষ্ঠান বা কোন বাণিজ্যিক বা শিল্পগত উদ্যোগের মালিক বা কর্মচারীদের অধিকার বিলোপ, পরিবর্তন, সীমিতকরণ বা নিয়ন্ত্রণ। (২) এই সংবিধানে যাহা বলা হইয়াছে, তাহা সত্ত্বেও প্রথম তফসিলে বর্ণিত আইনসমূহ (অনুরূপ আইনের কোন সংশোধনীসহ) পূর্ণভাবে বলবৎ ও কার্যকর হইতে থাকিবে এবং অনুরূপ যে কোন আইনের কোন বিধান কিংবা অনুরূপ কোন আইনের কর্তৃত্বে যাহা করা হইয়াছে বা করা হয় নাই, তাহা এই সংবিধানের কোন বিধানের সহিত অসমঞ্জস বা তাহার পরিপন্থী, এই কারণে বাতিল বা বেআইনী বলিয়া গণ্য হইবে না; ২৬[তবে শর্তথাকে যে, এই অনুচ্ছেদের কোন কিছুই অনুরূপ কোন আইনকে সংশোধন, পরিবর্তন বা বাতিল করা হইতে নিবৃত্ত করিবে না।] ২৭ [(৩) এই সংবিধানে যাহা বলা হইয়াছে, তাহা সত্ত্বেও গণহত্যাজনিত অপরাধ, মানবতাবিরোধী অপরাধ বা যুদ্ধাপরাধ এবং আন্তর্জাতিক আইনের অধীন অন্যান্য অপরাধের জন্য কোন সশস্ত্র বাহিনী বা প্রতিরক্ষা বাহিনী বা সহায়ক বাহিনীর সদস্য ২৮ [বা অন্য কোন ব্যক্তি, ব্যক্তি সমষ্টি বা সংগঠন] কিংবা যুদ্ধবন্দীকে আটক, ফৌজদারীতে সোপর্দকিংবা দণ্ডদান করিবার বিধান - সংবলিত কোন আইন বা আইনের বিধান এই সংবিধানের কোন বিধানের সহিত অসমঞ্জস বা তাহার পরিপন্থী, এই কারণে বাতিল বা বেআইনী বলিয়া গণ্য হইবে না কিংবা কখনও বাতিল বা বেআইনী হইয়াছে বলিয়া গণ্য হইবে না।]","পঞ্চদশ সংশোধনীর মাধ্যমে - - দফা (২) এ একটি ব্যাখ্যা সংযোজনের মাধ্যমে উক্ত দফাকে স্পষ্টীকরণ করা হয়েছে; এবং দফা (৩) সংশোধনের মাধ্যমে গণহত্যাজনিত অপরাধ, মানবতাবিরোধী অপরাধ, মানবতাবিরোধী অপরাধ বা যুদ্ধাপরাধ এবং আন্তর্জাতিক আইনের অধীন অন্যান্য অপরাধের জন্য অসামরিক ব্যক্তি ও সংগঠনের বিচারের সুযোগ সৃষ্টি করা হয়েছে। - - - জুলাই গণহত্যা, ২০২৪ এর বিচারের স্বার্থে পঞ্চদশ সংশোধনীর মাধ্যমে আনীত পরিবর্তন বহাল রাখতে হবে।",বাংলাদেশ জাতীয়তাবাদী দল (বিএনপি),,Amendment,No,,,"৩৯. কমিশন সুপারিশ করছে যে, প্রতিটি মৌলিক অধিকারের ক্ষেত্রে আলাদা আলাদাভাবে সীমা আরোপের পরিবর্তে একটিসাধারণ সীমা আরোপের বিধান যুক্ত করা হোক। মৌলিক মানবাধিকার ও স্বাধীনতা ভাগে স্বীকৃত কোনো মৌলিক অধিকারবা স্বাধীনতা কেবল আইন দ্বারা এবং শুধু সেই পরিমাণে সীমিত করা যাবে যে পরিমাণে সীমা আরোপ একটি মুক্ত এবংগণতান্ত্রিক সমাজে যুক্তিসঙ্গত ও ন্যায়সঙ্গত। আরোপিত সীমা সাংবিধানিক কি না, তা নির্ধারণের ক্ষেত্রে, নিম্নেবর্ণিত মানদণ্ডবিবেচনা করতে হবে :(ক) আইন দ্বারা আরোপিত সীমা বৈধ ও গুরুত্বপূর্ণ উদ্দেশ্য পূরণ করে কি না;(খ) আরোপিত সীমা উক্ত উদ্দেশ্যের সাথে যৌক্তিকভাবে সম্পর্কিত কি না;(গ) আইনের উদ্দেশ্য অর্জনের জন্য এই সীমা সবচেয়ে কম বাধা সৃষ্টিকারী উপায় কি না;(ঘ) এই সীমা আরোপের এবং আইনের উদ্দেশ্যের গুরুত্বের মধ্যে ভারসাম্য (balance) ও আনুপাতিকতা (proportionality )রক্ষা করা হয়েছে কি না; এবং(ঙ) এই সীমা আরোপ সংবিধানের অন্যান্য অধিকার ও স্বাধীনতার সঙ্গে সামঞ্জস্যপূর্ণ কি না।",তৃতীয় ভাগ (মৌলিক অধিকার)
অনুচ্ছেদ ৪৭ (কতিপয় আইনের হেফাজত),,"গুম, বিনা বিচারে হত্যা এবং হয়রানীমূলক গ্রেফতা ও
 হেফাজতে নির্যাতন বিষয়ে সংবিধানে সুস্পষ্ট বিধান
 থাকতে হবে।",গণসংহতি আন্দোলন,,Amendment,No,,,,তৃতীয় ভাগ (মৌলিক অধিকার)
অনুচ্ছেদ ৪৭ (কতিপয় আইনের হেফাজত),,অনুচ্ছেদ ৪৭(৩) বিলুপ্ত করতে হবে,বাংলাদেশ জামায়াতে ইসলামী,,Amendment,Yes,রাষ্ট্র সংস্কার আন্দোলন,,,তৃতীয় ভাগ (মৌলিক অধিকার)
অনুচ্ছেদ ৪৭ (কতিপয় আইনের হেফাজত),,অনুচ্ছেদ ৪৭(৩) বিলুপ্ত করতে হবে,রাষ্ট্র সংস্কার আন্দোলন,,Amendment,Yes,বাংলাদেশ জামায়াতে ইসলামী,,,তৃতীয় ভাগ (মৌলিক অধিকার)
অনুচ্ছেদ ৪৭ক (সংবিধানের কতিপয় বিধানের অপ্রযোজ্যতা),"২৯ [৪৭ক। (১) যে ব্যক্তির ক্ষেত্রে এই সংবিধানের ৪৭ অনুচ্ছেদের (৩) দফায় বর্ণিত কোন আইন প্রযোজ্য হয়, সেই ব্যক্তির ক্ষেত্রে এই সংবিধানের ৩১ অনুচ্ছেদ, ৩৫ অনুচ্ছেদের (১) ও (৩) দফা এবং ৪৪ অনুচ্ছেদের অধীন নিশ্চয়কৃত অধিকারসমূহ প্রযোজ্য হইবে না। (২) এই সংবিধানে যাহা বলা হইয়াছে, তাহা সত্ত্বেও যে ব্যক্তির ক্ষেত্রে এই সংবিধানের ৪৭ অনুচ্ছেদের (৩) দফায় বর্ণিত কোন আইন প্রযোজ্য হয়, এই সংবিধানের অধীন কোন প্রতিকারের জন্য সুপ্রীম কোর্টে আবেদন করিবার কোন অধিকার সেই ব্যক্তির থাকিবে না।",৪৭ক বিলুপ্ত ঘোষণা,বাংলাদেশ জামায়াতে ইসলামী,,Amendment,Yes,রাষ্ট্র সংস্কার আন্দোলন ও বাংলাদেশে মুসলিম লীগ,,"৩৯. কমিশন সুপারিশ করছে যে, প্রতিটি মৌলিক অধিকারের ক্ষেত্রে আলাদা আলাদাভাবে সীমা আরোপের পরিবর্তে একটিসাধারণ সীমা আরোপের বিধান যুক্ত করা হোক। মৌলিক মানবাধিকার ও স্বাধীনতা ভাগে স্বীকৃত কোনো মৌলিক অধিকারবা স্বাধীনতা কেবল আইন দ্বারা এবং শুধু সেই পরিমাণে সীমিত করা যাবে যে পরিমাণে সীমা আরোপ একটি মুক্ত এবংগণতান্ত্রিক সমাজে যুক্তিসঙ্গত ও ন্যায়সঙ্গত। আরোপিত সীমা সাংবিধানিক কি না, তা নির্ধারণের ক্ষেত্রে, নিম্নেবর্ণিত মানদণ্ডবিবেচনা করতে হবে :(ক) আইন দ্বারা আরোপিত সীমা বৈধ ও গুরুত্বপূর্ণ উদ্দেশ্য পূরণ করে কি না;(খ) আরোপিত সীমা উক্ত উদ্দেশ্যের সাথে যৌক্তিকভাবে সম্পর্কিত কি না;(গ) আইনের উদ্দেশ্য অর্জনের জন্য এই সীমা সবচেয়ে কম বাধা সৃষ্টিকারী উপায় কি না;(ঘ) এই সীমা আরোপের এবং আইনের উদ্দেশ্যের গুরুত্বের মধ্যে ভারসাম্য (balance) ও আনুপাতিকতা (proportionality )রক্ষা করা হয়েছে কি না; এবং(ঙ) এই সীমা আরোপ সংবিধানের অন্যান্য অধিকার ও স্বাধীনতার সঙ্গে সামঞ্জস্যপূর্ণ কি না।",তৃতীয় ভাগ (মৌলিক অধিকার)
অনুচ্ছেদ ৪৭ক (সংবিধানের কতিপয় বিধানের অপ্রযোজ্যতা),"২৯ [৪৭ক। (১) যে ব্যক্তির ক্ষেত্রে এই সংবিধানের ৪৭ অনুচ্ছেদের (৩) দফায় বর্ণিত কোন আইন প্রযোজ্য হয়, সেই ব্যক্তির ক্ষেত্রে এই সংবিধানের ৩১ অনুচ্ছেদ, ৩৫ অনুচ্ছেদের (১) ও (৩) দফা এবং ৪৪ অনুচ্ছেদের অধীন নিশ্চয়কৃত অধিকারসমূহ প্রযোজ্য হইবে না। (২) এই সংবিধানে যাহা বলা হইয়াছে, তাহা সত্ত্বেও যে ব্যক্তির ক্ষেত্রে এই সংবিধানের ৪৭ অনুচ্ছেদের (৩) দফায় বর্ণিত কোন আইন প্রযোজ্য হয়, এই সংবিধানের অধীন কোন প্রতিকারের জন্য সুপ্রীম কোর্টে আবেদন করিবার কোন অধিকার সেই ব্যক্তির থাকিবে না।",৪৭ক বিলুপ্ত ঘোষণা,রাষ্ট্র সংস্কার আন্দোলন,,Amendment,Yes,বাংলাদেশে মুসলিম লীগ ও বাংলাদেশ জামায়াতে ইসলামী,,"৩৯. কমিশন সুপারিশ করছে যে, প্রতিটি মৌলিক অধিকারের ক্ষেত্রে আলাদা আলাদাভাবে সীমা আরোপের পরিবর্তে একটিসাধারণ সীমা আরোপের বিধান যুক্ত করা হোক। মৌলিক মানবাধিকার ও স্বাধীনতা ভাগে স্বীকৃত কোনো মৌলিক অধিকারবা স্বাধীনতা কেবল আইন দ্বারা এবং শুধু সেই পরিমাণে সীমিত করা যাবে যে পরিমাণে সীমা আরোপ একটি মুক্ত এবংগণতান্ত্রিক সমাজে যুক্তিসঙ্গত ও ন্যায়সঙ্গত। আরোপিত সীমা সাংবিধানিক কি না, তা নির্ধারণের ক্ষেত্রে, নিম্নেবর্ণিত মানদণ্ডবিবেচনা করতে হবে :(ক) আইন দ্বারা আরোপিত সীমা বৈধ ও গুরুত্বপূর্ণ উদ্দেশ্য পূরণ করে কি না;(খ) আরোপিত সীমা উক্ত উদ্দেশ্যের সাথে যৌক্তিকভাবে সম্পর্কিত কি না;(গ) আইনের উদ্দেশ্য অর্জনের জন্য এই সীমা সবচেয়ে কম বাধা সৃষ্টিকারী উপায় কি না;(ঘ) এই সীমা আরোপের এবং আইনের উদ্দেশ্যের গুরুত্বের মধ্যে ভারসাম্য (balance) ও আনুপাতিকতা (proportionality )রক্ষা করা হয়েছে কি না; এবং(ঙ) এই সীমা আরোপ সংবিধানের অন্যান্য অধিকার ও স্বাধীনতার সঙ্গে সামঞ্জস্যপূর্ণ কি না।",তৃতীয় ভাগ (মৌলিক অধিকার)
অনুচ্ছেদ ৪৭ক (সংবিধানের কতিপয় বিধানের অপ্রযোজ্যতা),"২৯ [৪৭ক। (১) যে ব্যক্তির ক্ষেত্রে এই সংবিধানের ৪৭ অনুচ্ছেদের (৩) দফায় বর্ণিত কোন আইন প্রযোজ্য হয়, সেই ব্যক্তির ক্ষেত্রে এই সংবিধানের ৩১ অনুচ্ছেদ, ৩৫ অনুচ্ছেদের (১) ও (৩) দফা এবং ৪৪ অনুচ্ছেদের অধীন নিশ্চয়কৃত অধিকারসমূহ প্রযোজ্য হইবে না। (২) এই সংবিধানে যাহা বলা হইয়াছে, তাহা সত্ত্বেও যে ব্যক্তির ক্ষেত্রে এই সংবিধানের ৪৭ অনুচ্ছেদের (৩) দফায় বর্ণিত কোন আইন প্রযোজ্য হয়, এই সংবিধানের অধীন কোন প্রতিকারের জন্য সুপ্রীম কোর্টে আবেদন করিবার কোন অধিকার সেই ব্যক্তির থাকিবে না।",৪৭ক বিলুপ্ত ঘোষণা,বাংলাদেশে মুসলিম লীগ,,Amendment,Yes,বাংলাদেশ জামায়াতে ইসলামী ও রাষ্ট্র সংস্কার আন্দোলন,,"৩৯. কমিশন সুপারিশ করছে যে, প্রতিটি মৌলিক অধিকারের ক্ষেত্রে আলাদা আলাদাভাবে সীমা আরোপের পরিবর্তে একটিসাধারণ সীমা আরোপের বিধান যুক্ত করা হোক। মৌলিক মানবাধিকার ও স্বাধীনতা ভাগে স্বীকৃত কোনো মৌলিক অধিকারবা স্বাধীনতা কেবল আইন দ্বারা এবং শুধু সেই পরিমাণে সীমিত করা যাবে যে পরিমাণে সীমা আরোপ একটি মুক্ত এবংগণতান্ত্রিক সমাজে যুক্তিসঙ্গত ও ন্যায়সঙ্গত। আরোপিত সীমা সাংবিধানিক কি না, তা নির্ধারণের ক্ষেত্রে, নিম্নেবর্ণিত মানদণ্ডবিবেচনা করতে হবে :(ক) আইন দ্বারা আরোপিত সীমা বৈধ ও গুরুত্বপূর্ণ উদ্দেশ্য পূরণ করে কি না;(খ) আরোপিত সীমা উক্ত উদ্দেশ্যের সাথে যৌক্তিকভাবে সম্পর্কিত কি না;(গ) আইনের উদ্দেশ্য অর্জনের জন্য এই সীমা সবচেয়ে কম বাধা সৃষ্টিকারী উপায় কি না;(ঘ) এই সীমা আরোপের এবং আইনের উদ্দেশ্যের গুরুত্বের মধ্যে ভারসাম্য (balance) ও আনুপাতিকতা (proportionality )রক্ষা করা হয়েছে কি না; এবং(ঙ) এই সীমা আরোপ সংবিধানের অন্যান্য অধিকার ও স্বাধীনতার সঙ্গে সামঞ্জস্যপূর্ণ কি না।",তৃতীয় ভাগ (মৌলিক অধিকার)
অনুচ্ছেদ ২৬ - ৪৭ (অন্যান্য প্রস্তাব),,"“ বাধাহীনভাবে ভোটাধিকার প্রয়োগ, নিজ ধর্মের
 বাণী প্রচার, তথ্যপ্রাপ্তির অধিকার এবং উচ্চশিক্ষার
 অধিকার” - কে মৌলিক মানবাধিকার হিসাবে
 সংবিধানে স্বীকৃতি প্রদান করতে হবে। “ জাতীয়
 মানবাধিকার কমিশন” - কে একটি সাংবিধানিক
 প্রতিষ্ঠান ঘোষণা করে এর ক্ষমতা বৃদ্ধি করতে হবে।",জাতীয়তাবাদী গণতান্ত্রিক আন্দোলন (এনডিএম),,Addition,No,,,[প্রযোজ্য নয়],তৃতীয় ভাগ (মৌলিক অধিকার)
অনুচ্ছেদ ২৬ - ৪৭ (অন্যান্য প্রস্তাব),,"অনুচ্ছেদসমূহের সাথে আরো অনুচ্ছেদ সংযুক্ত করত:
 মানুষের বেঁচে থাকার মূল উপাদান - অন্ন, বস্ত্র,
 বাসস্থান, শিক্ষা ও চিকিৎসাসহ কাজের অধিকারকে
 মৌলিক হিসাবে স্বীকৃতি প্রদান এবং মৌলিক
 অধিকার ক্ষুণ্ন হলে দেশের যে কোন নাগরিক
 আইনের আশ্রয় নিতে পারবে মর্মে সংবিধান বিধান
 যুক্ত করতে হবে।",বাংলাদেশের সমাজতান্ত্রিক পার্টি (বিএসপি),,Addition,No,,,,তৃতীয় ভাগ (মৌলিক অধিকার)
অনুচ্ছেদ ২৬ - ৪৭ (অন্যান্য প্রস্তাব),,"বিভিন্ন জাতি গোষ্ঠীর স্বীকৃতি, পারিবারিক আইনের ক্ষেত্রে মুসলিম শরিয়া আইন এবং হিন্দু আইন দ্বারা পরিচালিত হওয়ার কথা থাকায় সম্পত্তির উত্তরাধিকারে নারী - পুরুষের সমানাধিকারের স্বীকৃতি এবং অন্ন - বস্ত্র, শিক্ষা - চিকিৎসা, বাসস্থান ও কাজকে মৌলিক অধিকার হিসেবে স্বীকৃতি এবং মৌলিক অধিকার ভাগে বর্ণিত অধিকারসমূহের আইনি সুরক্ষার বিষয়টি সংবিধানে লিপিবদ্ধ ছিল না এবং এখনও নাই। এটা সংবিধানের অসম্পূর্ণতা।",বাংলাদেশের সমাজতান্ত্রিক দল (বাসদ),,Addition,No,,,,তৃতীয় ভাগ (মৌলিক অধিকার)
অনুচ্ছেদ ২৬ - ৪৭ (অন্যান্য প্রস্তাব),,নাগরিকের মৌলিক অধিকারের নিশ্চয়তা দিতে হবে,ভাসানী অনুসারী পরিষদ,,Addition,Yes,বাংলাদেশ বিপ্লবী কমিউনিস্ট লীগ,,,তৃতীয় ভাগ (মৌলিক অধিকার)
অনুচ্ছেদ ২৬ - ৪৭ (অন্যান্য প্রস্তাব),,নাগরিকের মৌলিক অধিকারের নিশ্চয়তা দিতে হবে,বাংলাদেশের বিপ্লবী কমিউনিস্ট লীগ,,Addition,Yes,ভাসানী অনুসারী পরিষদ,,,তৃতীয় ভাগ (মৌলিক অধিকার)
অনুচ্ছেদ ২৬ - ৪৭ (অন্যান্য প্রস্তাব),,"শ্রমিক, কৃষক, পেশাজীবীসহ কর্মক্ষেত্রে সকল মানুষের
 সংগঠিত হওয়ার অধিকারের নিশ্চয়তা বিধান।",গণসংহতি আন্দোলন,,Addition,No,,,,তৃতীয় ভাগ (মৌলিক অধিকার)
অনুচ্ছেদ ২৬ - ৪৭ (অন্যান্য প্রস্তাব),,"থ্য জানার অধিকার (রাইট টু ইনফরমেশন)
 মৌলিক অধিকার হিসেবে সংযুক্ত করতে হবে।",বাংলাদেশ জামায়াতে ইসলামী,,Addition,No,,,,তৃতীয় ভাগ (মৌলিক অধিকার)
অনুচ্ছেদ ২৬ - ৪৭ (অন্যান্য প্রস্তাব),,"অন্ন - বস্ত্র, শিক্ষা, চিকিৎসা, বাসস্থান ও কাজকে
 মৌলিক অধিকারের স্বীকৃতিসহ বর্তমান সংবিধানের
 তৃতীয় ভাগে উল্লেখিত ২৬ অনুচ্ছেদ থেকে ৪৭(ক)
 অনুচ্ছেদ পর্যন্ত মৌলিক অধিকার ভাগের আইনি
 সুরক্ষা অর্থাৎ নাগরিকের মৌলিক অধিকার ব্যক্তি
 গোষ্ঠী, রাষ্ট্র কর্তৃক খর্ববা হরণ করা হলে আইন বলে
 আদালত কতৃক বলবৎ করা যাবে এ ধরনের বিধান
 করতে হবে।",বাংলাদেশের সমাজতান্ত্রিক দল (বাসদ),,Addition,No,,,,তৃতীয় ভাগ (মৌলিক অধিকার)
অনুচ্ছেদ ২৬ - ৪৭ (অন্যান্য প্রস্তাব),,"অন্ন, বস্ত্র, বাসস্থান, শিক্ষা, চিকিৎসা ও কাজের
 অধিকার মৌলিক অধিকার হিসেবে সংবিধানে স্বীকৃতি
 দেয়া। সংবিধানের তৃতীয় ভাগে বর্ণিত মৌলিক
 অধিকারসমূহকে শর্তের বেড়াজাল থেকে মুক্ত
 করা। মৌলিক অধিকার পূরণে রাষ্ট্রের বাধ্যবাধকতা
 সৃষ্টি করা। মৌলিক অধিকার খর্বহলে যে কোনো
 নাগরিক আইনের আশ্রয় নিতে পারবে - এমন বিধান
 সংবিধানে যুক্ত করা।",বাংলাদেশের সমাজতান্ত্রিক দল (মার্কসবাদী),,Addition,Yes,বাংলাদেশের বিপ্লবী কমিউনিস্ট লীগ,,,তৃতীয় ভাগ (মৌলিক অধিকার)
অনুচ্ছেদ ২৬ - ৪৭ (অন্যান্য প্রস্তাব),,"অন্ন, বস্ত্র, বাসস্থান, শিক্ষা, চিকিৎসা ও কাজের
 অধিকার মৌলিক অধিকার হিসেবে সংবিধানে স্বীকৃতি
 দেয়া। সংবিধানের তৃতীয় ভাগে বর্ণিত মৌলিক
 অধিকারসমূহকে শর্তের বেড়াজাল থেকে মুক্ত
 করা। মৌলিক অধিকার পূরণে রাষ্ট্রের বাধ্যবাধকতা
 সৃষ্টি করা। মৌলিক অধিকার খর্বহলে যে কোনো
 নাগরিক আইনের আশ্রয় নিতে পারবে - এমন বিধান
 সংবিধানে যুক্ত করা।",বাংলাদেশের বিপ্লবী কমিউনিস্ট লীগ,,Addition,Yes,বাংলাদেশ সমাজতান্ত্রিক দল (মার্কসবাদী),,,তৃতীয় ভাগ (মৌলিক অধিকার)
অনুচ্ছেদ ২৬ - ৪৭ (তৃতীয় ভাগ) — কমিশনের সংযোজন,[প্রযোজ্য নয়],[প্রযোজ্য নয়],[প্রযোজ্য নয়],,Addition,No,,Nazmul,"মৌলিক অধিকার ও স্বাধীনতা ১. কমিশন সুপারিশ করছে যে, ‘আইনের সমান সুরক্ষার' পরিধি সম্প্রসারণ করে ‘আইনের সমান সুরক্ষা ও সুবিধা' (নাগরিকদের পরিবর্তে সকল ব্যক্তির জন্য) অন্তর্ভুক্ত করা হোক। ৬. কমিশন সুপারিশ করছে যে, ‘যন্ত্রণা কিংবা নিষ্ঠুর, অমানুষিক বা লাঞ্ছনাকর দণ্ড' সম্পর্কিত একটি স্বতন্ত্র অনুচ্ছেদ সংবিধানে অন্তর্ভুক্ত করা হোক, যা বিচার ও দণ্ড এবং অন্যান্য পরিস্থিতিতে সমানভাবে প্রযোজ্য হবে। ৭. কমিশন সুপারিশ করছে যে, দাসত্ব, বশ্যতায় আবদ্ধ রাখা এবং জবরদস্তি শ্রম বিষয়ক বর্তমান অনুচ্ছেদটি নিষেধাজ্ঞা বিষয়ক একটি নতুন অনুচ্ছেদ দ্বারা প্রতিস্থাপিত হোক । ৮. কমিশন সুপারিশ করছে যে, সংবিধানে মানব পাচার, যৌন পাচার এবং শোষণের সকল রূপ, যার মধ্যে চোরাচালান, শোষণ এবং দাসত্ব অন্তর্ভুক্ত, প্রতিরোধ ও মোকাবিলায় রাষ্ট্রকে কার্যকর ব্যবস্থা গ্রহণের বিষয়ে একটি অনুচ্ছেদ যুক্ত করা হোক। ১০. কমিশন সুপারিশ করছে যে, রাষ্ট্র এই নিশ্চয়তা প্রদান করবে যে কোনো অবস্থাতেই রাষ্ট্র যোগাযোগের মাধ্যমগুলোর ওপর একচেটিয়া নিয়ন্ত্রণ প্রতিষ্ঠা করবে না, এবং প্রত্যক্ষ বা পরোক্ষভাবে গণমাধ্যমের মালিকানা গোষ্ঠীতান্ত্রিক বা একচেটিয়া হতে দেবে না। ১১. কমিশন সুপারিশ করছে যে, সংবিধানে একটি নতুন অনুচ্ছেদ সংযোজন করা হোক, যা ইন্টারনেট প্রাপ্তির ন্যায়সঙ্গত অধিকার নিশ্চিত করবে এবং সকল নাগরিকের জন্য যোগাযোগের সকল মাধ্যমে সমান প্রবেশাধিকার নিশ্চিত করবে। ১২. কমিশন সুপারিশ করছে যে, তথ্য পাওয়ার অধিকারকে একটি মৌলিক অধিকার হিসেবে নিশ্চিত করার জন্য সংবিধানে একটি নতুন অনুচ্ছেদ অন্তর্ভুক্ত করা হোক। ১৬. কমিশন সুপারিশ করছে যে, প্রতিটি নাগরিকের জন্য ভোটাধিকার এবং রাষ্ট্র পরিচালনায় জনগণের অংশগ্রহণের অধিকার সংবিধান দ্বারা নিশ্চিত করা হোক। ৩৭. কমিশন সুপারিশ করছে যে, আইনসভায় মানবাধিকার বিষয়ক স্থায়ী কমিটি গঠন করা হোক। এই কমিটি সংসদীয় বিলের খসড়া মৌলিক অধিকার ও স্বাধীনতার মানদণ্ডে পর্যালোচনা করবে এবং যথাযথ সুপারিশ প্রদান করবে। ৩৮. কমিশন সুপারিশ করছে যে, মৌলিক অধিকারের লঙ্ঘনের ক্ষেত্রে লঙ্ঘনকারী হিসেবে চিহ্নিত ব্যক্তি ও প্রতিষ্ঠানকে একক ও যৌথভাবে আদালতে দায়বদ্ধ করা হোক। এবং এক্ষেত্রে আদালত আইন দ্বারা নির্ধারিত উপযুক্ত প্রতিকার ও শাস্তি প্রদান করবে।",তৃতীয় ভাগ (মৌলিক অধিকার)
অনুচ্ছেদ ৪৮ (রাষ্ট্রপতি),"৪৮। (১) বাংলাদেশের একজন রাষ্ট্রপতি থাকিবেন, যিনি আইন অনুযায়ী সংসদ - সদস্যগণ কর্তৃক নির্বাচিত হইবেন। (২) রাষ্ট্রপ্রধানরূপে রাষ্ট্রপতি রাষ্ট্রের অন্য সকল ব্যক্তির ঊর্ধ্বে স্থান লাভ করিবেন এবং এই সংবিধান ও অন্য কোন আইনের দ্বারা তাঁহাকে প্রদত্ত ও তাঁহার উপর অর্পিত সকল ক্ষমতা প্রয়োগ ও কর্তব্য পালন করিবেন। (৩) এই সংবিধানের ৫৬ অনুচ্ছেদের (৩) দফা অনুসারে কেবল প্রধানমন্ত্রী ও ৯৫ অনুচ্ছেদের (১) দফা অনুসারে প্রধান বিচারপতি নিয়োগের ক্ষেত্র ব্যতীত রাষ্ট্রপতি তাঁহার অন্য সকল দায়িত্ব পালনে প্রধানমন্ত্রীর পরামর্শ অনুযায়ী কার্য করিবেন: তবে শর্ত থাকে যে, প্রধানমন্ত্রী রাষ্ট্রপতিকে আদৌ কোন পরামর্শদান করিয়াছেন কি না এবং করিয়া থাকিলে কি পরামর্শ দান করিয়াছেন, কোন আদালত সেই সম্পর্কে কোন প্রশ্নের তদন্ত করিতে পারিবেন না। (৪) কোন ব্যক্তি রাষ্ট্রপতি নির্বাচিত হইবার যোগ্য হইবেন না, যদি তিনি - (ক) পঁয়ত্রিশ বৎসরের কম বয়স্ক হন; অথবা (খ) সংসদ - সদস্য নির্বাচিত হইবার যোগ্য না হন; অথবা (গ) কখনও এই সংবিধানের অধীন অভিশংসন দ্বারা রাষ্ট্রপতির পদ হইতে অপসারিত হইয়া থাকেন। (৫) প্রধানমন্ত্রী রাষ্ট্রীয় ও পররাষ্ট্রীয় নীতি সংক্রান্ত বিষয়াদি সম্পর্কে রাষ্ট্রপতিকে অবহিত রাখিবেন এবং রাষ্ট্রপতি অনুরোধ করিলে যে - কোন বিষয় মন্ত্রিসভায় বিবেচনার জন্য পেশ করিবেন।",রাষ্ট্রপতিকে অবশ্যই নির্দলীয় বা অদলীয় ব্যক্তি হতে হবে।,জাতীয় সমাজতান্ত্রিক দল (জেএসডি),,Amendment,No,,,"রাষ্ট্রপতি ১। রাষ্ট্রপতির মেয়াদ হবে ৪ (চার) বছর। রাষ্ট্রপতি পদে কোনো ব্যক্তি সর্বোচ্চ ২ (দুই) বারের বেশি অধিষ্ঠিত থাকবেন না। ২। রাষ্ট্রপতি নির্বাচক মন্ডলীর (ইলেক্টোরাল কলেজ) সংখ্যাগরিষ্ঠ ভোটে নির্বাচিত হবেন। নিম্নলিখিত ভোটারদের সমন্বয়ে নির্বাচক মন্ডলী (ইলেক্টোরাল কলেজ) গঠিত হবে – (অ) আইনসভার উভয় কক্ষের সদস্য প্রতি একটি করে ভোট; (আ) প্রতিটি ‘জেলা সমন্বয় কাউন্সিল' সামষ্টিকভাবে একটি করে ভোট [উদাহরণ: ৬৪ টি ‘জেলা সমন্বয় কাউন্সিল' থাকলে ৬৪ টি ভোট]; (ই) প্রতিটি ‘সিটি কর্পোরেশন সমন্বয় কাউন্সিল' সামষ্টিক ভাবে একটি করে ভোট। ৩। রাষ্ট্রদ্রোহ, গুরুতর অসদাচরণ বা সংবিধান লঙ্ঘনের জন্য রাষ্ট্রপতিকে অভিশংসন করা যাবে। নিম্নকক্ষ থেকে অভিশংসন প্রক্রিয়া শুরু হবে।",চতুর্থ ভাগ (নির্বাহী বিভাগ)
অনুচ্ছেদ ৪৮ (রাষ্ট্রপতি),,রাষ্ট্রপতি নিয়োগের ক্ষেত্রে নিম্নকক্ষ সংখ্যাগরিষ্ঠতার ভিত্তিতে নাম প্রস্তাব করবে এবং উচ্চকক্ষে ৩/৪ সংখ্যাগরিষ্ঠতার ভিত্তিতে অনুমোদন করবে।,বাংলাদেশ জামায়াতে ইসলামী,,Amendment,No,,,,চতুর্থ ভাগ (নির্বাহী বিভাগ)
অনুচ্ছেদ ৪৮ (রাষ্ট্রপতি),,"রাষ্ট্রপতি নির্বাচনে নির্দলীয় বা অদলীয় ব্যক্তিদেরকে রাজনৈতিক দল কর্তৃক
 মনোনয়ন প্রদান করতে হবে।",গণঅধিকার পরিষদ (নুর),,Amendment,No,,,,চতুর্থ ভাগ (নির্বাহী বিভাগ)
অনুচ্ছেদ ৪৮ (রাষ্ট্রপতি),,"রাষ্ট্রপতি নির্বাচনে ‘নিম্নকক্ষ’, ‘উচ্চকক্ষ' এবং ‘প্রাদেশিক পরিষদ'এর সদস্যগণ
 ভোট দিবেন।",গণঅধিকার পরিষদ (নুর),,Amendment,No,,,,চতুর্থ ভাগ (নির্বাহী বিভাগ)
অনুচ্ছেদ ৪৮ (রাষ্ট্রপতি),,উপ - রাষ্ট্রপতি উচ্চকক্ষের অধ্যক্ষ থাকবেন।,গণঅধিকার পরিষদ (নুর),,Amendment,Yes,জাতীয় সমাজতান্ত্রিক দল (জেএসডি),,,চতুর্থ ভাগ (নির্বাহী বিভাগ)
অনুচ্ছেদ ৪৮ (রাষ্ট্রপতি),,উপ - রাষ্ট্রপতি উচ্চকক্ষের অধ্যক্ষ থাকবেন।,জাতীয় সমাজতান্ত্রিক দল (জেএসডি),,Amendment,Yes,গণঅধিকার পরিষদ (নুর),,,চতুর্থ ভাগ (নির্বাহী বিভাগ)
অনুচ্ছেদ ৪৮ (রাষ্ট্রপতি),,জাতীয় সংসদের ‘উভয় কক্ষ’ এর ঐক্যমতে ভিত্তিতে উপ - রাষ্ট্রপতি নির্বাচিত হবেন,গণঅধিকার পরিষদ (নুর),,Amendment,No,,,,চতুর্থ ভাগ (নির্বাহী বিভাগ)
অনুচ্ছেদ ৪৮ (রাষ্ট্রপতি),,উপরাষ্ট্রপতি পদ সৃষ্টি করতে হবে,গণঅধিকার পরিষদ (নুর),,Amendment,No,,,,চতুর্থ ভাগ (নির্বাহী বিভাগ)
অনুচ্ছেদ ৪৮ (রাষ্ট্রপতি),,একই সাথে দলীয় প্রধান বা সরকার প্রধান বা রাষ্ট্রীয় প্রধান থাকা যাবে না,গণঅধিকার পরিষদ (নুর),,Amendment,Yes,"ভাসানী অনুসারী পরিষদ, গণঅধিকার পরিষদ (ফারুক) ও জাতীয় পার্টি (কাজী জাফর)",,,চতুর্থ ভাগ (নির্বাহী বিভাগ)
অনুচ্ছেদ ৪৮ (রাষ্ট্রপতি),,একই সাথে দলীয় প্রধান বা সরকার প্রধান বা রাষ্ট্রীয় প্রধান থাকা যাবে না,ভাসানী অনুসারী পরিষদ,,Amendment,Yes,"গণঅধিকার পরিষদ (নুর), গণঅধিকার পরিষদ (ফারুক) ও জাতীয় পার্টি (কাজী জাফর)",,,চতুর্থ ভাগ (নির্বাহী বিভাগ)
অনুচ্ছেদ ৪৮ (রাষ্ট্রপতি),,একই সাথে দলীয় প্রধান বা সরকার প্রধান বা রাষ্ট্রীয় প্রধান থাকা যাবে না,গণঅধিকার পরিষদ (ফারুক),,Amendment,Yes,"গণঅধিকার পরিষদ (নুর), ভাসানী অনুসারী পরিষদ ও জাতীয় পার্টি (কাজী জাফর)",,,চতুর্থ ভাগ (নির্বাহী বিভাগ)
অনুচ্ছেদ ৪৮ (রাষ্ট্রপতি),,একই সাথে দলীয় প্রধান বা সরকার প্রধান বা রাষ্ট্রীয় প্রধান থাকা যাবে না,জাতীয় পার্টি (কাজী জাফর),,Amendment,Yes,"গণঅধিকার পরিষদ (নুর), ভাসানী অনুসারী পরিষদ ও গণঅধিকার পরিষদ (ফারুক)",,,চতুর্থ ভাগ (নির্বাহী বিভাগ)
অনুচ্ছেদ ৪৮ (রাষ্ট্রপতি),,রাষ্ট্রপতির ক্ষমতা বাড়াতে হবে,গণঅধিকার পরিষদ (নুর),,Amendment,Yes,"ভাসানী অনুসারী পরিষদ, গণঅধিকার পরিষদ (ফারুক) ও জাতীয় পার্টি (কাজী জাফর)",,,চতুর্থ ভাগ (নির্বাহী বিভাগ)
অনুচ্ছেদ ৪৮ (রাষ্ট্রপতি),,রাষ্ট্রপতির ক্ষমতা বাড়াতে হবে,ভাসানী অনুসারী পরিষদ,,Amendment,Yes,"গণঅধিকার পরিষদ (নুর), গণঅধিকার পরিষদ (ফারুক) ও জাতীয় পার্টি (কাজী জাফর)",,,চতুর্থ ভাগ (নির্বাহী বিভাগ)
অনুচ্ছেদ ৪৮ (রাষ্ট্রপতি),,রাষ্ট্রপতির ক্ষমতা বাড়াতে হবে,গণঅধিকার পরিষদ (ফারুক),,Amendment,Yes,"গণঅধিকার পরিষদ (নুর), ভাসানী অনুসারী পরিষদ ও জাতীয় পার্টি (কাজী জাফর)",,,চতুর্থ ভাগ (নির্বাহী বিভাগ)
অনুচ্ছেদ ৪৮ (রাষ্ট্রপতি),,রাষ্ট্রপতির ক্ষমতা বাড়াতে হবে,জাতীয় পার্টি (কাজী জাফর),,Amendment,Yes,"গণঅধিকার পরিষদ (নুর), ভাসানী অনুসারী পরিষদ ও গণঅধিকার পরিষদ (ফারুক)",,,চতুর্থ ভাগ (নির্বাহী বিভাগ)
অনুচ্ছেদ ৪৮ (রাষ্ট্রপতি),,যেকোনো বিষয়ে আলোচনার জন্য রাষ্ট্রপতি সংসদে প্রস্তাব পাঠাতে পারবেন।,জাতীয় নাগরিক কমিটি,,Amendment,Yes,ইসলামী আন্দোলন বাংলাদেশ,,,চতুর্থ ভাগ (নির্বাহী বিভাগ)
অনুচ্ছেদ ৪৮ (রাষ্ট্রপতি),,যেকোনো বিষয়ে আলোচনার জন্য রাষ্ট্রপতি সংসদে প্রস্তাব পাঠাতে পারবেন।,ইসলামী আন্দোলন বাংলাদেশ,,Amendment,Yes,জাতীয় নাগরিক কমিটি,,,চতুর্থ ভাগ (নির্বাহী বিভাগ)
অনুচ্ছেদ ৪৮ (রাষ্ট্রপতি),,৪৮ (রাষ্ট্রপতির নিয়োগ) বিধানাবলী সংস্কার করতে হবে,বাংলাদেশের সমাজতান্ত্রিক দল (মার্কসবাদী),,Amendment,Yes,বাংলাদেশের বিপ্লবী কমিউনিস্ট লীগ,,,চতুর্থ ভাগ (নির্বাহী বিভাগ)
অনুচ্ছেদ ৪৮ (রাষ্ট্রপতি),,৪৮ (রাষ্ট্রপতির নিয়োগ) বিধানাবলী সংস্কার করতে হবে,বাংলাদেশের বিপ্লবী কমিউনিস্ট লীগ,,Amendment,Yes,বাংলাদেশ সমাজতান্ত্রিক দল (মার্কসবাদী),,,চতুর্থ ভাগ (নির্বাহী বিভাগ)
অনুচ্ছেদ ৪৮ (রাষ্ট্রপতি),,সংসদ নির্বাচনের মধ্যবর্তী সময়ে অর্থাৎ আড়াই বছর পর পর রাষ্ট্রপতি নির্বাচন হবে,গণঅধিকার পরিষদ (ফারুক),,Amendment,No,,,,চতুর্থ ভাগ (নির্বাহী বিভাগ)
অনুচ্ছেদ ৪৮ (রাষ্ট্রপতি),,"৪৮ (৩) এই অনুচ্ছেদের এই ধারায় “...বিচারপতি নিয়োগের ক্ষেত্রে ব্যাতিত”
 শব্দগুলোর পরে যুক্ত হবে - “এবং ৮০(৩) দফা অনসারে অর্থবিল ব্যাতিত অন্য
 কোন বিলের ক্ষেত্রে নিজস্ব বিবেচনা হইতে তাহা বা তাহার কোন সংশোধনী
 পুনর্বিবেচনার জন্য সংসদের কাছে ফেরত দেওয়া” শব্দগুলো যুক্ত করা হবে।",বাংলাদেশের কমিউনিস্ট পার্টি,,Amendment,No,,,,চতুর্থ ভাগ (নির্বাহী বিভাগ)
অনুচ্ছেদ ৪৮ (রাষ্ট্রপতি),,"(১) বাংলাদেশের একজন রাষ্ট্রপতি থাকিবেন, যিনি আইন অনুযায়ী সংসদ সদস্যগণ কর্তৃক নির্বাচিত হইবেন। রাষ্ট্রপতির পদ শূন্য হইবার পরবর্তী বৈঠকে রাষ্ট্রপতি নর্বাচন করিবে। বিরোধী দল রাষ্ট্রপতি পদে প্রার্থীর নাম প্রস্তাব করিবেন। সংসদ যাচাই, বাছাই এবং মুক্ত শুনানির মাধ্যমে রাষ্ট্রপতিকে নিয়োগ প্রদান করিবে। (২) রাষ্ট্রপ্রধানরূপে রাষ্ট্রপতি রাষ্ট্রের অন্য সকল ব্যক্তির উর্ধ্বে স্থান লাভ করিবেন এবং এই সংবিধান ও অন্য কোন আইনের দ্বারা তাঁহাকে প্রদত্ত ও তাঁহার উপর অর্পিত সকল ক্ষমতা প্রয়োগ ও কর্তব্য পালন করিবেন। (৪) কোন ব্যক্তি রাষ্ট্রপতি নির্বাচিত হইবার যোগ্য হইবেন না, যদি তিনি - (ক) পঁয়ত্রিশ বৎসরের কম বয়স্ক হন, অথবা (খ) সংসদ - সদস্য নির্বাচিত হইবার যোগ্য না হন, অথবা (গ) কখনও এই সংবিধানের অধীন অভিশংসন দ্বারা রাষ্ট্রপতির পদ হইতে অপসারিত হইয়া থাকেন। (৫) প্রধানমন্ত্রী রাষ্ট্রীয় ও পররাষ্ট্রীয় নীতি সংক্রান্ত বিষয়াদি সম্পর্কে রাষ্ট্রপতিকে অবহিত রাখিবেন এবং রাষ্ট্রপতি অনুরোধ করিলে যে - কোন বিষয় মন্ত্রিসভায় বিবেচনার জন্য পেশ করিবেন।",রাষ্ট্র সংস্কার আন্দোলন,,Amendment,No,,,,চতুর্থ ভাগ (নির্বাহী বিভাগ)
অনুচ্ছেদ ৪৮ (রাষ্ট্রপতি),,ইলেকটোরাল কলেজ বা নির্ধারিত নির্বাচকমন্ডলী দ্বারা রাষ্ট্রপতি নির্বাচনের বিধান সংযোজন করতে হবে।,জাতীয়তাবাদী গণতান্ত্রিক আন্দোলন (এনডিএম),,Amendment,No,,,,চতুর্থ ভাগ (নির্বাহী বিভাগ)
অনুচ্ছেদ ৪৮ (রাষ্ট্রপতি),,রাষ্ট্রপতি সংসদ সদস্যগণ - এর পরিবর্তে জনগণের প্রত্যক্ষ ভোটে নির্বাচিত হবেন বলে প্রতিস্থাপিত হোক।,গণঅধিকার পরিষদ (নুর),,Amendment,Yes,"ইনসানিয়াত বিপ্লব,বাংলাদেশ, জাতীয় নাগরিক কমিটি ও ইসলামী আন্দোলন বাংলাদেশ",,,চতুর্থ ভাগ (নির্বাহী বিভাগ)
অনুচ্ছেদ ৪৮ (রাষ্ট্রপতি),,রাষ্ট্রপতি সংসদ সদস্যগণ - এর পরিবর্তে জনগণের প্রত্যক্ষ ভোটে নির্বাচিত হবেন বলে প্রতিস্থাপিত হোক।,ইনসানিয়াত বিপ্লব বাংলাদেশ,,Amendment,Yes,"গণঅধিকার পরিষদ (নুর), জাতীয় নাগরিক কমিটি ও ইসলামী আন্দোলন বাংলাদেশ",,,চতুর্থ ভাগ (নির্বাহী বিভাগ)
অনুচ্ছেদ ৪৮ (রাষ্ট্রপতি),,রাষ্ট্রপতি সংসদ সদস্যগণ - এর পরিবর্তে জনগণের প্রত্যক্ষ ভোটে নির্বাচিত হবেন বলে প্রতিস্থাপিত হোক।,জাতীয় নাগরিক কমিটি,,Amendment,Yes,"গণঅধিকার পরিষদ (নুর), ইনসানিয়াত বিপ্লব,বাংলাদেশ ও ইসলামী আন্দোলন বাংলাদেশ",,,চতুর্থ ভাগ (নির্বাহী বিভাগ)
অনুচ্ছেদ ৪৮ (রাষ্ট্রপতি),,রাষ্ট্রপতি সংসদ সদস্যগণ - এর পরিবর্তে জনগণের প্রত্যক্ষ ভোটে নির্বাচিত হবেন বলে প্রতিস্থাপিত হোক।,ইসলামী আন্দোলন বাংলাদেশ,,Amendment,Yes,"গণঅধিকার পরিষদ (নুর), ইনসানিয়াত বিপ্লব,বাংলাদেশ ও জাতীয় নাগরিক কমিটি",,,চতুর্থ ভাগ (নির্বাহী বিভাগ)
অনুচ্ছেদ ৪৮ (রাষ্ট্রপতি),,"রাষ্ট্রপতি নির্বাচনে সংসদ সদস্য ছাড়াও বিভিন্ন পোশাজীবি প্রতিনিধিদের ভোটার
 করার নীতিমালা এবং গোপন ব্যালেটের মাধ্যমে রাষ্ট্রপতি নির্বাচনে সুষ্পষ্ট
 নির্দেশনা সংবিধানে যুক্ত করতে হবে",জাতীয় পার্টি (কাজী জাফর),,Amendment,No,,,,চতুর্থ ভাগ (নির্বাহী বিভাগ)
অনুচ্ছেদ ৪৮ (রাষ্ট্রপতি),,অন্য সকল ব্যাক্তির উর্ধে স্থান লাভ করিবেন - রহিত করে - তাঁর পদের মর্যাদা ও দায়িত্ব হিসেবে স্থান লাভ করিবেন প্রতিস্থাপিত হোক।,ইনসানিয়াত বিপ্লব বাংলাদেশ,,Amendment,No,,,,চতুর্থ ভাগ (নির্বাহী বিভাগ)
অনুচ্ছেদ ৪৮ (রাষ্ট্রপতি),,"প্রধান বিচারপতি নিয়োগের ক্ষেত্র ব্যতীত - এর স্থলে নির্বাচন কমিশনের সদস্য,
 পাবলিক সার্ভিস কমিশনের সদস্য, ন্যায়পাল+++++ যুক্ত করতে হবে",বাংলাদেশের জাতীয় সমাজতান্ত্রিক দল (বাংলাদেশ জাসদ),,Amendment,No,,,,চতুর্থ ভাগ (নির্বাহী বিভাগ)
অনুচ্ছেদ ৪৮ (রাষ্ট্রপতি),,প্রেসিডেন্টের কিছু নির্দিষ্ট পরিস্থিতিতে (প্রধানমন্ত্রীর পরামর্শ ছাড়া) পার্লামেন্ট ভেঙে দেওয়ার ক্ষমতা থাকা উচিত।,বাংলাদেশ জামায়াতে ইসলামী,,Amendment,No,,,,চতুর্থ ভাগ (নির্বাহী বিভাগ)
অনুচ্ছেদ ৪৮ (রাষ্ট্রপতি),,"সকল সাংবিধানিক পদ ও মন্ত্রীসভা সদস্য নিয়োগের পূর্বেতাকে জাতীয়
 পরিষদের শুনানিতে বাধ্যতামূলক উপস্থিত হতে হবে। ফলাফল অসন্তোষজনক
 হলে তাঁকে নিয়োগ করা যাবে না।",জাতীয় নাগরিক কমিটি,,Amendment,No,,,,চতুর্থ ভাগ (নির্বাহী বিভাগ)
অনুচ্ছেদ ৪৮ (রাষ্ট্রপতি),,"কোনো সাংবিধানিক পদের নিয়োগে প্রধানমন্ত্রী রাষ্ট্রপতিকে পরামর্শদিতে পারবেন;
 তবে তা পালন করা রাষ্ট্রপতির জন্য আবশ্যকীয় হবে না (Non - binding
 Effect)। সাংবিধানিক পদে নিয়োগ ও অপসারণ আইন দ্বারা নির্ধারিত হবে।
 সাংবিধানিক পদে আসীন কাউকে অপসারণ করার ক্ষমতা প্রধানমন্ত্রীর থাকবে না।",জাতীয় নাগরিক কমিটি,,Amendment,Yes,ইসলামী আন্দোলন বাংলাদেশ,,,চতুর্থ ভাগ (নির্বাহী বিভাগ)
অনুচ্ছেদ ৪৮ (রাষ্ট্রপতি),,"কোনো সাংবিধানিক পদের নিয়োগে প্রধানমন্ত্রী রাষ্ট্রপতিকে পরামর্শদিতে পারবেন;
 তবে তা পালন করা রাষ্ট্রপতির জন্য আবশ্যকীয় হবে না (Non - binding
 Effect)। সাংবিধানিক পদে নিয়োগ ও অপসারণ আইন দ্বারা নির্ধারিত হবে।
 সাংবিধানিক পদে আসীন কাউকে অপসারণ করার ক্ষমতা প্রধানমন্ত্রীর থাকবে না।",ইসলামী আন্দোলন বাংলাদেশ,,Amendment,Yes,জাতীয় নাগরিক কমিটি,,,চতুর্থ ভাগ (নির্বাহী বিভাগ)
অনুচ্ছেদ ৪৮ (রাষ্ট্রপতি),,"রাষ্ট্রপতি নিজ বিবেচনায় স্বাধীনভাবে কার্যক্রম পরিচালনা করিবেন এবং সকল
 সিদ্ধান্ত গ্রহণে রাষ্ট্রপতি রাজনৈতিক দল সমূহের পরামর্শ গ্রহণ করিবেন, রাষ্ট্রপতি
 মন্ত্রী পরিষদকে ও জাতীয় সংসদকে যেরূপ পরামর্শ প্রদান করিবেন, সেরুপ
 পরামর্শের মান্যতা প্রদান করা নির্বাহী বিভাগ ও আইন বিভাগের কর্তব্য।",বাংলাদেশ লেবার পার্টি,,Amendment,No,,,,চতুর্থ ভাগ (নির্বাহী বিভাগ)
অনুচ্ছেদ ৪৮ (রাষ্ট্রপতি),,রাষ্ট্রপতি রিপাবলিকের নিয়মতান্ত্রিক প্রধান হবেন। রিপাবলিকের সকল কর্মকর্তার নামেই সম্পাদিত হবে।,জাতীয় নাগরিক কমিটি,,Amendment,Yes,ইসলামী আন্দোলন বাংলাদেশ,,,চতুর্থ ভাগ (নির্বাহী বিভাগ)
অনুচ্ছেদ ৪৮ (রাষ্ট্রপতি),,রাষ্ট্রপতি রিপাবলিকের নিয়মতান্ত্রিক প্রধান হবেন। রিপাবলিকের সকল কর্মকর্তার নামেই সম্পাদিত হবে।,ইসলামী আন্দোলন বাংলাদেশ,,Amendment,Yes,জাতীয় নাগরিক কমিটি,,,চতুর্থ ভাগ (নির্বাহী বিভাগ)
অনুচ্ছেদ ৪৮ (রাষ্ট্রপতি),,"দফা (৩) অনুসারে: এই সংবিধানের ৫৬ অনুচ্ছেদের (৩)দফা অনুসারে কেবল প্রধানমন্ত্রী ও ৯৫ অনুচ্ছেদের (১) দফা অনুসারে প্রধান বিচারপতি নিয়োগের ক্ষেত্র ব্যতীত রাষ্ট্রপতি তাঁহার অন্য সকল দায়িত্ব পালনে প্রধানমন্ত্রীর পরামর্শ অনুযায়ী কার্য করিবেন। - - - রাষ্ট্রপতির পদকে অধিকর ক্ষমতায়িত করার লক্ষ্যে - দফা (৩) এর পর এরূপভাবে দফা ৩ (ক) সংযোজন করা যেতে যেতে পারে: ‘সংসদ কর্তৃক প্রণীত কোনো আইনেে যদি বিশেষভাবেবে উল্লেখ থাকে যে, প্রধানমন্ত্রীর পরামর্শ ব্যতিরেকে রাষ্ট্রপতি উক্ত আইনেে তাঁহার উপর ন্যস্ত কোনো দায়িত্ব পালন করিতে পারিবেন, সেক্ষেত্রে এই অনুচ্ছেদের (৩) দফায় বর্ণিত কোন কিছুই প্রতিবন্ধকতা সৃষ্টি করিবে না।’",বাংলাদেশ জাতীয়তাবাদী দল (বিএনপি),,Amendment,No,,,,চতুর্থ ভাগ (নির্বাহী বিভাগ)
অনুচ্ছেদ ৪৮ (রাষ্ট্রপতি),,অনুচ্ছেদ ৪৮(৩) ধারা বাতিল করা হোক,গণতান্ত্রিক বিপ্লবী পার্টি,,Amendment,No,,,,চতুর্থ ভাগ (নির্বাহী বিভাগ)
অনুচ্ছেদ ৪৮ (রাষ্ট্রপতি),,"সংবিধানের ৪৮(৩) অনুচ্ছেদ সংস্কার করে রাষ্ট্রের বিভিন্ন বিভাগের উপর
 প্রধানমন্ত্রীর অন্যায় হস্তক্ষেপের সুযোগ বন্ধ করা।",বাংলাদেশের সমাজতান্ত্রিক দল (মার্কসবাদী),,Amendment,Yes,বাংলাদেশের বিপ্লবী কমিউনিস্ট লীগ,,,চতুর্থ ভাগ (নির্বাহী বিভাগ)
অনুচ্ছেদ ৪৮ (রাষ্ট্রপতি),,"সংবিধানের ৪৮(৩) অনুচ্ছেদ সংস্কার করে রাষ্ট্রের বিভিন্ন বিভাগের উপর
 প্রধানমন্ত্রীর অন্যায় হস্তক্ষেপের সুযোগ বন্ধ করা।",বাংলাদেশের বিপ্লবী কমিউনিস্ট লীগ,,Amendment,Yes,বাংলাদেশ সমাজতান্ত্রিক দল (মার্কসবাদী),,,চতুর্থ ভাগ (নির্বাহী বিভাগ)
অনুচ্ছেদ ৪৮ (রাষ্ট্রপতি),,"৪৮: রাষ্ট্রপতি (নিম্নোক্ত দফা যোগ হবে): (১) দেশের কোন প্রথিতযশা (আইন অনুসারে যোগ্য) নাগরিক জাতীয় সংসদের উভয়কক্ষের ভোটে নির্বাচিত হবেন। তার মেয়াদ হবে পাঁচ বছর। তবে তিনি দু’মেয়াদের বেশী সময়ের জন্য নির্বাচিত হবেন না। (৩) রাষ্ট্রপতি জাতীয় সংসদের অধিকাংশ সদস্যের সমর্থনপু ষ্ট কোন ব্যক্তিকে প্রধানমন্ত্রি হিসাবে নিয়োগ দেবেন। তাছাড়া তিনি আইন অনুযায়ী প্রধান বিচারপতি ও অন্যান্য বিচারপতিদের নিয়োগ দেবেন। তিনি আইন অনুযায়ী মহা হিসাব নিরীক্ষক, দুর্নীতি দমন কমিশন, পাবলিক সার্ভিস কমিশন, নির্বাচন কমিশন, ন্যায়পাল ইত্যাদি সাংবিধানিক প্রতিষ্ঠানসমুহের চেয়ারম্যান ও সদস্যগণকে নিয়োগ দিবেন। তিনি আইন অনুযায়ী তিন বাহিনীর প্রধানকে নিয়োগ দেবেন । এছাড়া তিনি অন্যান্য দায়িত্ব পালনে প্রধানমন্ত্রির পরামর্শ অনুযায়ী কার্য করবেন। (৪) রাষ্ট্রপতি তার দায়িত্ব সুষ্ঠুভাবে পালনের সুবিধার্থে রাষ্ট্রপতির একটি সচিবালয় থাকবে।",খেলাফত মজলিস,,Amendment,No,,,,চতুর্থ ভাগ (নির্বাহী বিভাগ)
অনুচ্ছেদ ৪৮ (রাষ্ট্রপতি),,রাষ্ট্রপতি প্রধান বিচারপতির অধীনে শপথ গ্রহণ করবেন এই বিধান সংযুক্ত করতে হবে।,জাতীয়তাবাদী গণতান্ত্রিক আন্দোলন (এনডিএম),,Amendment,No,,,,চতুর্থ ভাগ (নির্বাহী বিভাগ)
অনুচ্ছেদ ৪৮ (রাষ্ট্রপতি),,"নির্বাচন কমিশনসহ সব সাংবিধানিক কমিশনের প্রধানকে নিয়োগের ক্ষমতা সম্পূর্ণ
 রাষ্ট্রপতির অধীনে থাকবে।",গণঅধিকার পরিষদ (ফারুক),,Amendment,No,,,,চতুর্থ ভাগ (নির্বাহী বিভাগ)
অনুচ্ছেদ ৪৮ (রাষ্ট্রপতি),,"রাষ্ট্রপতির অধীনে প্রতিরক্ষা, আইন প্রভৃতি মন্ত্রণালয় রাখতে হবে",গণঅধিকার পরিষদ (ফারুক),,Amendment,No,,,,চতুর্থ ভাগ (নির্বাহী বিভাগ)
অনুচ্ছেদ ৪৯ (ক্ষমা প্রদর্শনেের অধিকার),"৪৯। কোন আদালত, ট্রাইব্যুনাল বা অন্য কোন কর্তৃপক্ষ কর্তৃক প্রদত্ত যে−কোন দণ্ডের মার্জনা, বিলম্বন ও বিরাম মঞ্জুর করিবার এবং যে−কোন দণ্ড মওকুফ, স্থগিত বা হ্রাস করিবার ক্ষমতা রাষ্ট্রপতির থাকিবে।","সংবিধানের ৪৯ অনুচ্ছেদ সংশোধন করে রাষ্ট্রপতি কোন দণ্ডিত ব্যক্তিকে ক্ষমা
 করতে চাইলে সুপ্রিম জুডিশিয়াল কাউন্সিলের মতামত গ্রহণকে বাধ্যতামূলক
 করতে হবে তবে রাষ্ট্রপতি নিজ বিবেচনা বলেই চূড়ান্ত সিদ্ধান্ত গ্রহণ করতে
 পারবেন বলে বিধান রাখতে হবে।",জাতীয়তাবাদী গণতান্ত্রিক আন্দোলন (এনডিএম),,Amendment,No,,,"রাষ্ট্রপতির ক্ষমা প্রদর্শনের অধিকার” ক্ষমতাসীন রাজনৈতিক দলের দ্বারা ব্যাপকভাবে অপব্যবহৃত হয়েছে। জবাবদিহিতা এবং এই সংক্রান্ত স্পষ্ট নির্দেশনার অভাবের ফলে এটি ঘটে থাকে। এই বিধান কার্যত নির্বাহী বিভাগকে নিরঙ্কুশ কর্তৃত্ব প্রদান করে, যার ফলে রাজনৈতিক উদ্দেশ্য প্রণোদিত ক্ষমা প্রদর্শন এবং অভ্যাসগত অপরাধীদের [habitual offenders] মুক্তি প্রদানের ঘটনা ঘটে। এটি জননিরাপত্তা এবং আইনের শাসন নিয়ে গুরুতর উদ্বেগ তৈরি করে। হত্যার মতো গুরুতর অপরাধে দোষী ব্যক্তিরা এই বিধানের আওতায় মুক্তি পাওয়ার পর পুনরায় অপরাধে লিপ্ত হওয়ার সংবাদও পাওয়া গিয়েছে।",চতুর্থ ভাগ (নির্বাহী বিভাগ)
অনুচ্ছেদ ৪৯ (ক্ষমা প্রদর্শনেের অধিকার),,মৃত্যুদণ্ড ছাড়া যেকোনো দণ্ড রাষ্ট্রপতি মওকুফ বা ক্ষমা ঘোষণা করতে পারবেন। মৃত্যুদণ্ডপ্রাপ্ত আসামিকে কেবলমাত্র বাদীপক্ষ মাফ করতে পারেন। বাদীপক্ষ মাফ না করলে আসামির মৃত্যুদণ্ড কার্যকর হবে।,ইসলামী আন্দোলন বাংলাদেশ,,Amendment,No,,,,চতুর্থ ভাগ (নির্বাহী বিভাগ)
অনুচ্ছেদ ৪৯ (ক্ষমা প্রদর্শনেের অধিকার),,"রাষ্ট্রপতি কর্তৃক ক্ষমা প্রদর্শনের বিষয়টি অনুচ্ছেদ ৪৯ অনুযায়ী, একটি বিশেষ কমিটি দ্বারা সম্পন্ন হবে, যা Parole Board এর আদলে গঠিত হবে। এই কমিটিতে কমিশন, প্রধান বিচারপতি, এটর্নী জেনারেল, এবং সরকার ও বিরোধী দলের মনোনীত প্রতিনিধিরা অন্তর্ভুক্ত থাকবেন। এই পদ্ধতিতে, ক্ষমা প্রদর্শনের ক্ষেত্রে স্বচ্ছতা ও ন্যায্যতা নিশ্চিত করা হবে।",আমার বাংলাদেশ পার্টি (এবি পার্টি),,Amendment,No,,,,চতুর্থ ভাগ (নির্বাহী বিভাগ)
অনুচ্ছেদ ৪৯ (ক্ষমা প্রদর্শনেের অধিকার),,রাষ্ট্রপতি দণ্ড মওকুফ বা ক্ষমা ঘোষণা করতে পারবেন। তবে এক্ষেত্রে সংসদের উচ্চ কক্ষের প্রস্তাব/পরামর্শ লাগবে।,জাতীয় নাগরিক কমিটি,,Amendment,Yes,ইসলামী আন্দোলন বাংলাদেশ,,,চতুর্থ ভাগ (নির্বাহী বিভাগ)
অনুচ্ছেদ ৪৯ (ক্ষমা প্রদর্শনেের অধিকার),,রাষ্ট্রপতি দণ্ড মওকুফ বা ক্ষমা ঘোষণা করতে পারবেন। তবে এক্ষেত্রে সংসদের উচ্চ কক্ষের প্রস্তাব/পরামর্শ লাগবে।,ইসলামী আন্দোলন বাংলাদেশ,,Amendment,Yes,জাতীয় নাগরিক কমিটি,,,চতুর্থ ভাগ (নির্বাহী বিভাগ)
অনুচ্ছেদ ৪৯ (ক্ষমা প্রদর্শনেের অধিকার),,"৪৯ । কোন আদালত, ট্রাইব্যু নাল বা অন্য কোন কর্তৃপক্ষ কর্তৃক প্রদত্ত যে কোন
 দণ্ডের মার্জনা, বিলম্বন ও বিরাম মঞ্জুর করিবার এবং যে কোন দণ্ড মওকুফ,
 স্থগিত বা হ্রাস করিবার ক্ষমতা রাষ্ট্রপতির থাকিবে। তবে এই অধিকার কেবল
 ঐ সব ক্ষেত্রে কার্যকর হইবে যে সব ক্ষেত্রে রাষ্ট্র বনাম নাগরিক মামলায় রাষ্ট্র
 জয়লাভ করিবে। তবে কোন নাগরিককে হত্যার দায়ে উপযুক্ত নাগরিক কর্তৃক
 দায়েরকৃত মামলায় আদালত কর্তৃক কেউ দণ্ডিত হইলে ন্যায়ের দাবি পূরণার্থে
 রাষ্ট্রপতি এই অধিকার প্রয়োগ করিয়া নাগরিক অধিকার খর্ব করিবেন না। তবে
 তিনি নিয়মতান্ত্রিকভাবে বাদী কর্তৃক মার্জনার জন্য অনুরুদ্ধ হইলে কেবল সেই
 ক্ষেত্রেই তাহার মার্জনার অধিকার প্রয়োগ করিতে পারিবেন ।",খেলাফত মজলিস,,Amendment,No,,,,চতুর্থ ভাগ (নির্বাহী বিভাগ)
অনুচ্ছেদ ৪৯ (ক্ষমা প্রদর্শনেের অধিকার),,"নির্বাহী আদেশে কোন মামলা প্রত্যাহার করা যাইবে না এবং রাষ্ট্রপতি কারো সাজা
 মওকুফ করিতে পারিবেন না ।",বাংলাদেশ লেবার পার্টি,,Amendment,No,,,,চতুর্থ ভাগ (নির্বাহী বিভাগ)
অনুচ্ছেদ ৫০ (রাষ্ট্রপতি - পদের মেয়াদ),"৫০। (১) এই সংবিধানের বিধানাবলী সাপেক্ষে রাষ্ট্রপতি কার্যভার গ্রহণের তারিখ হইতে পাঁচ বৎসরের মেয়াদে তাঁহার পদে অধিষ্ঠিত থাকিবেন: তবে শর্তথাকে যে, রাষ্ট্রপতির পদের মেয়াদ শেষ হওয়া সত্ত্বেও তাঁহার উত্তরাধিকারী - কার্যভার গ্রহণ না করা পর্যন্ত তিনি স্বীয় পদে বহাল থাকিবেন। (২) একাদিক্রমে হউক বা না হউক - দুই মেয়াদের অধিক রাষ্ট্রপতির পদে কোন ব্যক্তি অধিষ্ঠিত থাকিবেন না। (৩) স্পীকারের উদ্দেশ্যে স্বাক্ষরযুক্ত পত্রযোগে রাষ্ট্রপতি স্বীয় পদ ত্যাগ করিতে পারিবেন। (৪) রাষ্ট্রপতি তাঁহার কার্যভারকালে সংসদসদস্য নির্বাচিত হইবার যোগ্য হইবেন না, এবং কোন সংসদ - সদস্য রাষ্ট্রপতি নির্বাচিত হইলে রাষ্ট্রপতিরূপে তাঁহার কার্যভার গ্রহণের দিনে সংসদে তাঁহার আসন শূন্য হইবে।",রাষ্ট্রপতির মেয়াদ হবে ৪ বছর,গণঅধিকার পরিষদ (নুর),,Amendment,No,,,"কমিশন সুপারিশ করছে যে, রাষ্ট্রপতির মেয়াদ হবে ৪ (চার) বছর। রাষ্ট্রপতি সর্বোচ্চ ২ (দুই) বারের বেশি অধিষ্ঠিত থাকবেন না। রাষ্ট্রপতি পদে প্রার্থী হওয়ার সময় কোনো ব্যক্তি কোনো রাষ্ট্রীয়, সরকারি বা রাজনৈতিক দল বা সংগঠনের পদে থাকতে পারবেন না।",চতুর্থ ভাগ (নির্বাহী বিভাগ)
অনুচ্ছেদ ৫০ (রাষ্ট্রপতি - পদের মেয়াদ),,রাষ্ট্রপতি এবং উপ - রাষ্ট্রপতি পদের মেয়াদ হবে ৪ বছর।,জাতীয় সমাজতান্ত্রিক দল (জেএসডি),,Amendment,No,,,,চতুর্থ ভাগ (নির্বাহী বিভাগ)
অনুচ্ছেদ ৫০ (রাষ্ট্রপতি - পদের মেয়াদ),,রাষ্ট্রপতি/ উপ - রাষ্ট্রপতি পদে দুই মেয়াদের বেশি রাষ্ট্রপতি থাকা যাবে না।,গণঅধিকার পরিষদ (নুর),,Amendment,Yes,গণঅধিকার পরিষদ (ফারুক) ও জাতীয় পার্টি (কাজী জাফর),,,চতুর্থ ভাগ (নির্বাহী বিভাগ)
অনুচ্ছেদ ৫০ (রাষ্ট্রপতি - পদের মেয়াদ),,রাষ্ট্রপতি/ উপ - রাষ্ট্রপতি পদে দুই মেয়াদের বেশি রাষ্ট্রপতি থাকা যাবে না।,গণঅধিকার পরিষদ (ফারুক),,Amendment,Yes,গণঅধিকার পরিষদ (নুর) ও জাতীয় পার্টি (কাজী জাফর),,,চতুর্থ ভাগ (নির্বাহী বিভাগ)
অনুচ্ছেদ ৫০ (রাষ্ট্রপতি - পদের মেয়াদ),,রাষ্ট্রপতি/ উপ - রাষ্ট্রপতি পদে দুই মেয়াদের বেশি রাষ্ট্রপতি থাকা যাবে না।,জাতীয় পার্টি (কাজী জাফর),,Amendment,Yes,গণঅধিকার পরিষদ (নুর) ও গণঅধিকার পরিষদ (ফারুক),,,চতুর্থ ভাগ (নির্বাহী বিভাগ)
অনুচ্ছেদ ৫০ (রাষ্ট্রপতি - পদের মেয়াদ),,"দুইবারের বেশি কেউ রাষ্ট্রপতি হতে পারবেন না। একজন রাষ্ট্রপতি পরবর্তীতে
 প্রধানমন্ত্রী পদে নির্বাচন করতে পারবে না ।",জাতীয় নাগরিক কমিটি,,Amendment,Yes,ইসলামী আন্দোলন বাংলাদেশ,,,চতুর্থ ভাগ (নির্বাহী বিভাগ)
অনুচ্ছেদ ৫০ (রাষ্ট্রপতি - পদের মেয়াদ),,"দুইবারের বেশি কেউ রাষ্ট্রপতি হতে পারবেন না। একজন রাষ্ট্রপতি পরবর্তীতে
 প্রধানমন্ত্রী পদে নির্বাচন করতে পারবে না ।",ইসলামী আন্দোলন বাংলাদেশ,,Amendment,Yes,জাতীয় নাগরিক কমিটি,,,চতুর্থ ভাগ (নির্বাহী বিভাগ)
"অনুচ্ছেদ ৫২
 (রাষ্ট্রপতির
 অভিশংসন)",,এই সংবিধান লংঘন বা গুরুতর অসদাচরণের অভিযোগে রাষ্ট্রপতিকে অভিশংসিত করা যাইতে পারিবে; ইহার জন্য সংসদের মোট সদস্য - সংখ্যার অন্যূন দুই - তৃতী য়াংশ সদস্যের স্বাক্ষরে অনুরূপ অভিযোগের বিবরণ লিপিবদ্ধ করিয়া একটি প্রস্তাবের নোটিশ স্পীকারের নিকট প্রদান করিতে হইবে; স্পীকারের নিকট অনুরূপ নোটিশ প্রদানের দিন হইতে চৌদ্দ দিনের পূর্বেবা ত্রিশ দিনের পর এই প্রস্তাব আলোচিত হইতে পারিবে। না; এবং সংসদ অধিবেশনরত না থাকিলে স্পীকার অবিলম্বে সংসদ আহবান করিবেন।,বাংলাদেশ জামায়াতে ইসলামী,,Amendment,No,,,"৩। রাষ্ট্রদ্রোহ, গুরুতর অসদাচরণ বা সংবিধান লঙ্ঘনের জন্য রাষ্ট্রপতিকে অভিশংসন করা যাবে। নিম্নকক্ষ থেকে অভিশংসন প্রক্রিয়া শুরু হবে । - - - কমিশন সুপারিশ করছে যে, আইনসভার প্রতিটি কক্ষের মোট সদস্য সংখ্যার অন্যূন দুই - তৃতীয়াংশের ভোটের মাধ্যমে সংবিধানের আইনসভা অধ্যায়ে বর্ণিত পদ্ধতি অনুসারে রাষ্ট্রপতিকে অভিশংসন বা অপসারণ করা যাবে।",চতুর্থ ভাগ (নির্বাহী বিভাগ)
অনুচ্ছেদ ৫৩ (ক) (উপ - রাষ্ট্রপতি)] (নতুনভাবে প্রস্তাবিত),,"নতুন একটি অনুচ্ছেদ (অনুচ্ছেদ ৫৩ (ক) সংযোজনের মাধ্যমে উপ - রাষ্ট্রপতির পদ সৃষ্টি করা যেতে পারে। সম্ভাব্য রুপরেখা ১. যোগ্যতা, নির্বাচন, পদের মেয়াদ ও অভিশংসন; রাষ্ট্রপতি পদের অনুরুপ ২. ক্ষমতা: (১) রাষ্ট্রপতির পদ শূণ্য হইলে কিংবা রাষ্ট্রপতি দায়িত্ব পালনে অসমর্থ হইলে; (২) সংসদের উচ্চ কক্ষের স্পীকার হিসেবে দায়িত্ব পালন। (ক্রমিক নং ২৮ এ উচ্চ কক্ষ প্রতিষ্ঠার বিধঅন প্রস্তাব করা হয়েছে।)",বাংলাদেশ জাতীয়তাবাদী দল (বিএনপি),,Amendment,No,,,,চতুর্থ ভাগ (নির্বাহী বিভাগ)
অনুচ্ছেদ ৫৪ (অনুপস্থিতি প্রভৃতির - কালে রাষ্ট্রপতি - পদে স্পীকার),"৫৪। রাষ্ট্রপতির পদ শূন্য হইলে কিংবা অনুপস্থিতি,
 অসুস্থতা বা অন্য কোন কারণে রাষ্ট্রপতি দায়িত্ব
 পালনে অসমর্থহইলে ক্ষেত্রমত রাষ্ট্রপতি নির্বাচিত
 না হওয়া পর্যন্ত কিংবা রাষ্ট্রপতি পু
 নরায় স্বীয়
 কার্যভার গ্রহণ না করা পর্যন্ত স্পীকার রাষ্ট্রপতির
 দায়িত্ব পালন করিবেন।","বিদ্যমান ব্যবস্থায় রাষ্ট্রপতির পদ শূণ্য হইলে কিংবা রাষ্ট্রপতি দায়িত্ব পালনে
 অসমর্থহইলে, স্পীকার রাষ্ট্রপতি হিসেবে দায়িত্ব পালন করেন। - - অত্র অনুচ্ছেদে
 স্পীকারকে প্রদত্ত ক্ষমতা উপ - রাষ্ট্রপতির উপর ন্যাস্ত হবে",বাংলাদেশ জাতীয়তাবাদী দল (বিএনপি),,Amendment,No,,,,চতুর্থ ভাগ (নির্বাহী বিভাগ)
অনুচ্ছেদ ৫৪ (অনুপস্থিতি প্রভৃতির - কালে রাষ্ট্রপতি - পদে স্পীকার),,"রাষ্ট্রপতির অনুপস্থিতিতে উপ - রাষ্ট্রপতি বা প্রধান বিচারপতি বা ন্যায়পাল তার উপর
 অর্পিত দায়িত্ব পালন করবেন। তিনি অস্থায়ী রাষ্ট্রপতি হিসেবে বিবেচিত হবেন।",গণঅধিকার পরিষদ (নুর),,Amendment,No,,,,চতুর্থ ভাগ (নির্বাহী বিভাগ)
"অনুচ্ছেদ ৫৫
 (মন্ত্রীসভা)","৫৫। (১) প্রধানমন্ত্রীর নেতৃত্বে বাংলাদেশের একটি মন্ত্রিসভা থাকিবে এবং প্রধানমন্ত্রী ও সময়ে সময়ে তিনি যেরূপ স্থির করিবেন, সেইরূপ অন্যান্য মন্ত্রী লইয়া এই মন্ত্রিসভা গঠিত হইবে। (২) প্রধানমন্ত্রী কর্তৃক বা তাঁহার কর্তত্বে এই সংবিধান - অনুযায়ী প্রজাতন্ত্রের নির্বাহী ক্ষমতা প্রযুক্ত হইবে। (৩) মন্ত্রিসভা যৌথভাবে সংসদের নিকট দায়ী থাকিবেন। (৪) সরকারের সকল নির্বাহী ব্যবস্থা রাষ্ট্রপতির নামে গৃহীত হইয়াছে বলিয়া প্রকাশ করা হইবে। (৫) রাষ্ট্রপতির নামে প্রণীত আদেশসমূহ ও অন্যান্য চুক্তিপত্র কিরূপে সত্যায়িত বা প্রমাণীকৃত হইবে, রাষ্ট্রপতি তাহা বিধিসমূহ - দ্বারা নির্ধারণ করিবেন এবং অনুরূপভাবে সত্যায়িত বা প্রমাণীকৃত কোন আদেশ বা চুক্তিপত্র যথাযথভাবে প্রণীত বা সম্পাদিত হয় নাই বলিয়া তাহার বৈধতা সম্পর্কে কোন আদালতে প্রশ্ন উত্থাপন করা যাইবে না। (৬) রাষ্ট্রপতি সরকারী কার্যাবলী বন্টন ও পরিচালনার জন্য বিধিসমূহ প্রণয়ন করিবেন।",রাষ্ট্রপতি সংসদের উভয়কক্ষের যৌথসভায় সংখ্যাগরিষ্ঠ সদস্যদের আস্থাভাজনকে প্রধানমন্ত্রী হিসেবে নিয়োগ দেবেন। এছাড়া আইনের দ্বারা নির্ধারিত পদ্ধতিতে মনোনীত ব্যক্তিকে প্রধান বিচারপতি নিয়োগ দেবেন। অন্যান্য সাংবিধানিক পদেও আইনের দ্বারা নির্ধারিত পদ্ধতিতে নিয়োগ দেবেন।,জাতীয় নাগরিক কমিটি,,Amendment,Yes,ইসলামী আন্দোলন বাংলাদেশ,,কমিশন প্রধানমন্ত্রী এবং মন্ত্রিসভা সম্পর্কে নিম্নোক্ত বিষয়গুলো সুপারিশ করছে - ৪.১.২ নাগরিকতন্ত্রের নির্বাহী কর্তৃত্ব প্রধানমন্ত্রীর নেতৃত্বে মন্ত্রিসভা দ্বারা প্রয়োগ করা হবে। ৪.২ মন্ত্ৰীগণ মন্ত্রীগণ ব্যক্তিগত এবং মন্ত্রিসভা যৌথভাবে আইনসভার নিম্নকক্ষের নিকট দায়বদ্ধ হবেন।,চতুর্থ ভাগ (নির্বাহী বিভাগ)
"অনুচ্ছেদ ৫৫
 (মন্ত্রীসভা)",,রাষ্ট্রপতি সংসদের উভয়কক্ষের যৌথসভায় সংখ্যাগরিষ্ঠ সদস্যদের আস্থাভাজনকে প্রধানমন্ত্রী হিসেবে নিয়োগ দেবেন। এছাড়া আইনের দ্বারা নির্ধারিত পদ্ধতিতে মনোনীত ব্যক্তিকে প্রধান বিচারপতি নিয়োগ দেবেন। অন্যান্য সাংবিধানিক পদেও আইনের দ্বারা নির্ধারিত পদ্ধতিতে নিয়োগ দেবেন।,ইসলামী আন্দোলন বাংলাদেশ,,Amendment,Yes,জাতীয় নাগরিক কমিটি,,,চতুর্থ ভাগ (নির্বাহী বিভাগ)
"অনুচ্ছেদ ৫৫
 (মন্ত্রীসভা)",,"সংবিধানের ৫৫ (১) (২) (৫) ক্ষমতার ভারসাম্য বিনষ্ট হয়েছে। স্বচ্ছতা ও
 জবাবদিহিতার জন্য সংস্কার করিতে হইবে",গণতান্ত্রিক বাম ঐক্য,,Amendment,No,,,,চতুর্থ ভাগ (নির্বাহী বিভাগ)
"অনুচ্ছেদ ৫৫
 (মন্ত্রীসভা)",,প্রধানমন্ত্রীর ক্ষমতা কমাতে হবে,গণঅধিকার পরিষদ (ফারুক),,Amendment,No,,,,চতুর্থ ভাগ (নির্বাহী বিভাগ)
"অনুচ্ছেদ ৫৫
 (মন্ত্রীসভা)",,"সংবিধানের ৫৫ (২) অনুচ্ছেদ সংশোধন করে প্রধানমন্ত্রীর নির্বাহী ক্ষমতা নির্দিষ্ট
 করতে হবে।",জাতীয়তাবাদী গণতান্ত্রিক আন্দোলন (এনডিএম),,Amendment,No,,,,চতুর্থ ভাগ (নির্বাহী বিভাগ)
"অনুচ্ছেদ ৫৫
 (মন্ত্রীসভা)",,"রাষ্ট্রপতি ও প্রধানমন্ত্রী ক্ষমতার ভারসাম্য তৈরি করতে হবে/রাষ্ট্রপতি ও প্রধানমন্ত্রীর ক্ষমতার ভারসাম্য রক্ষার বিধান যুক্ত করা। /রাষ্ট্রপ্রধান, সরকারের প্রধানমন্ত্রী ও মন্ত্রীসভার ক্ষমতার ভারসাম্য আনয়ন।",গণসংহতি আন্দোলন,,Amendment,Yes,"বাংলাদেশ বিপ্লবী কমিউনিস্ট লীগ, জাতীয় সমাজতান্ত্রিক দল (জেএসডি), বাংলাদেশের সমাজতান্ত্রিক দল (মার্কসবাদী), জাতীয়তাবাদী সমমনা জোট, গণঅধিকার পরিষদ (নুর), জাতীয় পার্টি (কাজী জাফর), বাংলাদেশের সমাজতান্ত্রিক দল (বাসদ) ও প্রগতিশীল গ্রিন পার্টি",,,চতুর্থ ভাগ (নির্বাহী বিভাগ)
"অনুচ্ছেদ ৫৫
 (মন্ত্রীসভা)",,"রাষ্ট্রপতি ও প্রধানমন্ত্রী ক্ষমতার ভারসাম্য তৈরি করতে হবে/রাষ্ট্রপতি ও প্রধানমন্ত্রীর ক্ষমতার ভারসাম্য রক্ষার বিধান যুক্ত করা। /রাষ্ট্রপ্রধান, সরকারের প্রধানমন্ত্রী ও মন্ত্রীসভার ক্ষমতার ভারসাম্য আনয়ন।",বাংলাদেশের বিপ্লবী কমিউনিস্ট লীগ,,Amendment,Yes,"গণসংহতি আন্দোলন, জাতীয় সমাজতান্ত্রিক দল (জেএসডি), বাংলাদেশের সমাজতান্ত্রিক দল (মার্কসবাদী), জাতীয়তাবাদী সমমনা জোট, গণঅধিকার পরিষদ (নুর), জাতীয় পার্টি (কাজী জাফর), বাংলাদেশের সমাজতান্ত্রিক দল (বাসদ) ও প্রগতিশীল গ্রিন পার্টি",,,চতুর্থ ভাগ (নির্বাহী বিভাগ)
"অনুচ্ছেদ ৫৫
 (মন্ত্রীসভা)",,"রাষ্ট্রপতি ও প্রধানমন্ত্রী ক্ষমতার ভারসাম্য তৈরি করতে হবে/রাষ্ট্রপতি ও প্রধানমন্ত্রীর ক্ষমতার ভারসাম্য রক্ষার বিধান যুক্ত করা। /রাষ্ট্রপ্রধান, সরকারের প্রধানমন্ত্রী ও মন্ত্রীসভার ক্ষমতার ভারসাম্য আনয়ন।",জাতীয় সমাজতান্ত্রিক দল (জেএসডি),,Amendment,Yes,"গণসংহতি আন্দোলন, বাংলাদেশ বিপ্লবী কমিউনিস্ট লীগ, জাতীয় সমাজতান্ত্রিক দল (জেএসডি), জাতীয়তাবাদী সমমনা জোট, গণঅধিকার পরিষদ (নুর), বাংলাদেশের সমাজতান্ত্রিক দল (বাসদ), জাতীয় পার্টি (কাজী জাফর) ও প্রগতিশীল গ্রিন পার্টি",,,চতুর্থ ভাগ (নির্বাহী বিভাগ)
"অনুচ্ছেদ ৫৫
 (মন্ত্রীসভা)",,"রাষ্ট্রপতি ও প্রধানমন্ত্রী ক্ষমতার ভারসাম্য তৈরি করতে হবে/রাষ্ট্রপতি ও প্রধানমন্ত্রীর ক্ষমতার ভারসাম্য রক্ষার বিধান যুক্ত করা। /রাষ্ট্রপ্রধান, সরকারের প্রধানমন্ত্রী ও মন্ত্রীসভার ক্ষমতার ভারসাম্য আনয়ন।",বাংলাদেশের সমাজতান্ত্রিক দল (মার্কসবাদী),,Amendment,Yes,"গণসংহতি আন্দোলন, বাংলাদেশ বিপ্লবী কমিউনিস্ট লীগ, জাতীয় সমাজতান্ত্রিক দল (জেএসডি), জাতীয়তাবাদী সমমনা জোট, গণঅধিকার পরিষদ (নুর), জাতীয় পার্টি (কাজী জাফর), বাংলাদেশের সমাজতান্ত্রিক দল (বাসদ) ও প্রগতিশীল গ্রিন পার্টি",,,চতুর্থ ভাগ (নির্বাহী বিভাগ)
"অনুচ্ছেদ ৫৫
 (মন্ত্রীসভা)",,"রাষ্ট্রপতি ও প্রধানমন্ত্রী ক্ষমতার ভারসাম্য তৈরি করতে হবে/রাষ্ট্রপতি ও প্রধানমন্ত্রীর ক্ষমতার ভারসাম্য রক্ষার বিধান যুক্ত করা। /রাষ্ট্রপ্রধান, সরকারের প্রধানমন্ত্রী ও মন্ত্রীসভার ক্ষমতার ভারসাম্য আনয়ন।",জাতীয়তাবাদী সমমনা জোট,,Amendment,Yes,"গণসংহতি আন্দোলন, বাংলাদেশ বিপ্লবী কমিউনিস্ট লীগ, জাতীয় সমাজতান্ত্রিক দল (জেএসডি), বাংলাদেশের সমাজতান্ত্রিক দল (মার্কসবাদী), গণঅধিকার পরিষদ (নুর), জাতীয় পার্টি (কাজী জাফর), বাংলাদেশের সমাজতান্ত্রিক দল (বাসদ) ও প্রগতিশীল গ্রিন পার্টি",,,চতুর্থ ভাগ (নির্বাহী বিভাগ)
"অনুচ্ছেদ ৫৫
 (মন্ত্রীসভা)",,"রাষ্ট্রপতি ও প্রধানমন্ত্রী ক্ষমতার ভারসাম্য তৈরি করতে হবে/রাষ্ট্রপতি ও প্রধানমন্ত্রীর ক্ষমতার ভারসাম্য রক্ষার বিধান যুক্ত করা। /রাষ্ট্রপ্রধান, সরকারের প্রধানমন্ত্রী ও মন্ত্রীসভার ক্ষমতার ভারসাম্য আনয়ন।",বাংলাদেশের সমাজতান্ত্রিক দল (বাসদ),,Amendment,Yes,"গণসংহতি আন্দোলন, বাংলাদেশ বিপ্লবী কমিউনিস্ট লীগ, জাতীয় সমাজতান্ত্রিক দল (জেএসডি), বাংলাদেশের সমাজতান্ত্রিক দল (মার্কসবাদী), গণঅধিকার পরিষদ (নুর), জাতীয় পার্টি (কাজী জাফর), জাতীয়তাবাদী সমমনা জোট ও প্রগতিশীল গ্রিন পার্টি",,,চতুর্থ ভাগ (নির্বাহী বিভাগ)
"অনুচ্ছেদ ৫৫
 (মন্ত্রীসভা)",,"রাষ্ট্রপতি ও প্রধানমন্ত্রী ক্ষমতার ভারসাম্য তৈরি করতে হবে/রাষ্ট্রপতি ও প্রধানমন্ত্রীর ক্ষমতার ভারসাম্য রক্ষার বিধান যুক্ত করা। /রাষ্ট্রপ্রধান, সরকারের প্রধানমন্ত্রী ও মন্ত্রীসভার ক্ষমতার ভারসাম্য আনয়ন।",গণঅধিকার পরিষদ (নুর),,Amendment,Yes,"গণসংহতি আন্দোলন, বাংলাদেশ বিপ্লবী কমিউনিস্ট লীগ, জাতীয় সমাজতান্ত্রিক দল (জেএসডি), বাংলাদেশের সমাজতান্ত্রিক দল (মার্কসবাদী), জাতীয় পার্টি (কাজী জাফর), জাতীয়তাবাদী সমমনা জোট, বাংলাদেশের সমাজতান্ত্রিক দল (বাসদ) ও প্রগতিশীল গ্রিন পার্টি",,,চতুর্থ ভাগ (নির্বাহী বিভাগ)
"অনুচ্ছেদ ৫৫
 (মন্ত্রীসভা)",,"রাষ্ট্রপতি ও প্রধানমন্ত্রী ক্ষমতার ভারসাম্য তৈরি করতে হবে/রাষ্ট্রপতি ও প্রধানমন্ত্রীর ক্ষমতার ভারসাম্য রক্ষার বিধান যুক্ত করা। /রাষ্ট্রপ্রধান, সরকারের প্রধানমন্ত্রী ও মন্ত্রীসভার ক্ষমতার ভারসাম্য আনয়ন।",জাতীয় পার্টি (কাজী জাফর),,Amendment,Yes,"গণসংহতি আন্দোলন, বাংলাদেশ বিপ্লবী কমিউনিস্ট লীগ, জাতীয় সমাজতান্ত্রিক দল (জেএসডি), বাংলাদেশের সমাজতান্ত্রিক দল (মার্কসবাদী), গণঅধিকার পরিষদ (নুর), জাতীয়তাবাদী সমমনা জোট, বাংলাদেশের সমাজতান্ত্রিক দল (বাসদ) ও প্রগতিশীল গ্রিন পার্টি",,,চতুর্থ ভাগ (নির্বাহী বিভাগ)
"অনুচ্ছেদ ৫৫
 (মন্ত্রীসভা)",,"রাষ্ট্রপতি ও প্রধানমন্ত্রী ক্ষমতার ভারসাম্য তৈরি করতে হবে/রাষ্ট্রপতি ও প্রধানমন্ত্রীর ক্ষমতার ভারসাম্য রক্ষার বিধান যুক্ত করা। /রাষ্ট্রপ্রধান, সরকারের প্রধানমন্ত্রী ও মন্ত্রীসভার ক্ষমতার ভারসাম্য আনয়ন।",প্রগতিশীল গ্রিন পার্টি,,Amendment,Yes,"গণসংহতি আন্দোলন, বাংলাদেশ বিপ্লবী কমিউনিস্ট লীগ, জাতীয় সমাজতান্ত্রিক দল (জেএসডি), বাংলাদেশের সমাজতান্ত্রিক দল (মার্কসবাদী), গণঅধিকার পরিষদ (নুর), জাতীয় পার্টি (কাজী জাফর), বাংলাদেশের সমাজতান্ত্রিক দল (বাসদ) ও জাতীয়তাবাদী সমমনা জোট",,,চতুর্থ ভাগ (নির্বাহী বিভাগ)
"অনুচ্ছেদ ৫৫
 (মন্ত্রীসভা)",,জাতীয় সংসদের স্পীকার ও ডেপুটি স্পীকার একই দলের হইতে পারিবেন না। সংসদের পাবলিক একাউন্টস সংক্রান্ত স্থায়ী কমিটির প্রধানের পদ জাতীয় সংসদের বিরোধী দলের নেতার জন্য সংরক্ষিত থাকিবে ।,বাংলাদেশ লেবার পার্টি,,Amendment,No,,,,চতুর্থ ভাগ (নির্বাহী বিভাগ)
"অনুচ্ছেদ ৫৫
 (মন্ত্রীসভা)",,"(১) প্রধানমন্ত্রীর নেতৃত্ বে বাংলাদেশের একটি মন্ত্রিসভা থাকিবে এবং প্রধানমন্ত্রী ও সময়ে সময়ে তিনি যেরূপ স্থির করিবেন, সেইরূপ অন্যান্য মন্ত্রী লইয়া এই মন্ত্রিসভা গঠিত হইবে। (২) প্রধানমন্ত্রী কর্তৃক বা তাঁহার কর্তৃত্বে এই সংবিধান অনুযায়ী জনগণতন্ত্রের নির্বাহী ক্ষমতা প্রযুক্ত হইবে। (৩) মন্ত্রিসভা যৌথভাবে সংসদের নিকট দায়ী থাকিবেন। (৪) সরকারের সকল নির্বাহী ব্যবস্থা রাষ্ট্রপতির নামে গৃহীত হইয়াছে বলিয়া প্রকাশ করা হইবে।",রাষ্ট্র সংস্কার আন্দোলন,,Amendment,No,,,,চতুর্থ ভাগ (নির্বাহী বিভাগ)
"অনুচ্ছেদ ৫৫
 (মন্ত্রীসভা)",,প্রধানমন্ত্রী ও তার মন্ত্রিসভা বিষয়ে বর্তমান অনুচ্ছেদসমু হ নিম্নোক্তরূপে পুনর্লিখিত হবেঃ অনুচ্ছেদ ৫৫. প্রধানমন্ত্রিঃ জাতীয় সংসদের অধিকাংশ সদস্যের আস্থাভাজন ব্যক্তি প্রধানমন্ত্রী হিসাবে নিয়োগ প্রাপ্ত হবেন । ৫৬.কার্যকালঃ তিনি পরপর দু'মেয়াদের বেশী প্রধানমন্ত্রী থাকবেন না ৷ ৫৭. প্রধানমন্ত্রী রাষ্ট্রের প্রধান নির্বাহী হিসাবে দায়িত্ব পালন করবেন। তার কাজের জন্য জাতীয় সংসদে দায়ী থাকবেন । ৫৮. তিনি তার দায়িত্ব পালনের সুবিধার্থে একটি মন্ত্রিসভা নিয়োগ দেবেন । নির্বাচিত সংসদ সদস্যেও বাইর থেকে মন্ত্রিসভার এক পঞ্চমাংশ সংখ্যক মন্ত্রি নিয়োগ দিতে পারবেন। তবে মন্ত্রিসভা শপথ গ্রহনের পূর্বে জাতীয় সংসদে মন্ত্রিসভার প্রতি ব্যক্তিগতভাবে ও সমষ্টিগতভাবে আস্থাভোট লাভ করতে হবে। কোন মন্ত্রির দায়িত্বপালন সম্পর্কেযদি জাতীয় সংসদে প্রশ্ন বা আপত্তি উঠে তাহলে তিনি স্বল্পতম সময়ের মধ্যে তার ব্যাখ্যা দান করবেন। সংসদ যদি তার ব্যাখ্যায় সন্তুষ্ট না হয় তাহলে তিনি তার পদ থেকে পদত্যাগ করবেন।,খেলাফত মজলিস,,Amendment,No,,,,চতুর্থ ভাগ (নির্বাহী বিভাগ)
"অনুচ্ছেদ ৫৬
 (মন্ত্রীগণ)","৫৬। (১) একজন প্রধানমন্ত্রী থাকিবেন এবং প্রধানমন্ত্রী যেরূপ নির্ধারণ করিবেন, সেইরূপ অন্যান্য মন্ত্রী, প্রতিমন্ত্রী ও উপ - মন্ত্রী থাকিবেন। (২) প্রধানমন্ত্রী ও অন্যান্য মন্ত্রী, প্রতিমন্ত্রী ও উপ - মন্ত্রীদিগকে রাষ্ট্রপতি নিয়োগ দান করিবেন: তবে শর্তথাকে যে, তাঁহাদের সংখ্যার অন্যূন নয় - দশমাংশ সংসদ - সদস্যগণের মধ্য হইতে নিযুক্ত হইবেন এবং অনধিক এক - দশমাংশ সংসদ - সদস্য নির্বাচিত হইবার যোগ্য ব্যক্তিগণের মধ্য হইতে মনোনীত হইতে পারিবেন। (৩) যে সংসদ - সদস্য সংসদের সংখ্যাগরিষ্ঠ সদস্যের আস্থাভাজন বলিয়া রাষ্ট্রপতির নিকট প্রতীয়মান হইবেন, রাষ্ট্রপতি তাঁহাকে প্রধানমন্ত্রী নিয়োগ করিবেন। (৪) সংসদ ভাংগিয়া যাওয়া এবং সংসদ - সদস্যদের অব্যবহিত পরবর্তী সাধারণ নির্বাচন অনুষ্ঠানের মধ্যবর্তীকালে এই অনুচ্ছেদের (২) বা (৩) দফার অধীন নিয়োগ দানের প্রয়োজন দেখা দিলে সংসদ ভাংগিয়া যাইবার অব্যবহিত পূর্বেযাঁহারা সংসদসদস্য ছিলেন, এই দফার উদ্দেশ্যসাধনকল্পে তাঁহারা সদস্যরূপে বহাল রহিয়াছেন বলিয়া গণ্য হইবেন।","সংবিধানের ৫৬ অনুচ্ছেদের (৩) দফা অনুসারে কেবল প্রধানমন্ত্রী ও ৯৫
 অনুচ্ছেদের (১) দফা অনুসারে প্রধান বিচারপতি নিয়োগের ক্ষেত্র ব্যতীত রাষ্টপতি
 তাঁহার অন্য সকল দায়িত্ব পালনে প্রধানমন্ত্রীর পরামর্শ অনুযায়ী কার্য করিবেন:
 তবে শর্তথাকে যে, প্রধানমন্ত্রী রাষ্ট্রপতিকে আদৌ কোন পরামর্শদান করিয়াছেন
 কি না এবং করিয়া থাকিলে কি পরামর্শ দান করিয়াছেন, কোন আদালত সেই
 সম্পর্কেকোন প্রশ্নের তদন্ত করিতে পারিবেন না। - - এ অনুচ্ছেদের সংস্কার
 জরুরি",গণতান্ত্রিক বাম ঐক্য,,Amendment,No,,,মন্ত্রীগণ ব্যক্তিগত এবং মন্ত্রিসভা যৌথভাবে আইনসভার নিম্নকক্ষের নিকট দায়বদ্ধ হবেন।,চতুর্থ ভাগ (নির্বাহী বিভাগ)
"অনুচ্ছেদ ৫৬
 (মন্ত্রীগণ)",,"(১) একজন প্রধানমন্ত্রী থাকিবেন এবং প্রধানমন্ত্রী যেরূপ নির্ধারণ করিবেন, সেইরূপ অন্যান্য মন্ত্রী, প্রতিমন্ত্রী ও উপ - মন্ত্রী থাকিবেন। (২) প্রধানমন্ত্রী ও অন্যান্য মন্ত্রী, প্রতিমন্ত্রী ও উপ - মন্ত্রীদিগকে রাষ্ট্রপতি নিয়োগ দান করিবেন: তবে শর্তথাকে যে, তাঁহাদের সংখ্যার অন্যূন নয় - দশমাংশ সংসদ সদস্যগণের মধ্য হইতে নিযুক্ত হইবেন এবং অনধিক এক দশমাংশ সংসদ সদস্য নির্বাচিত হইবার যোগ্য ব্যক্তিগণের মধ্য হইতে মনোনীত হইতে পারিবেন। (৩) যে সংসদ সদস্য সংসদের সংখ্যাগরিষ্ঠ সদস্যের আস্থাভাজন বলিয়া রাষ্ট্রপতির নিকট প্রতীয়মান হইবেন, রাষ্ট্রপতি তাঁহাকে প্রধানমন্ত্রী নিয়োগ করিবেন।",রাষ্ট্র সংস্কার আন্দোলন,,Amendment,No,,,,চতুর্থ ভাগ (নির্বাহী বিভাগ)
"অনুচ্ছেদ ৫৬
 (মন্ত্রীগণ)",,উপ - প্রধানমন্ত্রী পদ সৃষ্টি র লক্ষ্যে অনুচ্ছেদ ৫৬ এর দফা (১) ও (২) - এ তে প্রযোজ্য স্থানে ‘মন্ত্রী’ শব্দের পূর্বে ‘উপ - প্রধানমন্ত্রী’ শব্দ সংযোজিত হইবে।,বাংলাদেশ জাতীয়তাবাদী দল (বিএনপি),,Amendment,No,,,,চতুর্থ ভাগ (নির্বাহী বিভাগ)
"অনুচ্ছেদ ৫৬
 (মন্ত্রীগণ)",,"অত্র অনুচ্ছেদের দফা (৩) এ এরূপ শর্তাংশ সংযোজন করা যেতে পারে: ‘তবে শর্তথাকে যে, কোন ব্যক্তি পর পর দুইবারের অধিক প্রধামন্ত্রী পদে নিয়াগ লাভের যোগ্য বলিয়া বিবেচিত হইবেন না’",বাংলাদেশ জাতীয়তাবাদী দল (বিএনপি),,Amendment,No,,,,চতুর্থ ভাগ (নির্বাহী বিভাগ)
"অনুচ্ছেদ ৫৬
 (মন্ত্রীগণ)",,"প্রধানমন্ত্রী হবেন সংসদ নেতা এবং উপপ্রধানমন্ত্রী হবেন সংসদ উপনেতা। তাদের দায়িত্ব, কার্যাবলি, যোগ্যাতা, অপসারণ, অভিশংসনসহ অন্যান্য বিধানাবলি আইন দ্বারা নিয়ন্ত্রিত হবে।",গণঅধিকার পরিষদ (নুর),,Amendment,No,,,,চতুর্থ ভাগ (নির্বাহী বিভাগ)
"অনুচ্ছেদ ৫৬
 (মন্ত্রীগণ)",,"৫৬. (৩ক) হিসাবে নিম্নোক্ত নতুন ধারাটি যুক্ত হবে - “তবে শর্তথাকে যে তিনি
 ইতোপূর্বে দুই মেয়াদকাল প্রধানমন্ত্রীর দায়িত্ব পালন করেন নাই।”",বাংলাদেশের কমিউনিস্ট পার্টি,,Amendment,No,,,,চতুর্থ ভাগ (নির্বাহী বিভাগ)
"অনুচ্ছেদ ৫৭
 (প্রধানমন্ত্রীর
 পদের মেয়াদ)","৫৭। (১) প্রধানমন্ত্রীর পদ শূন্য হইবে, যদি - (ক) তিনি কোন সময়ে রাষ্ট্রপতির নিকট পদত্যাগপত্র প্রদান করেন; অথবা (খ) তিনি সংসদ - সদস্য না থাকেন। (২) সংসদের সংখ্যাগরিষ্ঠ সদস্যের সমর্থন হারাইলে প্রধানমন্ত্রী পদত্যাগ করিবেন কিংবা সংসদ ভাংগিয়া দিবার জন্য লিখিতভাবে রাষ্ট্রপতিকে পরামর্শদান করিবেন এবং তিনি অনুরূপ পরামর্শদান করিলে রাষ্ট্রপতি, অন্য কোন সংসদ - সদস্য সংসদের সংখ্যাগরিষ্ঠ সদস্যের আস্থাভাজন নহেন এই মর্মে সন্তুষ্ট হইলে, সংসদ ভাংগিয়া দিবেন। (৩) প্রধানমন্ত্রীর উত্তরাধিকারী কার্যভার গ্রহণ না করা পর্যন্ত প্রধানমন্ত্রীকে স্বীয় পদে বহাল থাকিতে এই অনুচ্ছেদের কোন কিছুই অযোগ্য করিবে না।",প্রধানমন্ত্রীর মেয়াদ হবে ৪ বছর,গণঅধিকার পরিষদ (নুর),,Amendment,Yes,প্রগতিশীল গ্রিন পার্টি,,,চতুর্থ ভাগ (নির্বাহী বিভাগ)
"অনুচ্ছেদ ৫৭
 (প্রধানমন্ত্রীর
 পদের মেয়াদ)",,প্রধানমন্ত্রীর মেয়াদ হবে ৪ বছর,প্রগতিশীল গ্রিন পার্টি,,Amendment,Yes,গণঅধিকার পরিষদ (নুর),,,চতুর্থ ভাগ (নির্বাহী বিভাগ)
"অনুচ্ছেদ ৫৭
 (প্রধানমন্ত্রীর
 পদের মেয়াদ)",,"২য় পরিচ্ছেদ - প্রধানমন্ত্রী, ও মন্ত্রী সভা. অনুচ্ছেদ: ৫৭ এর (১) (২) ও (৩)
 দফার সাথে আরো দফা সংযুক্ত করত: ১ (এক) জন ব্যক্তি ২ (দুই) বারের বেশি
 প্রধানমন্ত্রী হতে পারবেন না, মর্মে সংবিধানে বিধান যুক্ত করতে হবে।",বাংলাদেশের সমাজতান্ত্রিক পার্টি (বিএসপি),,Amendment,No,,,,চতুর্থ ভাগ (নির্বাহী বিভাগ)
"অনুচ্ছেদ ৫৭
 (প্রধানমন্ত্রীর
 পদের মেয়াদ)",,"রাষ্ট্রপতি/ প্রধানমন্ত্রী/ সংসদ সদস্য পদে একই ব্যক্তি পর পর দুই মেয়াদের বেশী
 দায়িত্ব পালন করিতে পারিবেন না । অথবা রাষ্ট্রপতি/ প্রধানমন্ত্রী/ মন্ত্রী/ এমপি
 কেউই দুইবারের বেশি নির্বাচিত হতে পারবে না এমন বিধান যুক্ত করা।",গণসংহতি আন্দোলন,,Amendment,Yes,"জাতীয় সমাজতান্ত্রিক দল (জেএসডি), জাতীয়তাবাদী সমমনা জোট, বাংলাদেশের সমাজতান্ত্রিক দল (বাসদ), বাংলাদেশ লেবার পার্টি, গণঅধিকার পরিষদ (ফারুক), জাতীয় পার্টি (কাজী জাফর) ও প্রগতিশীল গ্রিন পার্টি",,,চতুর্থ ভাগ (নির্বাহী বিভাগ)
"অনুচ্ছেদ ৫৭
 (প্রধানমন্ত্রীর
 পদের মেয়াদ)",,"রাষ্ট্রপতি/ প্রধানমন্ত্রী/ সংসদ সদস্য পদে একই ব্যক্তি পর পর দুই মেয়াদের বেশী
 দায়িত্ব পালন করিতে পারিবেন না । অথবা রাষ্ট্রপতি/ প্রধানমন্ত্রী/ মন্ত্রী/ এমপি
 কেউই দুইবারের বেশি নির্বাচিত হতে পারবে না এমন বিধান যুক্ত করা।",জাতীয় সমাজতান্ত্রিক দল (জেএসডি),,Amendment,Yes,"গণসংহতি আন্দোলন, জাতীয়তাবাদী সমমনা জোট, বাংলাদেশের সমাজতান্ত্রিক দল (বাসদ), বাংলাদেশ লেবার পার্টি, গণঅধিকার পরিষদ (ফারুক), জাতীয় পার্টি (কাজী জাফর) ও প্রগতিশীল গ্রিন পার্টি",,,চতুর্থ ভাগ (নির্বাহী বিভাগ)
"অনুচ্ছেদ ৫৭
 (প্রধানমন্ত্রীর
 পদের মেয়াদ)",,"রাষ্ট্রপতি/ প্রধানমন্ত্রী/ সংসদ সদস্য পদে একই ব্যক্তি পর পর দুই মেয়াদের বেশী
 দায়িত্ব পালন করিতে পারিবেন না । অথবা রাষ্ট্রপতি/ প্রধানমন্ত্রী/ মন্ত্রী/ এমপি
 কেউই দুইবারের বেশি নির্বাচিত হতে পারবে না এমন বিধান যুক্ত করা।",জাতীয়তাবাদী সমমনা জোট,,Amendment,Yes,"গণসংহতি আন্দোলন, জাতীয় সমাজতান্ত্রিক দল (জেএসডি), বাংলাদেশের সমাজতান্ত্রিক দল (বাসদ), বাংলাদেশ লেবার পার্টি, গণঅধিকার পরিষদ (ফারুক), জাতীয় পার্টি (কাজী জাফর) ও প্রগতিশীল গ্রিন পার্টি",,,চতুর্থ ভাগ (নির্বাহী বিভাগ)
"অনুচ্ছেদ ৫৭
 (প্রধানমন্ত্রীর
 পদের মেয়াদ)",,"রাষ্ট্রপতি/ প্রধানমন্ত্রী/ সংসদ সদস্য পদে একই ব্যক্তি পর পর দুই মেয়াদের বেশী
 দায়িত্ব পালন করিতে পারিবেন না । অথবা রাষ্ট্রপতি/ প্রধানমন্ত্রী/ মন্ত্রী/ এমপি
 কেউই দুইবারের বেশি নির্বাচিত হতে পারবে না এমন বিধান যুক্ত করা।",বাংলাদেশের সমাজতান্ত্রিক দল (বাসদ),,Amendment,Yes,"গণসংহতি আন্দোলন, জাতীয় সমাজতান্ত্রিক দল (জেএসডি), জাতীয়তাবাদী সমমনা জোট, বাংলাদেশ লেবার পার্টি, গণঅধিকার পরিষদ (ফারুক), জাতীয় পার্টি (কাজী জাফর) ও প্রগতিশীল গ্রিন পার্টি",,,চতুর্থ ভাগ (নির্বাহী বিভাগ)
"অনুচ্ছেদ ৫৭
 (প্রধানমন্ত্রীর
 পদের মেয়াদ)",,"রাষ্ট্রপতি/ প্রধানমন্ত্রী/ সংসদ সদস্য পদে একই ব্যক্তি পর পর দুই মেয়াদের বেশী
 দায়িত্ব পালন করিতে পারিবেন না । অথবা রাষ্ট্রপতি/ প্রধানমন্ত্রী/ মন্ত্রী/ এমপি
 কেউই দুইবারের বেশি নির্বাচিত হতে পারবে না এমন বিধান যুক্ত করা।",বাংলাদেশ লেবার পার্টি,,Amendment,Yes,"গণসংহতি আন্দোলন, জাতীয় সমাজতান্ত্রিক দল (জেএসডি), জাতীয়তাবাদী সমমনা জোট, বাংলাদেশের সমাজতান্ত্রিক দল (বাসদ), গণঅধিকার পরিষদ (ফারুক), জাতীয় পার্টি (কাজী জাফর) ও প্রগতিশীল গ্রিন পার্টি",,,চতুর্থ ভাগ (নির্বাহী বিভাগ)
"অনুচ্ছেদ ৫৭
 (প্রধানমন্ত্রীর
 পদের মেয়াদ)",,"রাষ্ট্রপতি/ প্রধানমন্ত্রী/ সংসদ সদস্য পদে একই ব্যক্তি পর পর দুই মেয়াদের বেশী
 দায়িত্ব পালন করিতে পারিবেন না । অথবা রাষ্ট্রপতি/ প্রধানমন্ত্রী/ মন্ত্রী/ এমপি
 কেউই দুইবারের বেশি নির্বাচিত হতে পারবে না এমন বিধান যুক্ত করা।",গণঅধিকার পরিষদ (ফারুক),,Amendment,Yes,"গণসংহতি আন্দোলন, জাতীয় সমাজতান্ত্রিক দল (জেএসডি), জাতীয়তাবাদী সমমনা জোট, বাংলাদেশের সমাজতান্ত্রিক দল (বাসদ), বাংলাদেশ লেবার পার্টি, জাতীয় পার্টি (কাজী জাফর) ও প্রগতিশীল গ্রিন পার্টি",,,চতুর্থ ভাগ (নির্বাহী বিভাগ)
"অনুচ্ছেদ ৫৭
 (প্রধানমন্ত্রীর
 পদের মেয়াদ)",,"রাষ্ট্রপতি/ প্রধানমন্ত্রী/ সংসদ সদস্য পদে একই ব্যক্তি পর পর দুই মেয়াদের বেশী
 দায়িত্ব পালন করিতে পারিবেন না । অথবা রাষ্ট্রপতি/ প্রধানমন্ত্রী/ মন্ত্রী/ এমপি
 কেউই দুইবারের বেশি নির্বাচিত হতে পারবে না এমন বিধান যুক্ত করা।",জাতীয় পার্টি (কাজী জাফর),,Amendment,Yes,"গণসংহতি আন্দোলন, জাতীয় সমাজতান্ত্রিক দল (জেএসডি), জাতীয়তাবাদী সমমনা জোট, বাংলাদেশের সমাজতান্ত্রিক দল (বাসদ), বাংলাদেশ লেবার পার্টি, গণঅধিকার পরিষদ (ফারুক) ও প্রগতিশীল গ্রিন পার্টি",,,চতুর্থ ভাগ (নির্বাহী বিভাগ)
"অনুচ্ছেদ ৫৭
 (প্রধানমন্ত্রীর
 পদের মেয়াদ)",,"রাষ্ট্রপতি/ প্রধানমন্ত্রী/ সংসদ সদস্য পদে একই ব্যক্তি পর পর দুই মেয়াদের বেশী
 দায়িত্ব পালন করিতে পারিবেন না । অথবা রাষ্ট্রপতি/ প্রধানমন্ত্রী/ মন্ত্রী/ এমপি
 কেউই দুইবারের বেশি নির্বাচিত হতে পারবে না এমন বিধান যুক্ত করা।",প্রগতিশীল গ্রিন পার্টি,,Amendment,Yes,"গণসংহতি আন্দোলন, জাতীয় সমাজতান্ত্রিক দল (জেএসডি), জাতীয়তাবাদী সমমনা জোট, বাংলাদেশের সমাজতান্ত্রিক দল (বাসদ), বাংলাদেশ লেবার পার্টি, গণঅধিকার পরিষদ (ফারুক) ও জাতীয় পার্টি (কাজী জাফর)",,,চতুর্থ ভাগ (নির্বাহী বিভাগ)
"অনুচ্ছেদ ৫৭
 (প্রধানমন্ত্রীর
 পদের মেয়াদ)",,"দলীয় প্রধান ও সংসদ নেতা এক ব্যক্তি হতে পারবেন না এই মর্মে বিধান যুক্ত
 করতে হবে/ প্রধানমন্ত্রী, সংসদ নেতা ও রাজনৈতিক দলের প্রধান ভিন্ন ভিন্ন
 ব্যক্তি হবেন",গণসংহতি আন্দোলন,,Amendment,Yes,"জাতীয় নাগরিক কমিটি, ইসলামী আন্দোলন বাংলাদেশ, বাংলাদেশ লেবার পার্টি ও জাতীয় পার্টি (কাজী জাফর)",,,চতুর্থ ভাগ (নির্বাহী বিভাগ)
"অনুচ্ছেদ ৫৭
 (প্রধানমন্ত্রীর
 পদের মেয়াদ)",,"দলীয় প্রধান ও সংসদ নেতা এক ব্যক্তি হতে পারবেন না এই মর্মে বিধান যুক্ত
 করতে হবে/ প্রধানমন্ত্রী, সংসদ নেতা ও রাজনৈতিক দলের প্রধান ভিন্ন ভিন্ন
 ব্যক্তি হবেন",জাতীয় নাগরিক কমিটি,,Amendment,Yes,"গণসংহতি আন্দোলন, ইসলামী আন্দোলন বাংলাদেশ, বাংলাদেশ লেবার পার্টি ও জাতীয় পার্টি (কাজী জাফর)",,,চতুর্থ ভাগ (নির্বাহী বিভাগ)
"অনুচ্ছেদ ৫৭
 (প্রধানমন্ত্রীর
 পদের মেয়াদ)",,"দলীয় প্রধান ও সংসদ নেতা এক ব্যক্তি হতে পারবেন না এই মর্মে বিধান যুক্ত
 করতে হবে/ প্রধানমন্ত্রী, সংসদ নেতা ও রাজনৈতিক দলের প্রধান ভিন্ন ভিন্ন
 ব্যক্তি হবেন",ইসলামী আন্দোলন বাংলাদেশ,,Amendment,Yes,"গণসংহতি আন্দোলন, জাতীয় নাগরিক কমিটি, বাংলাদেশ লেবার পার্টি ও জাতীয় পার্টি (কাজী জাফর)",,,চতুর্থ ভাগ (নির্বাহী বিভাগ)
"অনুচ্ছেদ ৫৭
 (প্রধানমন্ত্রীর
 পদের মেয়াদ)",,"দলীয় প্রধান ও সংসদ নেতা এক ব্যক্তি হতে পারবেন না এই মর্মে বিধান যুক্ত
 করতে হবে/ প্রধানমন্ত্রী, সংসদ নেতা ও রাজনৈতিক দলের প্রধান ভিন্ন ভিন্ন
 ব্যক্তি হবেন",বাংলাদেশ লেবার পার্টি,,Amendment,Yes,"গণসংহতি আন্দোলন, জাতীয় নাগরিক কমিটি, ইসলামী আন্দোলন বাংলাদেশ ও জাতীয় পার্টি (কাজী জাফর)",,,চতুর্থ ভাগ (নির্বাহী বিভাগ)
"অনুচ্ছেদ ৫৭
 (প্রধানমন্ত্রীর
 পদের মেয়াদ)",,"দলীয় প্রধান ও সংসদ নেতা এক ব্যক্তি হতে পারবেন না এই মর্মে বিধান যুক্ত
 করতে হবে/ প্রধানমন্ত্রী, সংসদ নেতা ও রাজনৈতিক দলের প্রধান ভিন্ন ভিন্ন
 ব্যক্তি হবেন",জাতীয় পার্টি (কাজী জাফর),,Amendment,Yes,"গণসংহতি আন্দোলন, জাতীয় নাগরিক কমিটি, ইসলামী আন্দোলন বাংলাদেশ ও বাংলাদেশ লেবার পার্টি",,,চতুর্থ ভাগ (নির্বাহী বিভাগ)
"অনুচ্ছেদ ৫৭
 (প্রধানমন্ত্রীর
 পদের মেয়াদ)",,"প্রধানমন্ত্রী দলীয় কোন পদে থাকতে পারবেন না। দলীয় যেকোন স্তরে সদস্য
 থাকতে পারবেন। মন্ত্রী পরিষদের কোন সদস্য দলের কোন স্থরে সভাপতি,
 সাধারণ সম্পাদক বা মহাসচিব পদে থাকতে পারবেন না ।",নাগরিক ঐক্য,,Amendment,No,,,,চতুর্থ ভাগ (নির্বাহী বিভাগ)
"অনুচ্ছেদ ৫৭
 (প্রধানমন্ত্রীর
 পদের মেয়াদ)",,"জীবনে দুইবারের বেশি কেউ প্রধানমন্ত্রী হতে পারবেন না এবং প্রধানমন্ত্রী হবার
 পর রাষ্ট্রের আর কোনো পদেই তিনি আসীন হবেন না। কোম্পানি বা ব্যবসায়ী
 উদ্যোগের ক্ষেত্রেও বিধি - নিষেধ থাকবে। প্রধানমন্ত্রী থাকা অবস্থায় সকল সম্পদ
 এবং সম্পত্তি স্টেট ব্যাংকের অধীনে চলে যাবে।",জাতীয় নাগরিক কমিটি,,Amendment,Yes,ইসলামী আন্দোলন বাংলাদেশ,,,চতুর্থ ভাগ (নির্বাহী বিভাগ)
"অনুচ্ছেদ ৫৭
 (প্রধানমন্ত্রীর
 পদের মেয়াদ)",,"জীবনে দুইবারের বেশি কেউ প্রধানমন্ত্রী হতে পারবেন না এবং প্রধানমন্ত্রী হবার
 পর রাষ্ট্রের আর কোনো পদেই তিনি আসীন হবেন না। কোম্পানি বা ব্যবসায়ী
 উদ্যোগের ক্ষেত্রেও বিধি - নিষেধ থাকবে। প্রধানমন্ত্রী থাকা অবস্থায় সকল সম্পদ
 এবং সম্পত্তি স্টেট ব্যাংকের অধীনে চলে যাবে।",ইসলামী আন্দোলন বাংলাদেশ,,Amendment,Yes,জাতীয় নাগরিক কমিটি,,,চতুর্থ ভাগ (নির্বাহী বিভাগ)
"অনুচ্ছেদ ৫৭
 (প্রধানমন্ত্রীর
 পদের মেয়াদ)",,কোনো আদালতই প্রধানমন্ত্রীকে অপসারণে রায় ঘোষণা করতে পারবেন না। কেবল সংসদ কর্তৃক আস্থাভোটই হবে তাকে অপসারণের বৈধ উপায় ।,জাতীয় নাগরিক কমিটি,,Amendment,Yes,ইসলামী আন্দোলন বাংলাদেশ,,,চতুর্থ ভাগ (নির্বাহী বিভাগ)
"অনুচ্ছেদ ৫৭
 (প্রধানমন্ত্রীর
 পদের মেয়াদ)",,কোনো আদালতই প্রধানমন্ত্রীকে অপসারণে রায় ঘোষণা করতে পারবেন না। কেবল সংসদ কর্তৃক আস্থাভোটই হবে তাকে অপসারণের বৈধ উপায় ।,ইসলামী আন্দোলন বাংলাদেশ,,Amendment,Yes,জাতীয় নাগরিক কমিটি,,,চতুর্থ ভাগ (নির্বাহী বিভাগ)
"অনুচ্ছেদ ৫৭
 (প্রধানমন্ত্রীর
 পদের মেয়াদ)",,"প্রধানমন্ত্রীকে অপসারন বা ইমপিচমেন্টের ব্যবস্থা রেখে সংবিধানের ৫৭ অনুচ্ছেদ
 সংস্কার করা",বাংলাদেশের সমাজতান্ত্রিক দল (মার্কসবাদী),,Amendment,Yes,বাংলাদেশের বিপ্লবী কমিউনিস্ট লীগ,,,চতুর্থ ভাগ (নির্বাহী বিভাগ)
"অনুচ্ছেদ ৫৭
 (প্রধানমন্ত্রীর
 পদের মেয়াদ)",,"প্রধানমন্ত্রীকে অপসারন বা ইমপিচমেন্টের ব্যবস্থা রেখে সংবিধানের ৫৭ অনুচ্ছেদ
 সংস্কার করা",বাংলাদেশের বিপ্লবী কমিউনিস্ট লীগ,,Amendment,Yes,বাংলাদেশ সমাজতান্ত্রিক দল (মার্কসবাদী),,,চতুর্থ ভাগ (নির্বাহী বিভাগ)
"অনুচ্ছেদ ৫৭
 (প্রধানমন্ত্রীর
 পদের মেয়াদ)",,"(১) প্রধানমন্ত্রীর পদ শূন্য হইবে, যদি (ক) তিনি কোনো সময়ে রাষ্ট্রপতির নিকট পদত্যাগপত্র প্রদান করেন; অথবা (খ) তিনি সংসদ সদস্য না থাকেন। (২) সংসদের দুই - তৃতীয়াং শ সদস্যের সমর্থন হারাইলে প্রধানমন্ত্রী পদত্যাগ করিবেন। পদত্যাগকারী সংসদ সদস্য বাদে যে সংসদ সদস্য সংসদের সংখ্যাগরিষ্ঠ সদস্যের আস্থাভাজন বলিয়া রাষ্ট্রপতির নিকট প্রতীয়মান হইবেন, রাষ্ট্রপতি তাঁহাকে নতুন প্রধানমন্ত্রী হিসাবে নিয়োগ করিবেন। রাষ্ট্রপতি, অন্য কোনো সংসদ সদস্য সংসদের সংখ্যাগরিষ্ঠ সদস্যের আস্থাভাজন নহেন এই মর্মে সন্তুষ্ট হইলে, সংসদ ভাঙ্গিয়া দিবেন। (৩) প্রধানমন্ত্রীর উত্তরাধিকারী কার্যভার গ্রহণ না করা পর্যন্ত প্রধানমন্ত্রীকে স্বীয় পদে বহাল থাকিতে এই অনুচ্ছেদের কোনকিছুই অযোগ্য করিবে না।",রাষ্ট্র সংস্কার আন্দোলন,,Amendment,No,,,,চতুর্থ ভাগ (নির্বাহী বিভাগ)
বিলুপ্ত অনুচ্ছেদ ৫৮ (নির্দলীয় তত্ত্বাবধায়ক সরকার: অনুচ্ছেদ ৫৮খ হইতে ৫৮ঙ),[প্রযোজ্য নয়],ত্রয়োদশ সংশোধনীর মাধ্যম সংযোজিত অত্র অনুচ্ছেদটি নির্দলীয় তত্ত্বাবধায়ক সরকার দায়িত্বরত অবস্থায় সংবিধানে বর্ণিত প্রধানমন্ত্রী ও মন্ত্রীসভা সংক্রান্ত বিধানসমূহের কার্যকারিতা স্থগিত করেছে। - - - পঞ্চদশ সংশোধনীর মাধমে অত্র অনুচ্ছেদটি বিলুপ্ত করা হয়েছে। অত্র অনুচ্ছেদটি পুনর্বহাল করতে হবে,বাংলাদেশ জাতীয়তাবাদী দল (বিএনপি),,Amendment,No,,,"৫. অন্তর্বর্তী সরকার

কমিশন আইনসভার মেয়াদ শেষ হবার পরে কিংবা আইনসভা ভেঙ্গে গেলে পরবর্তী নির্বাচিত সরকার শপথ না নেয়া পর্যন্ত, একটি অন্তর্বর্তী সরকার গঠনের সুপারিশ করছে যার কাঠামো, দায়িত্ব এবং মেয়াদ নিচে বর্ণনা করা হয়েছে -

৫.১ এই সরকারের প্রধান ‘প্রধান উপদেষ্টা' বলে অভিহিত হবেন। যিনি ৫.৩ অনুচ্ছেদে বর্ণিত পদ্ধতিতে নিযুক্ত হবেন।আইনসভার মেয়াদ শেষ হওয়ার ১৫ (পনের) দিন পূর্বে অথবা আইনসভা ভেঙ্গে গেলে, পরবর্তী অন্যূন ১৫ দিনের মধ্যে প্রধান উপদেষ্টা নিয়োগের সিদ্ধান্ত চূড়ান্ত করতে হবে। প্রধান উপদেষ্টা সর্বোচ্চ ১৫ (পনের) সদস্য বিশিষ্ট একটি উপদেষ্টা পরিষদের মাধ্যমে কার্য পরিচালনা করবেন।

৫.২ অন্তর্বর্তী সরকারের মেয়াদ সর্বোচ্চ ৯০ (নব্বই) দিন হবে। যদি নির্বাচন আগে অনুষ্ঠিত হয় তবে নতুন সরকারের প্রধানমন্ত্রী শপথ গ্রহণমাত্র এই সরকারের মেয়াদের অবসান ঘটবে।

৫.৩ প্রধান উপদেষ্টা

কমিশন সুপারিশ করছে যে, নিম্নোক্ত পর্যায়ক্রমিক পদ্ধতিতে আইনসভার সদস্য হওয়ার যোগ্যতা সম্পন্ন ব্যক্তিকে অন্তর্বর্তী সরকারের প্রধান উপদেষ্টা নিয়োগ করা হবে-

৫.৩.১ এনসিসি-র ৯ (নয়) সদস্যের মধ্যে ন্যূনতম ৭ (সাত) সদস্যের সিদ্ধান্তে এনসিসি-র সদস্য ব্যতীত নাগরিকদের মধ্য হতে একজন গ্রহণযোগ্য ব্যক্তি প্রধান উপদেষ্টা হিসেবে নিয়োগ প্রাপ্ত হবেন।

৫.৩.২ উপরে উল্লিখিত অনুচ্ছেদ ৫.৩.১ অনুযায়ী সিদ্ধান্ত নেয়া সম্ভব না হলে, সকল অবসরপ্রাপ্ত প্রধান বিচারপতি ও আপিল বিভাগের অবসরপ্রাপ্ত বিচারকদের মধ্য থেকে একজনকে এনসিসি-র ৯ (নয়) সদস্যের মধ্যে ন্যূনতম ৬ (ছয়) সদস্যের সিদ্ধান্তে প্রধান উপদেষ্টা হিসেবে নিয়োগ প্রাপ্ত হবেন।

৫.৩.৩ উপরে উল্লিখিত অনুচ্ছেদ ৫.৩.২ অনুযায়ী সিদ্ধান্ত নেয়া সম্ভব না হলে, এনসিসি-র সকল সদস্যের সর্বসম্মত সিদ্ধান্তে রাষ্ট্রপতি প্রধান উপদেষ্টা হিসেবে অতিরিক্ত দায়িত্ব গ্রহণ করবেন।

৫.৩.৪ উপরে উল্লিখিত অনুচ্ছেদ ৫.৩.৩ অনুযায়ী এনসিসি সর্বসম্মত সিদ্ধান্ত নিতে না পারলে, বাংলাদেশের অবসরপ্রাপ্ত প্রধান বিচারপতিগণের মধ্যে যিনি সর্বশেষ অবসরপ্রাপ্ত হয়েছেন তিনি প্রধান উপদেষ্টা হবেন ।

৫.৩.৫ উপরে উল্লিখিত অনুচ্ছেদ ৫.৩.৪ অনুযায়ী যদি উক্তরূপ সর্বশেষ অবসরপ্রাপ্ত প্রধান বিচারপতিকে না পাওয়া যায় অথবা তিনি প্রধান উপদেষ্টা হতে অসম্মত হন, তা হলে তাঁর অব্যবহিত পূর্বে অবসরপ্রাপ্ত প্রধান বিচারপতি প্রধান উপদেষ্টা হবেন। একই ভাবে তাঁকেও না পাওয়া গেলে অথবা তিনি প্রধান উপদেষ্টা হতে অসম্মত হলে পর্যায়ক্রমে অব্যবহিত পূর্বে অবসরপ্রাপ্ত প্রধান বিচারপতি যাকে পাওয়া যায় তিনি প্রধান উপদেষ্টা হবেন।

সংবিধান সংস্কার কমিশন

৫.৩.৬ উপরে উল্লিখিত অনুচ্ছেদ ৫.৩.৫ অনুযায়ী যদি কোনো অবসরপ্রাপ্ত প্রধান বিচারপতিকে না পাওয়া যায় অথবা তিনি প্রধান উপদেষ্টা হতে অসম্মত হন, তবে আপিল বিভাগের অবসরপ্রাপ্ত বিচারকগণের মধ্যে যিনি সর্বশেষ অবসরপ্রাপ্ত হয়েছেন তিনি প্রধান উপদেষ্টা হবেন।

৫.৩.৭ উপরে উল্লিখিত অনুচ্ছেদ ৫.৩.৬ অনুযায়ী যদি উক্তরূপ আপিল বিভাগের সর্বশেষ অবসরপ্রাপ্ত বিচারককে পাওয়া না যায় অথবা তিনি প্রধান উপদেষ্টা হতে অসম্মত হন, তা হলে তাঁর অব্যবহিত পূর্বে অবসরপ্রাপ্ত আপিল বিভাগের বিচারক প্রধান উপদেষ্টা হবেন। একই ভাবে তাঁকেও না পাওয়া গেলে অথবা তিনি প্রধান উপদেষ্টা হতে অসম্মত হলে পর্যায়ক্রমে অব্যবহিত পূর্বে অবসরপ্রাপ্ত আপিল বিভাগের বিচারক যাকে পাওয়া যায় তিনি প্রধান উপদেষ্টা হবেন।

৫.৪ উপদেষ্টা পরিষদের সদস্য

প্রধান উপদেষ্টা মনোনীত হবার পর তিনি আইনসভার সদস্য হওয়ার যোগ্যতা সম্পন্ন এবং কোনো রাজনৈতিক দলের সদস্য নন এমন অনূর্ধ্ব ১৪ (চৌদ্দ) জন ব্যক্তিকে উপদেষ্টা পরিষদের সদস্য হিসেবে মনোনয়ন করবেন।

৫.৫ কার্যাবলী

অন্তর্বর্তী সরকার সকল রাজনৈতিক দল এবং নির্বাচনী প্রার্থীদের জন্য সমান সুযোগের ক্ষেত্র তৈরি করে একটি অবাধ ও সুষ্ঠু সংসদ নির্বাচনের ব্যাবস্থা করবে এবং অন্তর্বর্তী সময়ে সরকারের দৈনন্দিন কাজ পরিচালনা করবে।

৫.৬ প্রধান উপদেষ্টা পদত্যাগ করলে বা মৃত্যুবরণ করলে বা প্রধান উপদেষ্টা হিসেবে নিয়োগের যোগ্যতা হারালে উপদেষ্টা পরিষদ তাদের মধ্য থেকে একজন সদস্যকে মনোনীত করবেন এবং রাষ্ট্রপতি তাঁকে প্রধান উপদেষ্টা হিসেবে নিয়োগ দিবেন।",চতুর্থ ভাগ (নির্বাহী বিভাগ)
বিলুপ্ত অনুচ্ছেদ ৫৮ (নির্দলীয় তত্ত্বাবধায়ক সরকার: অনুচ্ছেদ ৫৮খ হইতে ৫৮ঙ),,"জাতীয় নির্বাচন পরিচালনার জন্য একটি নিরপেক্ষ তত্ত্বাবধায়ক সরকারের ব্যবস্থা
 অন্তর্ভুক্ত করা উচিত। প্রেসিডেন্টকে জাতীয় নির্বাচন অনুষ্ঠিত করার জন্য রাষ্ট্রীয়
 পর্যায়ে আন্তর্জাতিক সম্প্রদায় (যেমন, জাতিসংঘ) থেকে সহায়তা চাওয়ার ক্ষমতা
 দেওয়ার জন্য একটি প্রস্তাব থাকা উচিত।",বাংলাদেশ জামায়াতে ইসলামী,,Amendment,No,,,,চতুর্থ ভাগ (নির্বাহী বিভাগ)
বিলুপ্ত অনুচ্ছেদ ৫৮ (নির্দলীয় তত্ত্বাবধায়ক সরকার: অনুচ্ছেদ ৫৮খ হইতে ৫৮ঙ),,"নিরপেক্ষ তত্ত্বাবধায়ক সরকারের বিধান করতে হবে। তত্ত্বাবধায়ক সরকারের অধীনে স্বাধীন, ন্যায্য ও বিশ্বাসযোগ্য নির্বাচনের জন্য একটি সুস্পষ্ট ব্যবস্থা গড়ে তুলতে হবে।",জাতীয়তাবাদী সমমনা জোট,,Amendment,No,,,,চতুর্থ ভাগ (নির্বাহী বিভাগ)
বিলুপ্ত অনুচ্ছেদ ৫৮ (নির্দলীয় তত্ত্বাবধায়ক সরকার: অনুচ্ছেদ ৫৮খ হইতে ৫৮ঙ),,তত্ত্বাবধায়ক সরকারের মেয়াদ হবে দুই বছর,বাংলাদেশের জাতীয় সমাজতান্ত্রিক দল (বাংলাদেশ জাসদ),,Amendment,No,,,,চতুর্থ ভাগ (নির্বাহী বিভাগ)
বিলুপ্ত অনুচ্ছেদ ৫৮ (নির্দলীয় তত্ত্বাবধায়ক সরকার: অনুচ্ছেদ ৫৮খ হইতে ৫৮ঙ),,"ত্রয়োদশ সংশোধনীতে সংযোজিত অত্র পরিচ্ছেদটির মাধ্যমে নির্দলীয় তত্ত্বাবধায়ক
 সরকার ব্যবস্থা প্রবর্তিত হয়। পরবর্তীকালে পঞ্চদশ সংশোধনীর মাধ্যমে অত্র
 পরিচ্ছেদটি বিলুপ্ত করা হয়েছে। - - - অত্র পরিচ্ছেদটি (অনুচ্ছেদ ৫৮খ হইতে ৫৮ঙ
 পুনর্বহাল করতে হবে। 
 অবাধ, সুষ্ঠু, নিরপেক্ষ, অংশগ্রহণমূলক এবং গ্রহনযোগ্য নির্বাচন নিশ্চিত করতে
 সংবিধানের ত্রয়োদশ সংশোধনী বাতিল করে নির্বাচনকালীন নিরপেক্ষ তত্ত্বাবধায়ক
 সরকার ব্যবস্থা পুনঃপ্রতিষ্ঠা করতে হবে।",বাংলাদেশ জাতীয়তাবাদী দল (বিএনপি),,Amendment,Yes,"বাংলাদেশের সমাজতান্ত্রিক দল (মার্কসবাদী), বাংলাদেশের সমাজতান্ত্রিক পার্টি (বিএসপি), বাংলাদেশের বিপ্লবী কমিউনিস্ট লীগ, জাতীয়তাবাদী সমমনা জোট, বাংলাদেশ লেবার পার্টি, গণঅধিকার পরিষদ (নুর), গণঅধিকার পরিষদ (ফারুক), নাগরিক ঐক্য ও জাতীয় পার্টি (কাজী জাফর)",,,চতুর্থ ভাগ (নির্বাহী বিভাগ)
বিলুপ্ত অনুচ্ছেদ ৫৮ (নির্দলীয় তত্ত্বাবধায়ক সরকার: অনুচ্ছেদ ৫৮খ হইতে ৫৮ঙ),,"ত্রয়োদশ সংশোধনীতে সংযোজিত অত্র পরিচ্ছেদটির মাধ্যমে নির্দলীয় তত্ত্বাবধায়ক
 সরকার ব্যবস্থা প্রবর্তিত হয়। পরবর্তীকালে পঞ্চদশ সংশোধনীর মাধ্যমে অত্র
 পরিচ্ছেদটি বিলুপ্ত করা হয়েছে। - - - অত্র পরিচ্ছেদটি (অনুচ্ছেদ ৫৮খ হইতে ৫৮ঙ
 পুনর্বহাল করতে হবে। 
 অবাধ, সুষ্ঠু, নিরপেক্ষ, অংশগ্রহণমূলক এবং গ্রহনযোগ্য নির্বাচন নিশ্চিত করতে
 সংবিধানের ত্রয়োদশ সংশোধনী বাতিল করে নির্বাচনকালীন নিরপেক্ষ তত্ত্বাবধায়ক
 সরকার ব্যবস্থা পুনঃপ্রতিষ্ঠা করতে হবে।",বাংলাদেশের সমাজতান্ত্রিক দল (মার্কসবাদী),,Amendment,Yes,"বিএনপি, বাংলাদেশের সমাজতান্ত্রিক পার্টি (বিএসপি), বাংলাদেশের বিপ্লবী কমিউনিস্ট লীগ, জাতীয়তাবাদী সমমনা জোট, বাংলাদেশ লেবার পার্টি, গণঅধিকার পরিষদ (নুর), গণঅধিকার পরিষদ (ফারুক), নাগরিক ঐক্য ও জাতীয় পার্টি (কাজী জাফর)",,,চতুর্থ ভাগ (নির্বাহী বিভাগ)
বিলুপ্ত অনুচ্ছেদ ৫৮ (নির্দলীয় তত্ত্বাবধায়ক সরকার: অনুচ্ছেদ ৫৮খ হইতে ৫৮ঙ),,"ত্রয়োদশ সংশোধনীতে সংযোজিত অত্র পরিচ্ছেদটির মাধ্যমে নির্দলীয় তত্ত্বাবধায়ক
 সরকার ব্যবস্থা প্রবর্তিত হয়। পরবর্তীকালে পঞ্চদশ সংশোধনীর মাধ্যমে অত্র
 পরিচ্ছেদটি বিলুপ্ত করা হয়েছে। - - - অত্র পরিচ্ছেদটি (অনুচ্ছেদ ৫৮খ হইতে ৫৮ঙ
 পুনর্বহাল করতে হবে। 
 অবাধ, সুষ্ঠু, নিরপেক্ষ, অংশগ্রহণমূলক এবং গ্রহনযোগ্য নির্বাচন নিশ্চিত করতে
 সংবিধানের ত্রয়োদশ সংশোধনী বাতিল করে নির্বাচনকালীন নিরপেক্ষ তত্ত্বাবধায়ক
 সরকার ব্যবস্থা পুনঃপ্রতিষ্ঠা করতে হবে।",বাংলাদেশের সমাজতান্ত্রিক পার্টি (বিএসপি),,Amendment,Yes,"বিএনপি, বাংলাদেশের সমাজতান্ত্রিক দল (মার্কসবাদী), বাংলাদেশের বিপ্লবী কমিউনিস্ট লীগ, জাতীয়তাবাদী সমমনা জোট, বাংলাদেশ লেবার পার্টি, গণঅধিকার পরিষদ (নুর), গণঅধিকার পরিষদ (ফারুক), নাগরিক ঐক্য ও জাতীয় পার্টি (কাজী জাফর)",,,চতুর্থ ভাগ (নির্বাহী বিভাগ)
বিলুপ্ত অনুচ্ছেদ ৫৮ (নির্দলীয় তত্ত্বাবধায়ক সরকার: অনুচ্ছেদ ৫৮খ হইতে ৫৮ঙ),,"ত্রয়োদশ সংশোধনীতে সংযোজিত অত্র পরিচ্ছেদটির মাধ্যমে নির্দলীয় তত্ত্বাবধায়ক
 সরকার ব্যবস্থা প্রবর্তিত হয়। পরবর্তীকালে পঞ্চদশ সংশোধনীর মাধ্যমে অত্র
 পরিচ্ছেদটি বিলুপ্ত করা হয়েছে। - - - অত্র পরিচ্ছেদটি (অনুচ্ছেদ ৫৮খ হইতে ৫৮ঙ
 পুনর্বহাল করতে হবে। 
 অবাধ, সুষ্ঠু, নিরপেক্ষ, অংশগ্রহণমূলক এবং গ্রহনযোগ্য নির্বাচন নিশ্চিত করতে
 সংবিধানের ত্রয়োদশ সংশোধনী বাতিল করে নির্বাচনকালীন নিরপেক্ষ তত্ত্বাবধায়ক
 সরকার ব্যবস্থা পুনঃপ্রতিষ্ঠা করতে হবে।",বাংলাদেশের বিপ্লবী কমিউনিস্ট লীগ,,Amendment,Yes,"বিএনপি, বাংলাদেশের সমাজতান্ত্রিক দল (মার্কসবাদী), বাংলাদেশের সমাজতান্ত্রিক পার্টি (বিএসপি), জাতীয়তাবাদী সমমনা জোট, বাংলাদেশ লেবার পার্টি, গণঅধিকার পরিষদ (নুর), গণঅধিকার পরিষদ (ফারুক), নাগরিক ঐক্য ও জাতীয় পার্টি (কাজী জাফর)",,,চতুর্থ ভাগ (নির্বাহী বিভাগ)
বিলুপ্ত অনুচ্ছেদ ৫৮ (নির্দলীয় তত্ত্বাবধায়ক সরকার: অনুচ্ছেদ ৫৮খ হইতে ৫৮ঙ),,"ত্রয়োদশ সংশোধনীতে সংযোজিত অত্র পরিচ্ছেদটির মাধ্যমে নির্দলীয় তত্ত্বাবধায়ক
 সরকার ব্যবস্থা প্রবর্তিত হয়। পরবর্তীকালে পঞ্চদশ সংশোধনীর মাধ্যমে অত্র
 পরিচ্ছেদটি বিলুপ্ত করা হয়েছে। - - - অত্র পরিচ্ছেদটি (অনুচ্ছেদ ৫৮খ হইতে ৫৮ঙ
 পুনর্বহাল করতে হবে। 
 অবাধ, সুষ্ঠু, নিরপেক্ষ, অংশগ্রহণমূলক এবং গ্রহনযোগ্য নির্বাচন নিশ্চিত করতে
 সংবিধানের ত্রয়োদশ সংশোধনী বাতিল করে নির্বাচনকালীন নিরপেক্ষ তত্ত্বাবধায়ক
 সরকার ব্যবস্থা পুনঃপ্রতিষ্ঠা করতে হবে।",জাতীয়তাবাদী সমমনা জোট,,Amendment,Yes,"বিএনপি, বাংলাদেশের সমাজতান্ত্রিক দল (মার্কসবাদী), বাংলাদেশের সমাজতান্ত্রিক পার্টি (বিএসপি), বাংলাদেশের বিপ্লবী কমিউনিস্ট লীগ, বাংলাদেশ লেবার পার্টি, গণঅধিকার পরিষদ (নুর), গণঅধিকার পরিষদ (ফারুক), নাগরিক ঐক্য ও জাতীয় পার্টি (কাজী জাফর)",,,চতুর্থ ভাগ (নির্বাহী বিভাগ)
বিলুপ্ত অনুচ্ছেদ ৫৮ (নির্দলীয় তত্ত্বাবধায়ক সরকার: অনুচ্ছেদ ৫৮খ হইতে ৫৮ঙ),,"ত্রয়োদশ সংশোধনীতে সংযোজিত অত্র পরিচ্ছেদটির মাধ্যমে নির্দলীয় তত্ত্বাবধায়ক
 সরকার ব্যবস্থা প্রবর্তিত হয়। পরবর্তীকালে পঞ্চদশ সংশোধনীর মাধ্যমে অত্র
 পরিচ্ছেদটি বিলুপ্ত করা হয়েছে। - - - অত্র পরিচ্ছেদটি (অনুচ্ছেদ ৫৮খ হইতে ৫৮ঙ
 পুনর্বহাল করতে হবে। 
 অবাধ, সুষ্ঠু, নিরপেক্ষ, অংশগ্রহণমূলক এবং গ্রহনযোগ্য নির্বাচন নিশ্চিত করতে
 সংবিধানের ত্রয়োদশ সংশোধনী বাতিল করে নির্বাচনকালীন নিরপেক্ষ তত্ত্বাবধায়ক
 সরকার ব্যবস্থা পুনঃপ্রতিষ্ঠা করতে হবে।",বাংলাদেশ লেবার পার্টি,,Amendment,Yes,"বিএনপি, বাংলাদেশের সমাজতান্ত্রিক দল (মার্কসবাদী), বাংলাদেশের সমাজতান্ত্রিক পার্টি (বিএসপি), বাংলাদেশের বিপ্লবী কমিউনিস্ট লীগ, জাতীয়তাবাদী সমমনা জোট, গণঅধিকার পরিষদ (নুর), গণঅধিকার পরিষদ (ফারুক), নাগরিক ঐক্য ও জাতীয় পার্টি (কাজী জাফর)",,,চতুর্থ ভাগ (নির্বাহী বিভাগ)
বিলুপ্ত অনুচ্ছেদ ৫৮ (নির্দলীয় তত্ত্বাবধায়ক সরকার: অনুচ্ছেদ ৫৮খ হইতে ৫৮ঙ),,"ত্রয়োদশ সংশোধনীতে সংযোজিত অত্র পরিচ্ছেদটির মাধ্যমে নির্দলীয় তত্ত্বাবধায়ক
 সরকার ব্যবস্থা প্রবর্তিত হয়। পরবর্তীকালে পঞ্চদশ সংশোধনীর মাধ্যমে অত্র
 পরিচ্ছেদটি বিলুপ্ত করা হয়েছে। - - - অত্র পরিচ্ছেদটি (অনুচ্ছেদ ৫৮খ হইতে ৫৮ঙ
 পুনর্বহাল করতে হবে। 
 অবাধ, সুষ্ঠু, নিরপেক্ষ, অংশগ্রহণমূলক এবং গ্রহনযোগ্য নির্বাচন নিশ্চিত করতে
 সংবিধানের ত্রয়োদশ সংশোধনী বাতিল করে নির্বাচনকালীন নিরপেক্ষ তত্ত্বাবধায়ক
 সরকার ব্যবস্থা পুনঃপ্রতিষ্ঠা করতে হবে।",গণঅধিকার পরিষদ (নুর),,Amendment,Yes,"বিএনপি, বাংলাদেশের সমাজতান্ত্রিক দল (মার্কসবাদী), বাংলাদেশের সমাজতান্ত্রিক পার্টি (বিএসপি), বাংলাদেশের বিপ্লবী কমিউনিস্ট লীগ, জাতীয়তাবাদী সমমনা জোট, বাংলাদেশ লেবার পার্টি, গণঅধিকার পরিষদ (ফারুক), নাগরিক ঐক্য ও জাতীয় পার্টি (কাজী জাফর)",,,চতুর্থ ভাগ (নির্বাহী বিভাগ)
বিলুপ্ত অনুচ্ছেদ ৫৮ (নির্দলীয় তত্ত্বাবধায়ক সরকার: অনুচ্ছেদ ৫৮খ হইতে ৫৮ঙ),,"ত্রয়োদশ সংশোধনীতে সংযোজিত অত্র পরিচ্ছেদটির মাধ্যমে নির্দলীয় তত্ত্বাবধায়ক
 সরকার ব্যবস্থা প্রবর্তিত হয়। পরবর্তীকালে পঞ্চদশ সংশোধনীর মাধ্যমে অত্র
 পরিচ্ছেদটি বিলুপ্ত করা হয়েছে। - - - অত্র পরিচ্ছেদটি (অনুচ্ছেদ ৫৮খ হইতে ৫৮ঙ
 পুনর্বহাল করতে হবে। 
 অবাধ, সুষ্ঠু, নিরপেক্ষ, অংশগ্রহণমূলক এবং গ্রহনযোগ্য নির্বাচন নিশ্চিত করতে
 সংবিধানের ত্রয়োদশ সংশোধনী বাতিল করে নির্বাচনকালীন নিরপেক্ষ তত্ত্বাবধায়ক
 সরকার ব্যবস্থা পুনঃপ্রতিষ্ঠা করতে হবে।",গণঅধিকার পরিষদ (ফারুক),,Amendment,Yes,"বিএনপি, বাংলাদেশের সমাজতান্ত্রিক দল (মার্কসবাদী), বাংলাদেশের সমাজতান্ত্রিক পার্টি (বিএসপি), বাংলাদেশের বিপ্লবী কমিউনিস্ট লীগ, জাতীয়তাবাদী সমমনা জোট, বাংলাদেশ লেবার পার্টি, গণঅধিকার পরিষদ (নুর), নাগরিক ঐক্য ও জাতীয় পার্টি (কাজী জাফর)",,,চতুর্থ ভাগ (নির্বাহী বিভাগ)
বিলুপ্ত অনুচ্ছেদ ৫৮ (নির্দলীয় তত্ত্বাবধায়ক সরকার: অনুচ্ছেদ ৫৮খ হইতে ৫৮ঙ),,"ত্রয়োদশ সংশোধনীতে সংযোজিত অত্র পরিচ্ছেদটির মাধ্যমে নির্দলীয় তত্ত্বাবধায়ক
 সরকার ব্যবস্থা প্রবর্তিত হয়। পরবর্তীকালে পঞ্চদশ সংশোধনীর মাধ্যমে অত্র
 পরিচ্ছেদটি বিলুপ্ত করা হয়েছে। - - - অত্র পরিচ্ছেদটি (অনুচ্ছেদ ৫৮খ হইতে ৫৮ঙ
 পুনর্বহাল করতে হবে। 
 অবাধ, সুষ্ঠু, নিরপেক্ষ, অংশগ্রহণমূলক এবং গ্রহনযোগ্য নির্বাচন নিশ্চিত করতে
 সংবিধানের ত্রয়োদশ সংশোধনী বাতিল করে নির্বাচনকালীন নিরপেক্ষ তত্ত্বাবধায়ক
 সরকার ব্যবস্থা পুনঃপ্রতিষ্ঠা করতে হবে।",নাগরিক ঐক্য,,Amendment,Yes,"বিএনপি, বাংলাদেশের সমাজতান্ত্রিক দল (মার্কসবাদী), বাংলাদেশের সমাজতান্ত্রিক পার্টি (বিএসপি), বাংলাদেশের বিপ্লবী কমিউনিস্ট লীগ, জাতীয়তাবাদী সমমনা জোট, বাংলাদেশ লেবার পার্টি, গণঅধিকার পরিষদ (নুর), গণঅধিকার পরিষদ (ফারুক) ও জাতীয় পার্টি (কাজী জাফর)",,,চতুর্থ ভাগ (নির্বাহী বিভাগ)
বিলুপ্ত অনুচ্ছেদ ৫৮ (নির্দলীয় তত্ত্বাবধায়ক সরকার: অনুচ্ছেদ ৫৮খ হইতে ৫৮ঙ),,"ত্রয়োদশ সংশোধনীতে সংযোজিত অত্র পরিচ্ছেদটির মাধ্যমে নির্দলীয় তত্ত্বাবধায়ক
 সরকার ব্যবস্থা প্রবর্তিত হয়। পরবর্তীকালে পঞ্চদশ সংশোধনীর মাধ্যমে অত্র
 পরিচ্ছেদটি বিলুপ্ত করা হয়েছে। - - - অত্র পরিচ্ছেদটি (অনুচ্ছেদ ৫৮খ হইতে ৫৮ঙ
 পুনর্বহাল করতে হবে। 
 অবাধ, সুষ্ঠু, নিরপেক্ষ, অংশগ্রহণমূলক এবং গ্রহনযোগ্য নির্বাচন নিশ্চিত করতে
 সংবিধানের ত্রয়োদশ সংশোধনী বাতিল করে নির্বাচনকালীন নিরপেক্ষ তত্ত্বাবধায়ক
 সরকার ব্যবস্থা পুনঃপ্রতিষ্ঠা করতে হবে।",জাতীয় পার্টি (কাজী জাফর),,Amendment,Yes,"বিএনপি, বাংলাদেশের সমাজতান্ত্রিক দল (মার্কসবাদী), বাংলাদেশের সমাজতান্ত্রিক পার্টি (বিএসপি), বাংলাদেশের বিপ্লবী কমিউনিস্ট লীগ, জাতীয়তাবাদী সমমনা জোট, বাংলাদেশ লেবার পার্টি, গণঅধিকার পরিষদ (নুর), গণঅধিকার পরিষদ (ফারুক) ও নাগরিক ঐক্য",,,চতুর্থ ভাগ (নির্বাহী বিভাগ)
বিলুপ্ত অনুচ্ছেদ ৫৮ (নির্দলীয় তত্ত্বাবধায়ক সরকার: অনুচ্ছেদ ৫৮খ হইতে ৫৮ঙ),,"জাতীয় সংসদে প্রতিনিধিত্বকারী রাজনৈতিক দলসমূহের ঐক্যমতের ভিত্তিতে
 নির্বাচন কালীন সরকার গঠন হবে।",গণঅধিকার পরিষদ (নুর),,Amendment,No,,,,চতুর্থ ভাগ (নির্বাহী বিভাগ)
বিলুপ্ত অনুচ্ছেদ ৫৮ (নির্দলীয় তত্ত্বাবধায়ক সরকার: অনুচ্ছেদ ৫৮খ হইতে ৫৮ঙ),,"বাংলাদেশের বিগত দিনে অনুষ্ঠিত ১২টি নির্বাচনের অভিজ্ঞতার আলোকে একটি অবাধ, সুষ্ঠু, গ্রহণযোগ্য, অংশগ্রহণমূলক নির্বাচনের স্বার্থেনির্বাচনকালীন তদারকি সরকার বা তত্ত্বাবধায়ক সকরারের ব্যবস্থা এবং তত্ত্বাবধায়ক সরকার ৩ মাসের মধ্যে নির্বাচন অনুষ্ঠিত করবে এমন বিধান সংবিধানে যুক্ত করা।",বাংলাদেশের সমাজতান্ত্রিক দল (বাসদ),,Amendment,No,,,,চতুর্থ ভাগ (নির্বাহী বিভাগ)
বিলুপ্ত অনুচ্ছেদ ৫৮ (নির্দলীয় তত্ত্বাবধায়ক সরকার: অনুচ্ছেদ ৫৮খ হইতে ৫৮ঙ),,"সরকারের মেয়াদ শেষ হলে একটি নিরপেক্ষ অ - দলীয় তত্ত্বাবধায়ক সরকার
 গঠন করা হবে যাতে সুষঠু ও মুক্ত নির্বাচন নিশ্চিত করা যায়। রাষ্ট্রপতি প্রধান
 রাজনৈতিক দলগুলোর সাথে পরামর্শ করে তত্ত্বাবধায়ক সরকার গঠন করবেন।
 তত্ত্বাবধায়ক সরকারের ক্ষমতা সীমিত থাকবে, যা শুধুমাত্র নির্বাচন সম্পর্কিত
 কার্যক্রম এবং জনশৃঙ্খলা রক্ষার মধ্যে সীমাবদ্ধ থাকবে, যাতে নির্বাচন প্রক্রিয়ায়
 কোনো প্রকার প্রভাব বা পক্ষপাতিত্ব না হয়।",বাংলাদেশ জাতীয় পার্টি (বিজেপি),,Amendment,No,,,,চতুর্থ ভাগ (নির্বাহী বিভাগ)
বিলুপ্ত অনুচ্ছেদ ৫৮ (নির্দলীয় তত্ত্বাবধায়ক সরকার: অনুচ্ছেদ ৫৮খ হইতে ৫৮ঙ),,"বাংলাদেশে ভোটাধিকার ও গণতন্ত্র প্রতিষ্ঠায় এবং নির্বাচন প্রক্রিয়াকে অংশগ্রহণমূলক, স্বচ্ছ ও গ্রহণযোগ্য করার লক্ষ্যে ‘নির্বাচনকালীন অর্ন্তবর্তী সরকারে'র সাংবিধানিক কাঠামো প্রবর্তন। এক্ষেত্রে সংসদের উচ্চকক্ষ থেকে ‘নির্বাচনকালীন অন্তবর্তী সরকার' গঠনের প্রস্তাব বিবেচনা করা যেতে পারে।",গণসংহতি আন্দোলন,,Amendment,No,,,,চতুর্থ ভাগ (নির্বাহী বিভাগ)
বিলুপ্ত অনুচ্ছেদ ৫৮ (নির্দলীয় তত্ত্বাবধায়ক সরকার: অনুচ্ছেদ ৫৮খ হইতে ৫৮ঙ),,"রাষ্ট্রকে সরকারের নির্বাহী বিভাগের হস্তক্ষেপের বাইরে আনা গেলে তত্ত্বাবধায়ক
 সরকার ব্যবস্থার আর প্রয়োজন হয় না। তবে আগামী দুই নির্বাচন তত্ত্বাবধায়ক
 সরকারের অধীনে হতে পারে",জাতীয় নাগরিক কমিটি,,Amendment,No,,,,চতুর্থ ভাগ (নির্বাহী বিভাগ)
বিলুপ্ত অনুচ্ছেদ ৫৮ (নির্দলীয় তত্ত্বাবধায়ক সরকার: অনুচ্ছেদ ৫৮খ হইতে ৫৮ঙ),,"সংসদ নির্বাচনের নিরপেক্ষতা নিশ্চিত করিতে নির্বাচনকালীন সময়ে একটি তত্ত্বাবধায়ক সরকার রাষ্ট্র পরিচালনার দায়িত্ব পালন করিবেন। নির্বাচন কমিশন নির্বাচনের তারিখ ঘোষণার এক সপ্তাহের মধ্যে সংসদ ভাঙিয়া যাইবে এবং তত্ত্বাবধায়ক সরকার রাষ্ট্র পরিচালনার দায়িত্বভার গ্রহণ করিবেন। নির্বাচনের তারিখ ঘোষণার পূর্বে সরকার দলীয় প্রধান, বিরোধী দলীয় প্রধান ও প্রধান বিচারপ্রতি এই তিনজন মিলিত হইয়া একজন তত্ত্বাবধায়ক সরকার প্রধান নির্বাচিত করিবেন। যদি এই তিনজনের কমিটি তত্ত্বাবধায়ক সরকার প্রধান বিষয়ে ঐক্যমত্যে পৌঁছাইতে ব্যর্থহয় তখন সেই সময়ের অব্যবহিত পূর্বে অবসরপ্রাপ্ত প্রধান বিচারপতি তত্ত্বাবধায়ক সরকার প্রধান হিসাবে দায়িত্বপ্রাপ্ত হইবেন। তত্ত্বাবধায়ক সরকার প্রধান অন্তর্বর্তীকালীন মন্ত্রিপরিষদকে নিয়োগ প্রদান করিবেন, এবং তাহাদের সহযোগিতার অন্তর্বর্তীকালীন সরকার পরিচালনা করিবেন এবং নির্বাচন কমিশনকে নির্বাচন। পরিচালনায় সহায়তা করিবেন। নির্বাচন কমিশন নির্বাচনের ফলাফল ঘোষণার এক দিনের মধ্যে নির্বাচিত প্রধানমন্ত্রী শপথ গ্রহণ করিবেন এবং সরকারের দায়িত্বভার গ্রহণ করিবেন।",রাষ্ট্র সংস্কার আন্দোলন,,Amendment,No,,,,চতুর্থ ভাগ (নির্বাহী বিভাগ)
বিলুপ্ত অনুচ্ছেদ ৫৮ (নির্দলীয় তত্ত্বাবধায়ক সরকার: অনুচ্ছেদ ৫৮খ হইতে ৫৮ঙ),,"ভোটাধিকার নিশ্চিত অবাধ ও নিরপেক্ষ নির্বাচন অনুষ্ঠানে প্রাতিষ্ঠানিক উন্নয়ন ও
 দেশের রাজনৈতিক সংস্কৃতির গুণগত উত্তরণ না হওয়া পর্যন্ত নির্বাচনকালীন দল
 নিরপেক্ষ তদারকি সরকার ব্যবস্থা অব্যাহত থাকবে।",বাংলাদেশের বিপ্লবী ওয়ার্কার্স পার্টি,,Amendment,No,,,,চতুর্থ ভাগ (নির্বাহী বিভাগ)
বিলুপ্ত অনুচ্ছেদ ৫৮ (নির্দলীয় তত্ত্বাবধায়ক সরকার: অনুচ্ছেদ ৫৮খ হইতে ৫৮ঙ),,"জাতীয় সংসদের ""উচ্চকক্ষ” থেকে নির্বাচিত নির্দলীয় বা অদলীয় সদস্যের মধ্য
 থেকে রাষ্ট্রপতি নির্বাচনকালীন সরকার গঠন করবেন।",জাতীয় সমাজতান্ত্রিক দল (জেএসডি),,Amendment,No,,,,চতুর্থ ভাগ (নির্বাহী বিভাগ)
বিলুপ্ত অনুচ্ছেদ ৫৮ (নির্দলীয় তত্ত্বাবধায়ক সরকার: অনুচ্ছেদ ৫৮খ হইতে ৫৮ঙ),,নির্বাচনকালীন সরকারের মেয়াদ হবে ৪ মাস।,গণঅধিকার পরিষদ (নুর),,Amendment,No,,,,চতুর্থ ভাগ (নির্বাহী বিভাগ)
বিলুপ্ত অনুচ্ছেদ ৫৮ (নির্দলীয় তত্ত্বাবধায়ক সরকার: অনুচ্ছেদ ৫৮খ হইতে ৫৮ঙ),,"নির্বাচনকালীন সরকার' - এর অধীনে জাতীয় সংসদ, প্রাদেশিক পরিষদ,
 জেলা পরিষদ, উপজেলা পরিষদ, ইউনিয়ন পরিষদ, পৌরসভা ও সিটি
 করপোরেশনসমূহের নির্বাচন অনুষ্ঠিত হবে।",জাতীয় সমাজতান্ত্রিক দল (জেএসডি),,Amendment,No,,,,চতুর্থ ভাগ (নির্বাহী বিভাগ)
বিলুপ্ত অনুচ্ছেদ ৫৮ (নির্দলীয় তত্ত্বাবধায়ক সরকার: অনুচ্ছেদ ৫৮খ হইতে ৫৮ঙ),,২ক পরিষদ হিসাবে ত্রয়োদশ সংশোধনীর মাধমে যে অনুচ্ছেদ সন্নিবেশিত হয়েছিল এর স্থলে নির্বাচনকালীন নির্দলীয় তদারকি সরকার লেখা ও তার কাজ সনির্দিষ্ট করা সংশোধনীসহ পুনরায় স্থাপিত হইবে।,বাংলাদেশের কমিউনিস্ট পার্টি,,Amendment,No,,,,চতুর্থ ভাগ (নির্বাহী বিভাগ)
বিলুপ্ত অনুচ্ছেদ ৫৮ (নির্দলীয় তত্ত্বাবধায়ক সরকার: অনুচ্ছেদ ৫৮খ হইতে ৫৮ঙ),,৫৮(১): নির্বাচনকালীন সরকারঃ অবসান বা অন্য কোন কারণে সংসদ ভেঙ্গে গেলে পরবর্তী ৯০ দিনের জন্য একটি নির্দলীয় সরকার গঠিত হবে। নির্দলীয় সরকারের প্রধান হবেন একজন জাতীয় ব্যক্তিত্ব। তিনি সরকারী দল ও বিরোধী দলের ঐক্যমতে নিয়োগ প্রাপ্ত হবেন । তিনি প্রধান উপদেষ্টা নামে পরিচিত হবেন । তিনি একটি ছোট উপদেষ্টা পরিষদের মাধ্যমে রাষ্ট্রের রুটিন কাজ করবেন এবং নির্বাচন অনুষ্ঠানের সার্বিক সহযোগীতা করবেন।,খেলাফত মজলিস,,Amendment,No,,,,চতুর্থ ভাগ (নির্বাহী বিভাগ)
বিলুপ্ত অনুচ্ছেদ ৫৮ (নির্দলীয় তত্ত্বাবধায়ক সরকার: অনুচ্ছেদ ৫৮খ হইতে ৫৮ঙ),,তত্ত্বাবধায়ক সরকার ব্যবস্থা বাতিল,বাংলাদেশ মুসলিম লীগ,,Amendment,No,,,,চতুর্থ ভাগ (নির্বাহী বিভাগ)
অনুচ্ছেদ ৫৯ (স্থানীয় শাসন),"৫৯। (১) আইনানুযায়ী নির্বাচিত ব্যক্তিদের
 সমন্বয়ে গঠিত প্রতিষ্ঠানসমূহের উপর প্রজাতন্ত্রের
 প্রত্যেক প্রশাসনিক এককাংশের স্থানীয় শাসনের
 ভার প্রদান করা হইবে।
 (২) এই সংবিধান ও অন্য কোন আইন - সাপেক্ষে
 সংসদ আইনের দ্বারা যেরূপ নির্দিষ্ট করিবেন, এই
 অনুচ্ছেদের (১) দফায় উল্লিখিত অনুরূপ প্রত্যেক
 প্রতিষ্ঠান যথোপযুক্ত প্রশাসনিক এককাংশের মধ্যে
 সেইরূপ দায়িত্ব পালন করিবেন এবং অনুরূপ
 আইনে নিম্নলিখিত বিষয় সংক্রান্ত দায়িত্ব অন্তর্ভুক্ত
 হইতে পারিবে:
 (ক) প্রশাসন ও সরকারী কর্মচারীদের কার্য;
 (খ) জনশৃংখলা রক্ষা;
 (গ) জনসাধারণের কার্য ও অর্থনৈতিক উন্নয়নসম্পর্কিত পরিকল্পনা প্রণয়ন ও বাস্তবায়ন।",উক্ত অনুচ্ছেদ সমূহের কিছু সংশোধনী/সংযোজিত পরবর্তীতে প্রস্তাব করা হবে।,বাংলাদেশ জাতীয়তাবাদী দল (বিএনপি),,Amendment,No,,,"৬.২ স্থানীয় সরকার প্রতিষ্ঠান

কমিশন দক্ষ এবং কার্যকর স্থানীয় সরকার নিশ্চিত করতে, সকল স্তরের এলজিআই সংবিধানে উল্লেখ থাকার সুপারিশ করছে। বিদ্যমান স্থানীয় সরকার ব্যবস্থার সাথে সামঞ্জস্য রেখে, প্রাথমিকভাবে নিম্নলিখিত এলজিআই থাকবে-

(অ) বাংলাদেশের প্রতিটি ইউনিয়নে একটি ইউনিয়ন পরিষদ;
(আ) বাংলাদেশের প্রতিটি উপজেলায় একটি উপজেলা পরিষদ;
(ই) পৌরসভা; এবং
(ঈ) সিটি কর্পোরেশন।

৬.৩ জেলা সমন্বয় কাউন্সিল

কমিশন প্রতিটি জেলায়, একটি ‘জেলা সমন্বয় কাউন্সিল' প্রতিষ্ঠার সুপারিশ করছে যা সেই জেলার মধ্যে সকল এলজিআই-এর জন্য একটি সমন্বয় এবং যৌথ কার্য সম্পাদনকারী সংস্থা হিসাবে কাজ করবে। সিটি কর্পোরেশন ‘জেলা সমন্বয় কাউন্সিল' এর অংশ হবে না, কেননা অনুরূপ উদ্দেশ্যে তাদের নিজস্ব সমন্বয় কাউন্সিল থাকবে। ‘জেলা সমন্বয় কাউন্সিল' এর কাঠামো, দায়িত্ব এবং কাজের পরিধি প্রসঙ্গে কমিশন নিম্নোক্ত বিষয়গুলো সুপারিশ করছে -

৬.৩.১ ‘জেলা সমন্বয় কাউন্সিল' একটি নির্দিষ্ট জেলার মধ্যে সকল এলজিআই-এর নিম্নলিখিত নির্বাচিত প্রতিনিধিদের নিয়ে গঠিত
হবে -

(অ) প্রতিটি উপজেলা পরিষদ থেকে নির্বাচিত চেয়ারম্যান ও দুজন ভাইস চেয়ারম্যান
(আ) প্রতিটি পৌরসভা থেকে নির্বাচিত মেয়র ও দুজন ডেপুটি মেয়র প্রতিটি ইউনিয়ন পরিষদ থেকে নির্বাচিত চেয়ারম্যান।

‘জেলা সমন্বয় কাউন্সিল' এর সদস্যরা নিজেদের মধ্য থেকে চারজন ব্যক্তিকে নির্বাচন করবেন, যারা প্রত্যেকে এক বছর মেয়াদে
কাউন্সিলের সভায় পর্যায়ক্রমে সভাপতিত্ব করবেন।

৬.৩.২ _ প্রতিটি সিটি কর্পোরেশনের একটি ‘সিটি কর্পোরেশন সমন্বয় কাউন্সিল' থাকবে যা মেয়র, ডেপুটি মেয়র ও সকল কাউন্সিলরদের সমন্বয়ে গঠিত হবে।
৬.৩.৩ জেলা সমন্বয় কাউন্সিলের নিম্নলিখিত কার্যাবলী থাকবে-

(অ) সমগ্র জেলা বা জেলার মধ্যে একাধিক এলজিআই-এর সঙ্গে সংশ্লিষ্ট এমন উন্নয়ন পরিকল্পনার সমন্বয় করা এবং এই ধরনের পরিকল্পনা বাস্তবায়নের সাথে সংযুক্ত প্রতিটি এলজিআই থেকে তহবিল বরাদ্দের সমন্বয় করা।

(আ) জেলার অন্তর্গত প্রতিটি এলজিআই-এর বাজেট প্রণয়নে সহায়তা ও তহবিল সংগ্রহে পারস্পরিক সহযোগিতা করা।
(ই) রাষ্ট্রপতি নির্বাচনের জন্য উপরোল্লিখিত ৩.২.১ এ বর্ণিত পদ্ধতিতে নির্বাচক মন্ডলী (ইলেক্টোরাল কলেজ) এর অংশ হিসেবে ভোট প্রদান করা।

(ঈ) আইন দ্বারা নির্ধারিত অন্য সকল কার্য সম্পাদন করা।

৬.৪ নির্বাচন

(অ) কমিশন স্থানীর সরকারের কোনো প্রতিষ্ঠানের নির্বাচনে কোনো প্রার্থীকে নির্বাচন কমিশন কর্তৃক নিবন্ধিত রাজনৈতিক দলের জন্য সংরক্ষিত প্রতীক বরাদ্দ না করার সুপারিশ করছে।
(আ) কমিশন এলজিআই-এর সকল নির্বাচন নির্বাচন কমিশনের সরাসরি তত্ত্বাবধানে অনুষ্ঠানের সুপারিশ করছে।

৬.৫ স্থানীয় সরকার কমিশন

৬.৫.১ কমিশন একটি স্থানীয় সরকার কমিশন প্রতিষ্ঠার সুপারিশ করছে যা একজন প্রধান স্থানীয় সরকার কমিশনার এবং ৪ (চার) জন কমিশনার নিয়ে গঠিত হবে।

৬.৫.২ কমিশন সুপারিশ করছে যে,

(অ) স্থানীয় সরকার কমিশন সকল এলজিআই তত্ত্বাবধান করবে এবং তাদের সক্ষমতা বৃদ্ধি ও সুশাসনের জন্য প্রয়োজনীয় পরামর্শ দেবে।

(আ) স্থানীয় সরকার কমিশনের কাছে অসদাচরণের অভিযোগ তদন্ত করার ক্ষমতা থাকবে এবং প্রমাণিত হলে, সংশ্লিষ্ট ব্যক্তির বিরূদ্ধে স্থগিতাদেশ বা অপসারণসহ যেকোনো আইনানুগ ব্যবস্থা নিতে পারবে।

সংবিধান সংস্কার কমিশন

ই) এলজিআই সমূহের মধ্যে, কিংবা এলজিআই বা কোনো সরকারি বিভাগ কর্তৃক একে ওপরের বিরুদ্ধে অসহযোগিতাসহ অন্য যে কোনো অভিযোগ করলে, স্থানীয় সরকার কমিশনের উভয় পক্ষের বক্তব্য বিবেচনা করে প্রয়োজনীয় নির্দেশনা দেওয়ার ক্ষমতা থাকবে যা উভয় পক্ষের জন্য বাধ্যতামূলক হবে।",চতুর্থ ভাগ (নির্বাহী বিভাগ)
অনুচ্ছেদ ৫৯ (স্থানীয় শাসন),,"বাংলাদেশের সংবিধানের ৫৯ এবং ৬০ অনুচ্ছেদে স্থানীয় সরকার কিভাবে গঠিত
 হবে এবং স্থানীয় সরকারের কাজের পরিধি সম্পর্কেবলা হয়েছে, কিন্তু কোথাও
 বলা নাই যে, জন - সেবা এবং জন - প্রশাসন সম্পর্কিত সমস্ত কর্মকান্ড একমাত্র
 স্থানীয় সরকার দ্বারাই পরিচালিত হবে এবং (একটি নির্দিষ্ট সময়ের মধ্যে) স্থানীয়
 সরকারের হাতে সমস্ত ক্ষমতা হস্তান্তর করা হবে।",নাগরিক ঐক্য,,Amendment,No,,,,চতুর্থ ভাগ (নির্বাহী বিভাগ)
অনুচ্ছেদ ৫৯ (স্থানীয় শাসন),,"৫৯ ১. “... স্থানীয় শাসনের” পরে ‘পরিপূর্ণ’ শব্দটি যুক্ত হবে। ‘স্থানীয় সরকার’
 হতে পারে।",বাংলাদেশের কমিউনিস্ট পার্টি,,Amendment,No,,,,চতুর্থ ভাগ (নির্বাহী বিভাগ)
অনুচ্ছেদ ৫৯ (স্থানীয় শাসন),,স্বশাসিত স্থানীয় সরকার ব্যবস্থা প্রবর্তন করতে হবে।,জাতীয় সমাজতান্ত্রিক দল (জেএসডি),,Amendment,No,,,,চতুর্থ ভাগ (নির্বাহী বিভাগ)
অনুচ্ছেদ ৫৯ (স্থানীয় শাসন),,"উপজেলা ব্যবস্থাকে' নির্বাচিত ও কার্যকর 'স্ব - শাসিত স্থানীয় সরকার' ব্যবস্থায় রূপ
 দিতে হবে।",জাতীয় সমাজতান্ত্রিক দল (জেএসডি),,Amendment,No,,,,চতুর্থ ভাগ (নির্বাহী বিভাগ)
অনুচ্ছেদ ৫৯ (স্থানীয় শাসন),,উচ্চকক্ষে উপজেলা ও মেট্রোপলিটন গভর্নমেন্টের প্রতিনিধিত্ব থাকবে।,জাতীয় সমাজতান্ত্রিক দল (জেএসডি),,Amendment,No,,,,চতুর্থ ভাগ (নির্বাহী বিভাগ)
অনুচ্ছেদ ৫৯ (স্থানীয় শাসন),,মহানগর ‘মেট্রোপলিটন গভর্নমেন্ট' ব্যবস্থা থাকবে। 'মেট্রোপলিটন গভর্নমেন্ট' কেন্দ্রীয় ফেডারেল সরকারের অধীনে থাকবে।,জাতীয় সমাজতান্ত্রিক দল (জেএসডি),,Amendment,No,,,,চতুর্থ ভাগ (নির্বাহী বিভাগ)
অনুচ্ছেদ ৫৯ (স্থানীয় শাসন),,বাচিত উপজেলা পরিষদ এবং মহানগর ‘মেট্রোপলিটন গভর্নমেন্টে' শ্রম - কর্মপেশার জনগণের প্রতিনিধিত্ব থাকবে।,জাতীয় সমাজতান্ত্রিক দল (জেএসডি),,Amendment,No,,,,চতুর্থ ভাগ (নির্বাহী বিভাগ)
অনুচ্ছেদ ৫৯ (স্থানীয় শাসন),,সংবিধানে ঘোষিত স্থানীয় শাসনকে স্থানীয় সরকার হিসাবে অভিহিত করা। স্থানীয় সরকার যেন স্বাধীনভাবে কাজ করতে পারে সেজন্য সংবিধানের ৫৯ ও ৬০ অনুচ্ছেদ সংশোধন করা। সংসদ সদস্যদের স্থানীয় সরকারের কর্মকাণ্ডের উপর সকল ধরনের হস্তক্ষেপ বন্ধ করার বিধান যুক্ত করা।,বাংলাদেশের সমাজতান্ত্রিক দল (মার্কসবাদী),,Amendment,Yes,বাংলাদেশের বিপ্লবী কমিউনিস্ট লীগ,,,চতুর্থ ভাগ (নির্বাহী বিভাগ)
অনুচ্ছেদ ৫৯ (স্থানীয় শাসন),,সংবিধানে ঘোষিত স্থানীয় শাসনকে স্থানীয় সরকার হিসাবে অভিহিত করা। স্থানীয় সরকার যেন স্বাধীনভাবে কাজ করতে পারে সেজন্য সংবিধানের ৫৯ ও ৬০ অনুচ্ছেদ সংশোধন করা। সংসদ সদস্যদের স্থানীয় সরকারের কর্মকাণ্ডের উপর সকল ধরনের হস্তক্ষেপ বন্ধ করার বিধান যুক্ত করা।,বাংলাদেশের বিপ্লবী কমিউনিস্ট লীগ,,Amendment,Yes,বাংলাদেশের সমাজতান্ত্রিক দল (মার্কসবাদী),,,চতুর্থ ভাগ (নির্বাহী বিভাগ)
অনুচ্ছেদ ৫৯ (স্থানীয় শাসন),,"কেন্দ্রীয় সরকারের ক্ষমতা বিকেন্দ্রীকরণ দ্বারা স্থানীয় সরকারকে আরও বেশি
 ক্ষমতা, সম্পদ এবং দায়িত্ব প্রদান করতে হবে।",জাতীয়তাবাদী সমমনা জোট,,Amendment,No,,,,চতুর্থ ভাগ (নির্বাহী বিভাগ)
অনুচ্ছেদ ৫৯ (স্থানীয় শাসন),,স্থানীয় সরকার নির্বাচনে দলীয় প্রতীক না থাকার বিধান রাখতে হবে,জাতীয় পার্টি (কাজী জাফর),,Amendment,No,,,,চতুর্থ ভাগ (নির্বাহী বিভাগ)
অনুচ্ছেদ ৫৯ (স্থানীয় শাসন),,"কেন্দ্রীয় সরকারের নিয়ন্ত্রণ ছাড়াই সুনির্দিষ্ট আর্থিক সীমা পর্যন্ত জনহিতকর
 কর্মপরিধি সম্পাদনে স্থানীয় সরকারকে ক্ষমতা প্রদান করতে হবে।",জাতীয়তাবাদী গণতান্ত্রিক আন্দোলন (এনডিএম),,Amendment,No,,,,চতুর্থ ভাগ (নির্বাহী বিভাগ)
অনুচ্ছেদ ৫৯ (স্থানীয় শাসন),,"স্থানীয় শাসনের বদলে শক্তিশালী স্থানীয় সরকার প্রতিষ্ঠা। স্থানীয় সরকারের
 প্রতিনিধিকে নাগরিকরা ৩০% অনাস্থায় ভোটে প্রত্যাহার করতে পারবে। পুলিশ
 বা অন্যান্য নিরাপত্তা রক্ষীর দায়িত্ব স্থানীয় সরকারের কাছে থাকবে। উন্নয়ন
 পরিকল্পনা গ্রহণের দায়িত্ব ও ক্ষমতা স্থানীয় সরকারের হাতে থাকবে। উন্নয়ন
 পরিকল্পনা বাস্তবায়নের দায়িত্ব স্থানীয় সরকারের উপর একক বা সমন্বিতভাবে
 থাকবে। শিক্ষা, স্বাস্থ্য ও নাগরিক সেবা এবং বাজেট প্রণয়ন, কর সংগ্রহ ও
 সংরক্ষণের ক্ষমতা স্থানীয় সরকারের হাতে নিশ্চিত করতে হবে। উত্তোলিত কর
 স্থানীয় ও কেন্দ্রীয় সরকারের ভেতরে বন্টনের সুনির্দিষ্ট আইন তৈরি করতে হবে।",গণসংহতি আন্দোলন,,Amendment,No,,,,চতুর্থ ভাগ (নির্বাহী বিভাগ)
অনুচ্ছেদ ৫৯ (স্থানীয় শাসন),,"স্থানীয় সরকার:
 (১) রাষ্ট্রের সেবা এবং জবাবদিহিতা জনমানুষের কাছাকাছি লইয়া আসিবার জন্যে
 স্বশাসিত এবং স্বচ্ছল স্থানীয় সরকার ব্যবস্থা বাস্তবায়ন করিতে হইবে। স্থানীয়
 সরকারই হইবে রাষ্ট্রীয় কর্মকাণ্ডের কেন্দ্রবিন্দু। কেন্দ্রের কোনরকম হস্তক্ষেপ
 ব্যতীত স্বাধীনভাবে স্থানীয় সরকার তার কর্মকাণ্ড পরিচালনা করিবে।
 (২) প্রতিটি জেলাতে জেলা সরকার হইবে স্থানীয় সরকারের সর্বোচ্চ অংশ
 কেন্দ্রের সাথে যাহার কোনো জবাবদিহিতার বন্দোবস্ত থাকিবে না। জেলা সরকার
 ছাড়াও জেলাতে উপজেলা পরিষদ এবং ইউনিয়ন পরিষদ থাকিবে।
 (৩) জেলা সরকার, উপজেলা পরিষদ এবং ইউনিয়ন পরিষদ নির্বাচিত প্রতিনিধি
 দ্বারা পরিচালিত হইবে। রাষ্ট্রীয় কাজ সম্পাদনের ক্ষমতা এবং দায়িত্ব এই তিন
 স্তরের ভিতর ভাগ করিয়া দেয়া হইবে। নির্বাচিত সরকার জেলার সার্বিক কার্যক্রম
 পরিকল্পনা, পরিচালনা এবং তদারকি করিবে।
 (৪) স্থানীয় সরকারের প্রতিটি ধাপের প্রশাসনিক কার্য সম্পাদনের জন্য
 জেলাভিত্তিক প্রশাসনিক ক্যাডার গড়ে তোলা হইবে। প্রাথমিক পর্যায়ে কেন্দ্রীয়
 প্রশাসনিক ক্যাডারদের পু
 নর্নিয়োগ দিয়ে জেলা ক্যাডার গঠন করা হইবে।
 (৫) প্রতিবছর কেন্দ্রীয় বাজেট প্রক্রিয়ার শুরুতে রাষ্ট্রীয় আয়ের হিসাব নিয়ে
 ন্যূনতম তিরিশ ভাগ হইতে পঞ্চাশ ভাগ পর্যন্ত আয় স্থানীয় সরকারের মধ্যে
 বণ্টন করে দেয়া হইবে। এই বন্টন এর হিসাব নির্ভর করিবে জেলার জনসংখ্যা,
 সামাজিক ন্যায়বিচারের ভাবনা ও জেলার বাজেট ব্যবহারের দক্ষতার মাপকাঠিতে।
 (৬) পুলিশ প্রশাসন স্থানীয় সরকারের কাছেই কেবল জবাবদিহি করবে।
 (৭) প্রতিরক্ষা, পররাষ্ট্র, অর্থ, পরিকল্পনা ও বৃহ ৎ অবকাঠামো ব্যতিত সকল
 মন্ত্রণালয় স্থানীয় সরকারের হাতে ন্যস্ত হইবে।",রাষ্ট্র সংস্কার আন্দোলন,,Amendment,No,,,,চতুর্থ ভাগ (নির্বাহী বিভাগ)
অনুচ্ছেদ ৫৯ (স্থানীয় শাসন),,"৫৯ঃ স্থানীয় শাসন—
 ২) কার্যাবলী ও দায়িত্ব
 ক) স্থানীয় প্রশাসন পরিচালনা
 খ) জনশৃঙ্খলা রক্ষা;
 গ) অর্থনৈতিক উন্নয়ন সম্পর্কিত পরিকল্পনা প্রণয়ন ও বাস্তবায়ন
 ঘ) জনগণের স্বাস্থ্য সম্পর্কিত যাবতীয় বিষয় তত্ত্বাবধান
 ঙ) প্রাথমিক শিক্ষা ও মাধ্যমিক শিক্ষার তত্ত্বাবধান
 চ) বাজেট প্রণয়ন ও স্থানীয় কর ধার্যকরন।
 ছ) পরিবেশ সংরক্ষণ",খেলাফত আন্দোলন,,Amendment,No,,,,চতুর্থ ভাগ (নির্বাহী বিভাগ)
অনুচ্ছেদ ৫৯ (স্থানীয় শাসন),,"স্থানীয় শাসন নয়, আইনসভার প্রভাবমুক্ত স্থানীয় সরকার ব্যবস্থা প্রয়োজন। দলীয় প্রতীকে নির্বাচন আয়োজন বন্ধ করতে হবে। সংসদ সদস্যরা স্রেফ আইন প্রণয়ন করবেন। স্থানীয় উন্নয়ন কর্মকাণ্ড স্থানীয় জনপ্রতিনিধিরা করবেন। সকল স্থানীয় নির্বাচনে অনুর্ধ্ব ৩০ বছর বয়সীদের জন্য নতুন পদ সৃষ্টি করে তাদেরকে নির্বাচনে প্রতিযোগীতা করার ব্যবস্থা করে দিতে হবে।",জাতীয় নাগরিক কমিটি,,Amendment,No,,,,চতুর্থ ভাগ (নির্বাহী বিভাগ)
"অনুচ্ছেদ
 ৬০ (স্থানীয়
 শাসন - সংক্রান্ত
 প্রতিষ্ঠানেের
 ক্ষমতা)","৬০। এই সংবিধানের ৫৯ অনুচ্ছেদের
 বিধানাবলীকে পূর্ণ কার্যকরতাদানের উদ্দেশ্যে সংসদ
 আইনের দ্বারা উক্ত অনুচ্ছেদে উল্লিখিত স্থানীয়
 শাসন সংক্রান্ত প্রতিষ্ঠানসমূহকে স্থানীয় প্রয়োজনে
 কর আরোপ করিবার ক্ষমতাসহ বাজেট প্রস্তুতকরণ
 ও নিজস্ব তহবিল রক্ষণাবেক্ষণের ক্ষমতা প্রদান
 করিবেন।]",৬০. অনুচ্ছেদে “স্থানীয় প্রয়োজনে” শব্দগুলোর পর “জাতীয় বাজেটের সংবিধিবদ্ধভাবে নির্দিষ্টকৃত একটি অংশ বরাদ্দ করিবে এবং এই সব সংস্থাকে স্থানীয়ভাবে অবস্থা অনযায়ী” - এই শব্দগুলো যুক্ত হবে।,বাংলাদেশের কমিউনিস্ট পার্টি,,Amendment,No,,,"৬.২ স্থানীয় সরকার প্রতিষ্ঠান

কমিশন দক্ষ এবং কার্যকর স্থানীয় সরকার নিশ্চিত করতে, সকল স্তরের এলজিআই সংবিধানে উল্লেখ থাকার সুপারিশ করছে। বিদ্যমান স্থানীয় সরকার ব্যবস্থার সাথে সামঞ্জস্য রেখে, প্রাথমিকভাবে নিম্নলিখিত এলজিআই থাকবে-

(অ) বাংলাদেশের প্রতিটি ইউনিয়নে একটি ইউনিয়ন পরিষদ;
(আ) বাংলাদেশের প্রতিটি উপজেলায় একটি উপজেলা পরিষদ;
(ই) পৌরসভা; এবং
(ঈ) সিটি কর্পোরেশন।

৬.৩ জেলা সমন্বয় কাউন্সিল

কমিশন প্রতিটি জেলায়, একটি ‘জেলা সমন্বয় কাউন্সিল' প্রতিষ্ঠার সুপারিশ করছে যা সেই জেলার মধ্যে সকল এলজিআই-এর জন্য একটি সমন্বয় এবং যৌথ কার্য সম্পাদনকারী সংস্থা হিসাবে কাজ করবে। সিটি কর্পোরেশন ‘জেলা সমন্বয় কাউন্সিল' এর অংশ হবে না, কেননা অনুরূপ উদ্দেশ্যে তাদের নিজস্ব সমন্বয় কাউন্সিল থাকবে। ‘জেলা সমন্বয় কাউন্সিল' এর কাঠামো, দায়িত্ব এবং কাজের পরিধি প্রসঙ্গে কমিশন নিম্নোক্ত বিষয়গুলো সুপারিশ করছে -

৬.৩.১ ‘জেলা সমন্বয় কাউন্সিল' একটি নির্দিষ্ট জেলার মধ্যে সকল এলজিআই-এর নিম্নলিখিত নির্বাচিত প্রতিনিধিদের নিয়ে গঠিত
হবে -

(অ) প্রতিটি উপজেলা পরিষদ থেকে নির্বাচিত চেয়ারম্যান ও দুজন ভাইস চেয়ারম্যান
(আ) প্রতিটি পৌরসভা থেকে নির্বাচিত মেয়র ও দুজন ডেপুটি মেয়র প্রতিটি ইউনিয়ন পরিষদ থেকে নির্বাচিত চেয়ারম্যান।

‘জেলা সমন্বয় কাউন্সিল' এর সদস্যরা নিজেদের মধ্য থেকে চারজন ব্যক্তিকে নির্বাচন করবেন, যারা প্রত্যেকে এক বছর মেয়াদে
কাউন্সিলের সভায় পর্যায়ক্রমে সভাপতিত্ব করবেন।

৬.৩.২ _ প্রতিটি সিটি কর্পোরেশনের একটি ‘সিটি কর্পোরেশন সমন্বয় কাউন্সিল' থাকবে যা মেয়র, ডেপুটি মেয়র ও সকল কাউন্সিলরদের সমন্বয়ে গঠিত হবে।
৬.৩.৩ জেলা সমন্বয় কাউন্সিলের নিম্নলিখিত কার্যাবলী থাকবে-

(অ) সমগ্র জেলা বা জেলার মধ্যে একাধিক এলজিআই-এর সঙ্গে সংশ্লিষ্ট এমন উন্নয়ন পরিকল্পনার সমন্বয় করা এবং এই ধরনের পরিকল্পনা বাস্তবায়নের সাথে সংযুক্ত প্রতিটি এলজিআই থেকে তহবিল বরাদ্দের সমন্বয় করা।

(আ) জেলার অন্তর্গত প্রতিটি এলজিআই-এর বাজেট প্রণয়নে সহায়তা ও তহবিল সংগ্রহে পারস্পরিক সহযোগিতা করা।
(ই) রাষ্ট্রপতি নির্বাচনের জন্য উপরোল্লিখিত ৩.২.১ এ বর্ণিত পদ্ধতিতে নির্বাচক মন্ডলী (ইলেক্টোরাল কলেজ) এর অংশ হিসেবে ভোট প্রদান করা।

(ঈ) আইন দ্বারা নির্ধারিত অন্য সকল কার্য সম্পাদন করা।

৬.৪ নির্বাচন

(অ) কমিশন স্থানীর সরকারের কোনো প্রতিষ্ঠানের নির্বাচনে কোনো প্রার্থীকে নির্বাচন কমিশন কর্তৃক নিবন্ধিত রাজনৈতিক দলের জন্য সংরক্ষিত প্রতীক বরাদ্দ না করার সুপারিশ করছে।
(আ) কমিশন এলজিআই-এর সকল নির্বাচন নির্বাচন কমিশনের সরাসরি তত্ত্বাবধানে অনুষ্ঠানের সুপারিশ করছে।

৬.৫ স্থানীয় সরকার কমিশন

৬.৫.১ কমিশন একটি স্থানীয় সরকার কমিশন প্রতিষ্ঠার সুপারিশ করছে যা একজন প্রধান স্থানীয় সরকার কমিশনার এবং ৪ (চার) জন কমিশনার নিয়ে গঠিত হবে।

৬.৫.২ কমিশন সুপারিশ করছে যে,

(অ) স্থানীয় সরকার কমিশন সকল এলজিআই তত্ত্বাবধান করবে এবং তাদের সক্ষমতা বৃদ্ধি ও সুশাসনের জন্য প্রয়োজনীয় পরামর্শ দেবে।

(আ) স্থানীয় সরকার কমিশনের কাছে অসদাচরণের অভিযোগ তদন্ত করার ক্ষমতা থাকবে এবং প্রমাণিত হলে, সংশ্লিষ্ট ব্যক্তির বিরূদ্ধে স্থগিতাদেশ বা অপসারণসহ যেকোনো আইনানুগ ব্যবস্থা নিতে পারবে।

সংবিধান সংস্কার কমিশন

ই) এলজিআই সমূহের মধ্যে, কিংবা এলজিআই বা কোনো সরকারি বিভাগ কর্তৃক একে ওপরের বিরুদ্ধে অসহযোগিতাসহ অন্য যে কোনো অভিযোগ করলে, স্থানীয় সরকার কমিশনের উভয় পক্ষের বক্তব্য বিবেচনা করে প্রয়োজনীয় নির্দেশনা দেওয়ার ক্ষমতা থাকবে যা উভয় পক্ষের জন্য বাধ্যতামূলক হবে।",চতুর্থ ভাগ (নির্বাহী বিভাগ)
"অনুচ্ছেদ
 ৬০ (স্থানীয়
 শাসন - সংক্রান্ত
 প্রতিষ্ঠানেের
 ক্ষমতা)",,"স্থানীয় সরকার - সংক্রান্ত প্রতিষ্ঠানের ক্ষমতা:
 এই সংবিধানের ৫৯ অনুচ্ছেদের বিধানাবলীকে পূর্ণ কার্যকারিতা দানের
 উদ্দেশ্যে সংসদ আইনের দ্বারা উক্ত অনুচ্ছেদে উল্লিখিত স্থানীয় সরকার সংক্রান্ত
 প্রতিষ্ঠানসমূহকে স্থানীয় প্রয়োজনে কর আরোপ করিবার ক্ষমতাসহ বাজেট
 প্রস্তুতকরণ ও নিজস্ব তহবিল রক্ষণাবেক্ষণের ক্ষমতা প্রদান করিবেন।",রাষ্ট্র সংস্কার আন্দোলন,,Amendment,No,,,,চতুর্থ ভাগ (নির্বাহী বিভাগ)
"অনুচ্ছেদ ৬১
 (সর্বাধিনায়কতা)","৩২ [৬১। বাংলাদেশের প্রতিরক্ষা কর্মবিভাগসমূহের
 সর্বাধিনায়কতা রাষ্ট্রপতির উপর ন্যস্ত হইবে এবং
 আইনের দ্বারা তাহার প্রয়োগ নিয়ন্ত্রিত হইবে]","পঞ্চদশ সংশোধনীর মাধ্যমে অত্র অনুচ্ছেদটি সংশোধন করা হয়েছে। - - পঞ্চদশ
 সংশোধনীর মাধ্যমে আনীত পরিবর্তন বাতিল করতেহবে। (তত্ত্বাবধায়ক সরকার
 পূনর্বহাল এর সাথে সম্পর্কিত)।",বাংলাদেশ জাতীয়তাবাদী দল (বিএনপি),,Amendment,No,,,"৭.২ কমিশন সুপারিশ করছে যে, বাংলাদেশের প্রতিরক্ষা কর্মবিভাগসমূহের সর্বাধিনায়কতা রাষ্ট্রপতির উপর ন্যস্ত থাকবে।",চতুর্থ ভাগ (নির্বাহী বিভাগ)
"অনুচ্ছেদ ৬১
 (সর্বাধিনায়কতা)",,"সংবিধানের পঞ্চদশ সংশোধনী বাতিল করতে হবে। পঞ্চদশ সংশোধনী রাখা মুক্তিযুদ্ধের চেতনা, ৯০ এর গণঅভ্যুত্থান ও ২৪ শে জুলাই - আগস্টের বিপ্লবের সঙ্গে সাংঘর্ষিক। তত্ত্বাবধায়ক সরকার বাতিলে বাংলাদেশের মানুষের হৃদয়ে রক্তক্ষরণ হয়েছে। মৌলিক অধিকার ধ্বংস করা হয়েছে। পঞ্চদশ সংশোধনী অসাংবিধানিক ঘোষণা করতে হবে।",১২ দলীয় জোট,,Amendment,No,,,,চতুর্থ ভাগ (নির্বাহী বিভাগ)
অনুচ্ছেদ ৬২ (প্রতিরক্ষা কর্মবিভাগে ভর্তি প্রভৃতি),"৬২। (১) সংসদ আইনের দ্বারা নিম্নলিখিত
 বিষয়সমূহ নিয়ন্ত্রণ করিবেন:
 (ক) বাংলাদেশের প্রতিরক্ষা কর্মবিভাগসমূহ ও উক্ত
 কর্মবিভাগসমূহের সংরক্ষিত অংশসমূহ গঠন ও
 রক্ষণাবেক্ষণ;
 (খ) উক্ত কর্মবিভাগসমূহে কমিশন মঞ্জুরী;
 (গ) প্রতিরক্ষা - বাহিনীসমূহের প্রধানদের নিয়োগদান
 ও তাঁহাদের বেতন ও ভাতা - নির্ধারণ; এবং
 (ঘ) উক্ত কর্মবিভাগসমূহ ও সংরক্ষিত অংশসমূহসংক্রান্ত শৃঙ্খলামূলক ও অন্যান্য বিষয়।
 (২) সংসদ আইনের দ্বারা এই অনুচ্ছেদের (১)
 দফায় বর্ণিত বিষয়সমূহের জন্য বিধান না করা
 পর্যন্ত অনুরূপ যে সকল বিষয় প্রচলিত আইনের
 অধীন নহে, রাষ্ট্রপতি আদেশের দ্বারা সেই সকল
 বিষয়ের জন্য বিধান করিতে পারিবেন।","প্রধানমন্ত্রী প্রতিরক্ষা ও আইনশৃঙ্খলা বাহিনীর সমন্বয়ে গঠিত বাহিনীগুলার রাষ্ট্রীয়
 নিরাপত্তা কাউন্সিলের প্রধান হবেন। কোনো বাহিনীই সরাসরি তার অধীন থাকবে
 না। প্রতিরক্ষা বা স্বরাষ্ট্র কোন মন্ত্রণালয়ই প্রধানমন্ত্রী নিজে প্রধান হিসেবে থাকতে
 পারবে না। বাহিনীর 'চেইন অব কমান্ড' আইন ও বিধি দ্বারা সঙ্গত থাকবে। চেইন
 অব কমান্ডে হস্তক্ষেপ হবে অবৈধ। তবে যেকোনো কার্যের সঠিকতা সম্পর্কে
 জবাবদিহি থাকবে।",ইসলামী আন্দোলন বাংলাদেশ,,Amendment,Yes,জাতীয় নাগরিক কমিটি,,,চতুর্থ ভাগ (নির্বাহী বিভাগ)
অনুচ্ছেদ ৬২ (প্রতিরক্ষা কর্মবিভাগে ভর্তি প্রভৃতি),,"প্রধানমন্ত্রী প্রতিরক্ষা ও আইনশৃঙ্খলা বাহিনীর সমন্বয়ে গঠিত বাহিনীগুলার রাষ্ট্রীয়
 নিরাপত্তা কাউন্সিলের প্রধান হবেন। কোনো বাহিনীই সরাসরি তার অধীন থাকবে
 না। প্রতিরক্ষা বা স্বরাষ্ট্র কোন মন্ত্রণালয়ই প্রধানমন্ত্রী নিজে প্রধান হিসেবে থাকতে
 পারবে না। বাহিনীর 'চেইন অব কমান্ড' আইন ও বিধি দ্বারা সঙ্গত থাকবে। চেইন
 অব কমান্ডে হস্তক্ষেপ হবে অবৈধ। তবে যেকোনো কার্যের সঠিকতা সম্পর্কে
 জবাবদিহি থাকবে।",জাতীয় নাগরিক কমিটি,,Amendment,Yes,ইসলামী আন্দোলন বাংলাদেশ,,,চতুর্থ ভাগ (নির্বাহী বিভাগ)
অনুচ্ছেদ ৬২ (প্রতিরক্ষা কর্মবিভাগে ভর্তি প্রভৃতি),,৬২(১) ’(ঙ) দেশের সকল সক্ষম নাগরিকদের কপক্ষে এক মেয়াদী সামরিক প্রশিক্ষণ গ্রহণ করতে হবে।' এ দফাটি সংযোজন করতে হবে।,খেলাফত মজলিস,,Amendment,No,,,,চতুর্থ ভাগ (নির্বাহী বিভাগ)
অনুচ্ছেদ ৬৪ (এটর্নি জেনারেলের নিয়োগ),"৬৪। (১) সুপ্রীম কোর্টের বিচারক হইবার যোগ্য
 কোন ব্যক্তিকে রাষ্ট্রপতি বাংলাদেশের অ্যাটর্নি - 
 জেনারেল পদে নিয়োগদান করিবেন।
 (২) অ্যাটর্নি - জেনারেল রাষ্ট্রপতি কর্তৃক প্রদত্ত সকল
 দায়িত্ব পালন করিবেন।
 (৩) অ্যাটর্নি - জেনারেলের দায়িত্বপালনের জন্য
 বাংলাদেশের সকল আদালতে তাঁহার বক্তব্য পেশ
 করিবার অধিকার থাকিবে।
 (৪) রাষ্ট্রপতির সন্তোষানুযায়ী সময়সীমা পর্যন্ত
 অ্যাটর্নি - জেনারেল স্বীয় পদে বহাল থাকিবেন
 এবং রাষ্ট্রপতি কর্তৃক নির্ধারিত পারিশ্রমিক লাভ
 করিবেন।",সাংবিধানিক পদ ও প্রতিষ্ঠানগুলো যেন স্বাধীনভাবে কাজ করতে পারে সে জন্য সংবিধানের ৬৪ (এটর্নি জেনারেলের নিয়োগ) সংশ্লিষ্ট অংশ সংস্কার করা।,বাংলাদেশের বিপ্লবী কমিউনিস্ট লীগ,,Amendment,No,,,"৮. অ্যাটর্নি জেনারেল

কমিশন একটি সাংবিধানিক সংস্থা হিসেবে পৃথক স্থায়ী বাংলাদেশ অ্যাটর্নি সার্ভিসেস প্রতিষ্ঠার সুপারিশ করছে। বাংলাদেশ অ্যাটর্নি সার্ভিসের নেতৃত্বে থাকবেন অ্যাটর্নি জেনারেল। বাংলাদেশের সকল স্তরের আদালতে কর্মরত রাষ্ট্রের প্রত্যেক আইন কর্মকর্তাকে বাংলাদেশ অ্যাটর্নি সার্ভিসেস অফিস নিয়োগ প্রদান করবে।",চতুর্থ ভাগ (নির্বাহী বিভাগ)
অনুচ্ছেদ ৬৪ (এটর্নি জেনারেলের নিয়োগ),,এটর্নি জেনারেল নিয়োগের বিষয়াবলী সংস্কার প্রয়োজন,বাংলাদেশের সমাজতান্ত্রিক দল (মার্কসবাদী),,Amendment,Yes,বাংলাদেশের বিপ্লবী কমিউনিস্ট লীগ,,,চতুর্থ ভাগ (নির্বাহী বিভাগ)
অনুচ্ছেদ ৬৪ (এটর্নি জেনারেলের নিয়োগ),,এটর্নি জেনারেল নিয়োগের বিষয়াবলী সংস্কার প্রয়োজন,বাংলাদেশের বিপ্লবী কমিউনিস্ট লীগ,,Amendment,Yes,বাংলাদেশ সমাজতান্ত্রিক দল (মার্কসবাদী),,,চতুর্থ ভাগ (নির্বাহী বিভাগ)
অনুচ্ছেদ ৬৪ (এটর্নি জেনারেলের নিয়োগ),,"স্থায়ী এটর্নি সার্ভিস: Crown Procecution Service এর আদলে স্থায়ী এটর্নী
 সার্ভিস করতে হবে।",আমার বাংলাদেশ পার্টি (এবি পার্টি),,Amendment,No,,,,চতুর্থ ভাগ (নির্বাহী বিভাগ)
অনুচ্ছেদ ৬৪ (এটর্নি জেনারেলের নিয়োগ),,(১) সুপ্রীম কোর্টের বিচারক হইবার যোগ্য কোনো ব্যক্তিকে রাষ্ট্রপতি বাংলাদেশের অ্যাটর্নিজেনারেল পদে প্রস্তাব করিবেন। সংসদ গণশুনানির অনুষ্ঠান করিবেন এবং সংসদ তাহার উপর সন্তুষ্ট হইলে অ্যাটর্নিজেনারেল নিয়োগপ্রাপ্ত হইবেন। (২) অ্যাটর্নিজেনারেল রাষ্ট্রপতি কর্তৃক প্রদত্ত সকল দায়িত্ব পালন করিবেন। (৩) অ্যাটর্নিজেনারেলের দায়িত্ব পালনের জন্য বাংলাদেশের সকল আদালতে তাঁহার বক্তব্য পেশ করিবার অধিকার থাকিবে। (৪) রাষ্ট্রপতির সন্তোষানুযায়ী সময়সীমা পর্যন্ত অ্যাটর্নিজেনারেল স্বীয় পদে বহাল থাকিবেন এবং রাষ্ট্রপতি কর্তৃক নির্ধারিত পারিশ্রমিক লাভ করিবেন।,রাষ্ট্র সংস্কার আন্দোলন,,Amendment,No,,,,চতুর্থ ভাগ (নির্বাহী বিভাগ)
অনুচ্ছেদ ৪৮ - ৬৪ (অন্যান্য প্রস্তাব),[প্রযোজ্য নয়],জাতীয় সরকার গঠন - প্রধানমন্ত্রীর ক্ষমতার জবাবদিহিতা ও অভিসংশনের বিধান ।,গণসংহতি আন্দোলন,,Amendment,No,,,,চতুর্থ ভাগ (নির্বাহী বিভাগ)
অনুচ্ছেদ ৪৮ - ৬৪ (অন্যান্য প্রস্তাব),,"জাতীয় সংসদের সকল দলের সংসদ সদস্য নিয়ে একটি জাতীয় ঐকমত্য/ জাতীয় সরকার গঠন করতে হবে। ক. প্রধান নির্বাহী হবেন প্রধানমন্ত্রী, সংখ্যাগরিষ্ঠ দল থেকে। খ. উপ - প্রধানমন্ত্রী হবেন নিকটতম সংখ্যাগরিষ্ঠ দল থেকে। গ. উপ - নির্বাচন (by - election) - এর পরিবর্তে সংশ্লিষ্ট দলের মনোনীত প্রার্থী দ্বারা তা পূরণ করতে হবে।",জাতীয় সমাজতান্ত্রিক দল (জেএসডি),,Amendment,No,,,,চতুর্থ ভাগ (নির্বাহী বিভাগ)
অনুচ্ছেদ ৪৮ - ৬৪ (অন্যান্য প্রস্তাব),,"সরকার ব্যবস্থা ""এক কেন্দ্রীক নয়, ফেডারেল পদ্ধতির সরকার ব্যবস্থা গঠন করতে হবে। ক. রাষ্ট্রপতি থাকবেন রাষ্ট্রপ্রধান। খ. একজন উপ - রাষ্ট্রপতি থাকবেন। গ. সংসদীয় ব্যবস্থা থাকবে। ঘ. প্রধানমন্ত্রী সরকার প্রধান এবং নির্বাহী প্রধান থাকবেন । ঙ. বাংলাদেশ কয়েকটি প্রদেশে বিভক্ত হবে । চ. জাতীয় প্রতিরক্ষা বিভাগ রাষ্ট্রপতির ওপর নাস্ত থাকবে।",জাতীয় সমাজতান্ত্রিক দল (জেএসডি),,Amendment,No,,,,চতুর্থ ভাগ (নির্বাহী বিভাগ)
অনুচ্ছেদ ৪৮ - ৬৪ (অন্যান্য প্রস্তাব),,"বাংলাদেশের শাসন ব্যবস্থায় প্রধানমন্ত্রী শাসিত সরকার পদ্ধতি কার্যকর থাকবে, যা
 ওয়েস্ট মিনিস্টার গণতন্ত্র মডেলের ভিত্তিতে পরিচালিত হবে।",আমার বাংলাদেশ পার্টি (এবি পার্টি),,Amendment,No,,,,চতুর্থ ভাগ (নির্বাহী বিভাগ)
অনুচ্ছেদ ৪৮ - ৬৪ (অন্যান্য প্রস্তাব),,"বাহী বিভাগ জাতীয় সংসদের মাধ্যমে পরোক্ষভাবে জনগণের নিকট জবাবদিহিতা প্রদান করিবে এবং সরকারের সকল প্রকার সিদ্ধান্ত গ্রহণ ও বাস্তবায়ন কাজে, জনগণের স্বতঃস্ফূর্ত অংশগ্রহণ, মতামত সংগ্রহ এবং মতমতের যথাযথ গুরুত্ব প্রদানের মাধ্যমে প্রত্যক্ষভাবে নির্বাহী বিভাগ, জনগণের নিকট দায়বদ্ধতা নিশ্চিত করিবে। নির্বাহী বিভাগ বিচার বিভাগের প্রত্যাশা অনুসারে প্রয়োজনীয় সহযোগিতা প্রদানকে একান্ত কর্তব্য বলিয়া গণ্য করিবে।",বাংলাদেশ লেবার পার্টি,,Amendment,No,,,,চতুর্থ ভাগ (নির্বাহী বিভাগ)
অনুচ্ছেদ ৪৮ - ৬৪ (অন্যান্য প্রস্তাব),,"রাষ্ট্রপতির কাছে যদি সন্তোষজনকভাবে প্রতীয়মান হয় যে চলতি সংসদ
 জনগণের উপর নিপীড়ন চালাচ্ছে, রাষ্ট্রদ্রোহী কর্মকাণ্ডে লিপ্ত রয়েছে বা জনগণের
 ইচ্ছার বিরুদ্ধে অবস্থান নিয়েছে তাহলে প্রধানমন্ত্রীর পরামর্শ ছাড়াই সংসদ ভেঙ্গে
 দিতে পারবে এমন বিধান সংবিধানে সংযোজিত করতে হবে। তবে রাষ্ট্রপতির
 এই সিদ্ধান্তের প্রতি জনসমর্থন আছে কিনা সেটা যাচাই করার জন্য সংসদ ভেঙ্গে
 দেবার পূর্বে """" গণভোট” আয়োজনের বিধান রাখতে হবে।",জাতীয়তাবাদী গণতান্ত্রিক আন্দোলন (এনডিএম),,Amendment,No,,,,চতুর্থ ভাগ (নির্বাহী বিভাগ)
অনুচ্ছেদ ৪৮ - ৬৪ (অন্যান্য প্রস্তাব),,"জাতীয় নিরাপত্তা কাউন্সিল গঠন করতে হবে।
 ক. রাষ্ট্রপতির অধীনে 'জাতীয় নিরাপত্তা কাউন্সিল' (NSC) গঠিত হবে।
 খ. প্রধানমন্ত্রী, এবং বিরোধীদলীয় নেতা সদস্য থাকবেন ।
 গ. প্রতিরক্ষামন্ত্রী ও স্বরাষ্ট্রমন্ত্রী সদস্য থাকবেন।
 ঘ. তিন বাহিনী প্রধান (সেনা, নৌ ও বিমান) সদস্য থাকবেন ।
 ঙ. পুলিশ ও বিজিবি এবং আনসার ও ভিডিপি প্রধানগণ সদস্য থাকবেন।
 চ. জাতীয় গোয়েন্দা সংস্থাসমূহের প্রধানগণ সদস্য থাকবেন ।
 ছ. একজন সংবিধান বিশেষজ্ঞ সদস্য থাকবেন।
 জ. একজন আইন বিশেষজ্ঞ সদস্য থাকবেন।
 ঝ. আন্তর্জাতিক মানসম্পন্ন একজন রাষ্ট্রবিজ্ঞানী সদস্য থাকবেন ।
 ঞ. রাজনৈতিক প্রযুক্তিতে (Political Technology) দক্ষ/বিশেষজ্ঞ একজন
 সদস্য থাকবেন।",ইসলামী আন্দোলন বাংলাদেশ,,Amendment,Yes,জাতীয় সমাজতান্ত্রিক দল (জেএসডি),,,চতুর্থ ভাগ (নির্বাহী বিভাগ)
অনুচ্ছেদ ৪৮ - ৬৪ (অন্যান্য প্রস্তাব),,"জাতীয় নিরাপত্তা কাউন্সিল গঠন করতে হবে।
 ক. রাষ্ট্রপতির অধীনে 'জাতীয় নিরাপত্তা কাউন্সিল' (NSC) গঠিত হবে।
 খ. প্রধানমন্ত্রী, এবং বিরোধীদলীয় নেতা সদস্য থাকবেন ।
 গ. প্রতিরক্ষামন্ত্রী ও স্বরাষ্ট্রমন্ত্রী সদস্য থাকবেন।
 ঘ. তিন বাহিনী প্রধান (সেনা, নৌ ও বিমান) সদস্য থাকবেন ।
 ঙ. পুলিশ ও বিজিবি এবং আনসার ও ভিডিপি প্রধানগণ সদস্য থাকবেন।
 চ. জাতীয় গোয়েন্দা সংস্থাসমূহের প্রধানগণ সদস্য থাকবেন ।
 ছ. একজন সংবিধান বিশেষজ্ঞ সদস্য থাকবেন।
 জ. একজন আইন বিশেষজ্ঞ সদস্য থাকবেন।
 ঝ. আন্তর্জাতিক মানসম্পন্ন একজন রাষ্ট্রবিজ্ঞানী সদস্য থাকবেন ।
 ঞ. রাজনৈতিক প্রযুক্তিতে (Political Technology) দক্ষ/বিশেষজ্ঞ একজন
 সদস্য থাকবেন।",জাতীয় সমাজতান্ত্রিক দল (জেএসডি),,Amendment,Yes,ইসলামী আন্দোলন বাংলাদেশ,,,চতুর্থ ভাগ (নির্বাহী বিভাগ)
অনুচ্ছেদ ৪৮ - ৬৪ (অন্যান্য প্রস্তাব),,সাংবিধানিক প্রতিষ্ঠান হিসেবে পুলিশ কমিশন গঠন করতে হবে।,জাতীয় সমাজতান্ত্রিক দল (জেএসডি),,Amendment,No,,,,চতুর্থ ভাগ (নির্বাহী বিভাগ)
অনুচ্ছেদ ৪৮ - ৬৪ (অন্যান্য প্রস্তাব),,সাংবিধানিক প্রতিষ্ঠান হিসেবে শিক্ষা কমিশন গঠন করতে হবে,জাতীয় সমাজতান্ত্রিক দল (জেএসডি),,Amendment,No,,,,চতুর্থ ভাগ (নির্বাহী বিভাগ)
অনুচ্ছেদ ৪৮ - ৬৪ (অন্যান্য প্রস্তাব),,সাংবিধানিক প্রতিষ্ঠান হিসেবে স্থানীয় সরকার কমিশন গঠন করতে হবে।,জাতীয় সমাজতান্ত্রিক দল (জেএসডি),,Amendment,No,,,,চতুর্থ ভাগ (নির্বাহী বিভাগ)
অনুচ্ছেদ ৪৮ - ৬৪ (অন্যান্য প্রস্তাব),,"সংঘাত ও বৈরিতা নিরসনে ‘জাতীয় সমঝোতা ও জবাবদিহিতা কমিশন'
 (National Reconciliation and Accountibility Commission) গঠন করতে
 হবে।",জাতীয় সমাজতান্ত্রিক দল (জেএসডি),,Amendment,No,,,,চতুর্থ ভাগ (নির্বাহী বিভাগ)
অনুচ্ছেদ ৪৮ - ৬৪ (অন্যান্য প্রস্তাব),,"সাংবিধানিক প্রতিষ্ঠানসমূহকে স্বাধীনভাবে অর্থাৎ নির্বাহী কর্তৃত্বের কর্তৃত্বমুক্ত থেকে
 তার কাযক্রম পরিচালনার বিষয়টি নিশ্চিত করতে হবে।",গণতান্ত্রিক বিপ্লবী পার্টি,,Amendment,No,,,,চতুর্থ ভাগ (নির্বাহী বিভাগ)
অনুচ্ছেদ ৪৮ - ৬৪ (অন্যান্য প্রস্তাব),,"সাংবিধানিক প্রতিষ্ঠানসমূহকে নির্বাহী বিভাগের কর্তৃত্বের কর্তৃত্বকে চ্যালেঞ্জ করার
 মাধ্যমে নির্বাহী কর্তৃত্বের জবাবদিহিতা নিশ্চিত করার ক্ষমতা দিতে হবে।",গণতান্ত্রিক বিপ্লবী পার্টি,,Amendment,No,,,,চতুর্থ ভাগ (নির্বাহী বিভাগ)
অনুচ্ছেদ ৪৮ - ৬৪ (অন্যান্য প্রস্তাব),,"নির্বাচন কমিশন, দুর্নীতি দমন কমিশন, পাবলিক সার্ভিস কমিশন, মানবাধিকার কমিশন ইত্যাদিকে সাংবিধানিক প্রতিষ্ঠান হিসেবে গণ্য করা এবং সাংবিধানিক প্রতিষ্ঠানসমূহকে স্বাধীনভাবে কাজ করতে দেওয়া, সাংবিধানিক প্রতিষ্ঠানসমূহের সদস্যদেরও যোগ্যতার মানদণ্ড উপরোক্তভাবে নির্ধারণ এবং সুনির্দিষ্ট আইন ও তার বিধানাবলে সাংবিধানিক কমিশন গঠন করে ঐ কমিশনের মাধ্যমে নিয়োগ দান করা।",বাংলাদেশের সমাজতান্ত্রিক দল (বাসদ),,Amendment,No,,,,চতুর্থ ভাগ (নির্বাহী বিভাগ)
অনুচ্ছেদ ৪৮ - ৬৪ (অন্যান্য প্রস্তাব),,"নির্বাচন কমিশন, দুর্নীতি দমন কমিশনসহ সাংবিধানিক প্রতিষ্ঠানে সাংবিধানিক
 কমিশনের মাধ্যমে নিয়োগ। একটি গ্রহণযোগ্য নির্বাচনের মাধ্যমে গঠিত প্রধানমন্ত্রী,
 বিরোধী দলীয় নেতা ও প্রধান বিচারপতি অথবা তাদের প্রতিনিধিদের দ্বারা এই
 কমিশন গঠিত হবে।",গণসংহতি আন্দোলন,,Amendment,No,,,,চতুর্থ ভাগ (নির্বাহী বিভাগ)
অনুচ্ছেদ ৪৮ - ৬৪ (অন্যান্য প্রস্তাব),,"সাংবিধানিক পদে নিয়োগের ক্ষেত্রে প্রধানমন্ত্রী যেন একক কর্তৃত্ব ভোগ না করেন,
 সেই ব্যবস্থা করতে হবে।",জাতীয় নাগরিক কমিটি,,Amendment,Yes,ইসলামী আন্দোলন বাংলাদেশ,,,চতুর্থ ভাগ (নির্বাহী বিভাগ)
অনুচ্ছেদ ৪৮ - ৬৪ (অন্যান্য প্রস্তাব),,"সাংবিধানিক পদে নিয়োগের ক্ষেত্রে প্রধানমন্ত্রী যেন একক কর্তৃত্ব ভোগ না করেন,
 সেই ব্যবস্থা করতে হবে।",ইসলামী আন্দোলন বাংলাদেশ,,Amendment,Yes,জাতীয় নাগরিক কমিটি,,,চতুর্থ ভাগ (নির্বাহী বিভাগ)
অনুচ্ছেদ ৪৮ - ৬৪ (অন্যান্য প্রস্তাব),,"কমিশন গঠনের উদ্দেশ্য : ক. রাজনৈতিক দলগুলোর কার্যক্রম পর্যবেক্ষণ । খ. ক্ষমতাসীন দলের ইশতেহার পর্যালোচনা । গ. নির্বাচন কমিশনের সামগ্রিম নির্বাচনী কার্যক্রম প্রক্রিয়া নিরীক্ষণ । কমিশন যেভাবে গঠিত হবে : সুপ্রীম কোর্টের আপিল বিভাগের অবসরপ্রাপ্ত একজন সাবেক প্রধান বিচারপতির নেতৃত্ বে ৫ সদস্য বিশিষ্ট রাজনৈতিক ও সাংবিধানিক কমিটি গঠন করা হবে। কমিশন গঠনে সদস্য মনোনয়নের ক্ষেত্রে সততা, যোগ্যতা ও নিরপেক্ষতার মাপকাঠি বিবেচনা করা হবে । কমিশনের কার্যক্রম নিম্নরূপ: ক. প্রত্যেক দলের গঠনতন্ত্র ও নেতা - কর্মীদের সামগ্রিক কার্যক্রম পর্যালোচনা করা। দলের মধ্যে যাতে দুর্নীতিবাজ, সন্ত্রাসী এবং সমাজবিরোধী লোক কোন পদপদবী না পায়, সেদিকে লক্ষ রাখা। প্রাথমিক পর্যায়ে দলকে সতর্ক করে দেওয়া। দল এ ব্যাপারে ব্যবস্থা না নিলে দলের নিবন্ধন বাতিলের জন্য নির্বাচন কমিশনে সুপারিশ করা । খ. নির্বাচিত সরকারের নির্বাচনী ইশতেহার যাতে ফাঁকা বুলি ও বাস্তবতাবিবর্জিত না হয়, সেদিকে লক্ষ্য রাখা । ঘোষিত ইশতেহারে বর্ণিত ওয়াদা - অঙ্গীকার ও কর্মসূচি কতটুকু বাস্তবায়ন হচ্ছে; প্রতি ছয় মাস পর পর রিপোর্টপেশ করা। য�ৌক্তিক সময়ের মধ্যে ইশতেহারে বর্ণিত কর্মসূচি বাস্তবায়নের সমন্বয় হচ্ছে কিনা তা পর্যালোচনা করা। যৌক্তিক সময়ে কর্মসূচি বাস্তবায়ন করতে ব্যর্থহলে প্রাথমিক পর্যায়ে সরকারকে সতর্ক করা। সতর্ক করার পরেও যদি ওয়াদা - অঙ্গীকার এবং কর্মসূচি বাস্তবায়ন করতে না পারে, তবে সরকার ব্যর্থবলে প্রেসিডেন্টের নিকট রিপোর্টপেশ করবেন।",ইসলামী আন্দোলন বাংলাদেশ,,Amendment,No,,,,চতুর্থ ভাগ (নির্বাহী বিভাগ)
অনুচ্ছেদ ৪৮ - ৬৪ (অন্যান্য প্রস্তাব),,"প্রধানমন্ত্রী বা মন্ত্রীসভার যাবতীয় সিদ্ধান্ত রদ করা বা চ্যালেঞ্জ করার ক্ষমতা
 সংসদীয় দলের থাকবে। প্রধানমন্ত্রী হবেন সম ব্যক্তিদের মাঝে প্রথম তথা
 প্রধানমন্ত্রী ক্রমবিচারে প্রথম হবেন; ক্ষমতা বিচারে নয় (the first among the
 equals)। মন্ত্রীসভার সদস্যদের প্রধানমন্ত্রী চয়ন করবেন। তবে সংসদের তাতে
 অনুমোদন নিতে হবে। প্রধানমন্ত্রী মন্ত্রীদের দপ্তর বন্টন করবেন এবং রদবদল
 করতে পারবেন। তবে অপসারণ করতে হলে সংসদের অনুমোদন নিতে হবে।",জাতীয় নাগরিক কমিটি,,Amendment,Yes,ইসলামী আন্দোলন বাংলাদেশ,,,চতুর্থ ভাগ (নির্বাহী বিভাগ)
অনুচ্ছেদ ৪৮ - ৬৪ (অন্যান্য প্রস্তাব),,"প্রধানমন্ত্রী বা মন্ত্রীসভার যাবতীয় সিদ্ধান্ত রদ করা বা চ্যালেঞ্জ করার ক্ষমতা
 সংসদীয় দলের থাকবে। প্রধানমন্ত্রী হবেন সম ব্যক্তিদের মাঝে প্রথম তথা
 প্রধানমন্ত্রী ক্রমবিচারে প্রথম হবেন; ক্ষমতা বিচারে নয় (the first among the
 equals)। মন্ত্রীসভার সদস্যদের প্রধানমন্ত্রী চয়ন করবেন। তবে সংসদের তাতে
 অনুমোদন নিতে হবে। প্রধানমন্ত্রী মন্ত্রীদের দপ্তর বন্টন করবেন এবং রদবদল
 করতে পারবেন। তবে অপসারণ করতে হলে সংসদের অনুমোদন নিতে হবে।",ইসলামী আন্দোলন বাংলাদেশ,,Amendment,Yes,জাতীয় নাগরিক কমিটি,,,চতুর্থ ভাগ (নির্বাহী বিভাগ)
অনুচ্ছেদ ৪৮ - ৬৪ (অন্যান্য প্রস্তাব),,"প্রধানমন্ত্রী পরবর্তীতে রাষ্ট্রপতি পদে নির্বাচন করতে পারবেন। প্রধানমন্ত্রী
 নিম্নকক্ষের প্রধান থাকবেন এবং যে কোনো পলিসি তৈরির মাধ্যমে জনগণের
 কল্যাণে রাষ্ট্রের কাজ করবেন। নির্বাহী বিভাগ পরিচালনা করবেন প্রধানমন্ত্রী। তবে
 নিয়োগের ক্ষমতা থাকবে না প্রধানমন্ত্রীর হাতে। যেকোনো নিয়োগ প্রদান করবে
 উচ্চকক্ষ। নিম্নকক্ষ বা প্রধানমন্ত্রীর কোনো অনুমতি লাগবে না।",জাতীয় নাগরিক কমিটি,,Amendment,Yes,ইসলামী আন্দোলন বাংলাদেশ,,,চতুর্থ ভাগ (নির্বাহী বিভাগ)
অনুচ্ছেদ ৪৮ - ৬৪ (অন্যান্য প্রস্তাব),,"প্রধানমন্ত্রী পরবর্তীতে রাষ্ট্রপতি পদে নির্বাচন করতে পারবেন। প্রধানমন্ত্রী
 নিম্নকক্ষের প্রধান থাকবেন এবং যে কোনো পলিসি তৈরির মাধ্যমে জনগণের
 কল্যাণে রাষ্ট্রের কাজ করবেন। নির্বাহী বিভাগ পরিচালনা করবেন প্রধানমন্ত্রী। তবে
 নিয়োগের ক্ষমতা থাকবে না প্রধানমন্ত্রীর হাতে। যেকোনো নিয়োগ প্রদান করবে
 উচ্চকক্ষ। নিম্নকক্ষ বা প্রধানমন্ত্রীর কোনো অনুমতি লাগবে না।",ইসলামী আন্দোলন বাংলাদেশ,,Amendment,Yes,জাতীয় নাগরিক কমিটি,,,চতুর্থ ভাগ (নির্বাহী বিভাগ)
অনুচ্ছেদ ৪৮ - ৬৪ (অন্যান্য প্রস্তাব),,"নির্বাহী বিভাগকে বিকেন্দ্রীকরণ, ফেডারেল পদ্ধতির রাষ্ট্র কাঠামো গড়ে তোলা,
 কোনো একটি একক ক্যাডারের নিয়ন্ত্রণ থেকে কেন্দ্র থেকে তৃণমূল পর্যন্ত নির্বাহী
 বিভাগকে মুক্ত করা ও কৃত্য - পেশাভিত্তিক নির্বাহী বিভাগ গড়ে তোলা, নির্বাহী
 বিভাগের প্রতিটি অংশ জনপ্রতিনিধির নেতৃত্ বে পরিচালিত করা এবং পারস্পরিক
 জবাবদিহিমূলক ব্যবস্থা করা",বাংলাদেশের জাতীয় সমাজতান্ত্রিক দল (বাংলাদেশ জাসদ),,Amendment,No,,,,চতুর্থ ভাগ (নির্বাহী বিভাগ)
অনুচ্ছেদ ৪৮ - ৬৪ (অন্যান্য প্রস্তাব),,"সংসদের জরুরি বৈঠক আহ্ববানে প্রধানমন্ত্রী ছাড়াও সংসদ নেতা পরামর্শদানের
 অধিকারী হবেন। সংসদীয় দলের বৈঠকে তিনি সভাপতিত্ব করবেন। নির্বাচনী
 মেনিফোস্টো লঙ্ঘন হলে তিনি তা সংসদে উত্থাপন করবেন। সংসদীয় কমিটি গঠনে
 নিজ সংসদীয় দলের পক্ষে তিনি প্রস্তাব আনবেন এবং সংসদ তা চূড়ান্ত করবে",জাতীয় নাগরিক কমিটি,,Amendment,Yes,ইসলামী আন্দোলন বাংলাদেশ,,,চতুর্থ ভাগ (নির্বাহী বিভাগ)
অনুচ্ছেদ ৪৮ - ৬৪ (অন্যান্য প্রস্তাব),,"সংসদের জরুরি বৈঠক আহ্ববানে প্রধানমন্ত্রী ছাড়াও সংসদ নেতা পরামর্শদানের
 অধিকারী হবেন। সংসদীয় দলের বৈঠকে তিনি সভাপতিত্ব করবেন। নির্বাচনী
 মেনিফোস্টো লঙ্ঘন হলে তিনি তা সংসদে উত্থাপন করবেন। সংসদীয় কমিটি গঠনে
 নিজ সংসদীয় দলের পক্ষে তিনি প্রস্তাব আনবেন এবং সংসদ তা চূড়ান্ত করবে",ইসলামী আন্দোলন বাংলাদেশ,,Amendment,Yes,জাতীয় নাগরিক কমিটি,,,চতুর্থ ভাগ (নির্বাহী বিভাগ)
অনুচ্ছেদ ৪৮ - ৬৪ (অন্যান্য প্রস্তাব),,"বিরোধী দলীয় নেতা ছায়া - মন্ত্রীসভা গঠনের অধিকারী হবেন। সংসদীয়
 কমিটিগুলোকে সরকারের নীতির সমালোচনা প্রেরণ করবেন",জাতীয় নাগরিক কমিটি,,Amendment,Yes,ইসলামী আন্দোলন বাংলাদেশ,,,চতুর্থ ভাগ (নির্বাহী বিভাগ)
অনুচ্ছেদ ৪৮ - ৬৪ (অন্যান্য প্রস্তাব),,"বিরোধী দলীয় নেতা ছায়া - মন্ত্রীসভা গঠনের অধিকারী হবেন। সংসদীয়
 কমিটিগুলোকে সরকারের নীতির সমালোচনা প্রেরণ করবেন",ইসলামী আন্দোলন বাংলাদেশ,,Amendment,Yes,জাতীয় নাগরিক কমিটি,,,চতুর্থ ভাগ (নির্বাহী বিভাগ)
অনুচ্ছেদ ৪৮ - ৬৪ (অন্যান্য প্রস্তাব),,"দেশ ও জনগণের স্বার্থে সকল ধরনের দুর্নীতি, সন্ত্রাস, চাঁদাবাজি, টেন্ডারবাজি,
 দখলবাজি বন্ধে জিরো টলারেন্স কার্যকর করতে পুলিশ ও বিচার বিভাগের সমন্বয়
 সাধন। একাজে ব্যর্থহলে পুলিশ ও বিচার বিভাগকে জবাবদিহিতার আওতায়
 আনা হবে।",ইসলামী আন্দোলন বাংলাদেশ,,Amendment,No,,,,চতুর্থ ভাগ (নির্বাহী বিভাগ)
অনুচ্ছেদ ৪৮ - ৬৪ (অন্যান্য প্রস্তাব),,"ব্যাংকসমূহে সংরক্ষিত জনগণের আমানত যারা বিদেশে পাচার বা লুট করেছে
 তাদেরকে ক্যাপিটাল পানিশমেন্ট সাংবিধানিকভাবে নিশ্চিত করতে হবে।",গণতান্ত্রিক বিপ্লবী পার্টি,,Amendment,No,,,,চতুর্থ ভাগ (নির্বাহী বিভাগ)
অনুচ্ছেদ ৪৮ - ৬৪ (অন্যান্য প্রস্তাব),,"শের সম্পদ দেশে সংরক্ষণ ও তার উৎপাদনশীল ব্যবহারের বিষয়টি নিশ্চিত
 করতে হবে",গণতান্ত্রিক বিপ্লবী পার্টি,,Amendment,No,,,,চতুর্থ ভাগ (নির্বাহী বিভাগ)
অনুচ্ছেদ ৬৫ (সংসদ - প্রতিষ্ঠা),"৬৫। (১) “জাতীয় সংসদ” নামে বাংলাদেশের একটি সংসদ থাকিবে এবং এই সংবিধানের বিধানাবলী - সাপেক্ষে প্রজাতন্ত্রের আইনপ্ৰণয়ন - ক্ষমতা সংসদের উপর ন্যস্ত হইবে: তবে শর্ত থাকে যে, সংসদের আইন - দ্বারা যে কোন ব্যক্তি বা কর্তৃপক্ষকে আদেশ, বিধি, প্রবিধান, উপ - আইন বা আইনগত কার্যকরতাসম্পন্ন অন্যান্য চুক্তিপত্র প্রণয়নের ক্ষমতার্পণ হইতে এই দফার কোন কিছুই সংসদকে নিবৃত্ত করিবে না। (২) একক আঞ্চলিক নির্বাচনী এলাকাসমূহ হইতে প্রত্যক্ষ নির্বাচনের মাধ্যমে আইনানুযায়ী নির্বাচিত তিন শত সদস্য লইয়া এবং এই অনুচ্ছেদের (৩) দফার কার্যকরতাকালে উক্ত দফায় বর্ণিত সদস্যদিগকে লইয়া সংসদ গঠিত হইবে; সদস্যগণ সংসদ - সদস্য বলিয়া অভিহিত হইবেন। ৩৪ [ (৩) সংবিধান (সপ্তদশ সংশোধন) আইন, ২০১৮ প্রবর্তনকালে বিদ্যমান সংসদের অব্যবহিত পরবর্তী সংসদের প্রথম বৈঠকের তারিখ হইতে শুরু করিয়া পঁচিশ বৎসরকাল অতিবাহিত হইবার অব্যবহিত পরবর্তীকালে সংসদ ভাংগিয়া না যাওয়া পর্যন্ত পঞ্চাশটি আসন কেবল মহিলা - সদস্যদের জন্য সংরক্ষিত থাকিবে এবং তাঁহারা আইনানুযায়ী পূর্বোক্ত সদস্যদের দ্বারা সংসদে আনুপাতিক প্রতিনিধিত্ব পদ্ধতির ভিত্তিতে একক হস্তান্তরযোগ্য ভোটের মাধ্যমে নির্বাচিত হইবেন: তবে শর্ত থাকে যে, এই দফার কোন কিছুই এই অনুচ্ছেদের (২) দফার অধীন কোন আসনে কোন মহিলার নির্বাচন নিবৃত্ত করিবে না।] ৩৫ [ (৩ক) সংবিধান (পঞ্চদশ সংশোধন) আইন, ২০১১ প্রবর্তনকালে বিদ্যমান সংসদের অবশিষ্ট মেয়াদে এই অনুচ্ছেদের (২) দফায় বর্ণিত প্ৰত্যক্ষ নির্বাচনের মাধ্যমে নির্বাচিত তিন শত সদস্য এবং (৩) দফায় বর্ণিত পঞ্চাশ মহিলা - সদস্য লইয়া সংসদ গঠিত হইবে।] (৪) রাজধানীতে সংসদের আসন থাকিবে।",জাতীয় সংসদের মেয়াদ ৪ বছর,গণঅধিকার পরিষদ (নুর),,Amendment,Yes,"জাতীয় সমাজতান্ত্রিক দল - জেএসডি, বাংলাদেশের বিপ্লবী ওয়ার্কার্স পার্টি ও বাংলাদেশ মুসলিম লীগ",Jadid,"আইনসভা কমিশন ৫০৫ (পাঁচশত পাঁচ) সদস্যের দ্বিকক্ষবিশিষ্ট একটি আইনসভার প্রস্তাব করছে; একটি নিম্নকক্ষ (জাতীয় সংসদ) এবং একটি উচ্চকক্ষ (সিনেট)। উভয় কক্ষের মেয়াদ হবে ৪ (চার) বছর। নিম্নকক্ষ ১। নিম্নকক্ষ গঠিত হবে সংখ্যগরিষ্ঠ ভোটে সরাসরি নির্বাচিত সদস্যদের সমন্বয়ে। ৪০০ (চারশত) আসন নিয়ে নিম্নকক্ষ গঠিত হবে। ৩০০ (তিনশত) জন সদস্য একক আঞ্চলিক নির্বাচনী এলাকা থেকে সরাসরি ভোটে নির্বাচিত হবেন। আরো ১০০ (একশ) জন নারী সদস্য সারা দেশের সকল জেলা থেকে এই মর্মে নির্ধারিত ১০০ (একশ)টি নির্বাচনী এলাকা থেকে কেবল নারী প্রার্থীদের মধ্যে প্রতিদ্বন্দ্বিতার মাধ্যমে সরাসরি ভোটে নির্বাচিত হবেন। ২। রাজনৈতিক দলগুলো নিম্নকক্ষের মোট আসনের ন্যূনতম ১০% আসনে তরুণ তরুণীদের মধ্য থেকে প্রার্থী মনোনীত করবে। ৩। সংসদীয় নির্বাচনে প্রতিদ্বন্দ্বিতা করার ন্যূনতম বয়স কমিয়ে ২১ বছর করা হবে। ৪৷ ২ (দুই) জন ডেপুটি স্পিকার থাকবেন, যাদের মধ্যে একজন বিরোধী দল থেকে মনোনীত হবেন। ৫৷ একজন সংসদ সদস্য একই সাথে নিম্নলিখিত যেকোনো একটির বেশি পদে অধিষ্ঠিত হবেন না: (ক) প্রধানমন্ত্রী, (খ) সংসদনেতা, এবং (গ) রাজনৈতিক দলের প্রধান। ৬। অর্থবিল ব্যতীত নিম্নকক্ষের সদস্যদের তাদের মনোনয়নকারী দলের বিপক্ষে ভোট দেওয়ার পূর্ণ ক্ষমতা থাকবে। ৭। আইনসভার স্থায়ী কমিটিগুলোর সভাপতি বিরোধীদলীয় সদস্যদের মধ্য থেকে মনোনীত হবেন। উচ্চকক্ষ ১। উচ্চকক্ষ মোট ১০৫ (একশ পাঁচ) জন সদস্য সমন্বয়ে গঠিত হবে; এর মধ্যে ১০০ (একশ) জন সদস্য জাতীয় সংসদ নির্বাচনে প্রদত্ত মোট ভোটের সংখ্যানুপাতে নির্ধারিত হবেন।রাজনৈতিক দলগুলো সংখ্যানুপাতিক প্রতিনিধিত্ব (Proportional Representation - PR) পদ্ধতির ভিত্তিতে উচ্চকক্ষের মনোনয়ের জন্য সর্বোচ্চ ১০০ (একশ) জন প্রার্থী মনোনয়ন দিতে পারবে। কমিশনের সুপারিশসমূহের সার - সংক্ষেপ: এই ১০০ (একশ) জন প্রার্থীর মধ্যে কমপক্ষে ৫ (পাঁচ) জন আইন দ্বারা নির্ধারিত পদ্ধতিতে সামাজিক ও অর্থনৈতিকভাবে অনগ্রসর সম্প্রদায়ের প্রতিনিধিত্ব করবে। অবশিষ্ট ৫টি আসন পূরণের জন্য রাষ্ট্রপতি নাগরিকদের মধ্য থেকে (যারা কোনো কক্ষেরই সদস্য ও রাজনৈতিক দলের সদস্য নন) প্রার্থী মনোনীত করবেন। ২। কোনো রাজনৈতিক দলকে সংখ্যানুপাতিক প্রতিনিধিত্ব (পিআর) পদ্ধতির ভিত্তিতে উচ্চকক্ষে প্রতিনিধিত্বের যোগ্য হতে হলে জাতীয় সংসদ নির্বাচনে প্রদত্ত ভোটের অন্তত ১% নিশ্চিত করতে হবে। ৩। উচ্চকক্ষের স্পিকার সাধারণ সংখ্যাগরিষ্ঠতার ভিত্তিতে উচ্চকক্ষের সদস্যদের মধ্য থেকে নির্বাচিত হবেন। ৪। উচ্চকক্ষের একজন ডেপুটি স্পিকার থাকবেন যিনি সরকার দলীয় সদস্য ব্যতীত উচ্চকক্ষের অন্য সকল সদস্যের মধ্য থেকে নির্বাচিত হবেন। সংবিধান সংশোধনী সংবিধানের যেকোনো সংশোধনীতে উভয় কক্ষের দুই - তৃতীয়াংশ সংখ্যাগরিষ্ঠতার অনুমোদন প্রয়োজন হবে। প্রস্তাবিত সংশোধনী উভয় কক্ষে পাস হলে, এটি গণভোটে উপস্থাপন করা হবে৷ গণভোটের ফলাফল সাধারণ সংখ্যাগরিষ্ঠতার ভিত্তিতে নির্ধারিত হবে।",পঞ্চম ভাগ (আইনসভা)
অনুচ্ছেদ ৬৫ (সংসদ - প্রতিষ্ঠা),,জাতীয় সংসদের মেয়াদ ৪ বছর,জাতীয় সমাজতান্ত্রিক দল (জেএসডি),,Amendment,Yes,"গণঅধিকার পরিষদ (নুর), বাংলাদেশের বিপ্লবী ওয়ার্কার্স পার্টি ও বাংলাদেশ মুসলিম লীগ",Jadid,,পঞ্চম ভাগ (আইনসভা)
অনুচ্ছেদ ৬৫ (সংসদ - প্রতিষ্ঠা),,জাতীয় সংসদের মেয়াদ ৪ বছর,বাংলাদেশের বিপ্লবী ওয়ার্কার্স পার্টি,,Amendment,Yes,"গণঅধিকার পরিষদ (নুর), জাতীয় সমাজতান্ত্রিক দল - জেএসডি ও বাংলাদেশ মুসলিম লীগ",Jadid,,পঞ্চম ভাগ (আইনসভা)
অনুচ্ছেদ ৬৫ (সংসদ - প্রতিষ্ঠা),,জাতীয় সংসদের মেয়াদ ৪ বছর,বাংলাদেশ মুসলিম লীগ,,Amendment,Yes,"গণঅধিকার পরিষদ (নুর), জাতীয় সমাজতান্ত্রিক দল - জেএসডি ও বাংলাদেশের বিপ্লবী ওয়ার্কার্স পার্টি",Jadid,,পঞ্চম ভাগ (আইনসভা)
অনুচ্ছেদ ৬৫ (সংসদ - প্রতিষ্ঠা),,আইনসভা। আইনসভার মেয়াদ ৫ বছর আছে এটাই থাকবে। ৪ বছরে হওয়ার ব্যাপারে যে প্রস্তাব বা আলোচনা চলছে সেটা আমরা সমর্থন করি না। ঘন ঘন সরকার পরিবর্তন হলে উন্নয়নে প্রতিবন্ধকতা সৃষ্টি হয়।,১২ দলীয় জোট,,Amendment,No,,Jadid,,পঞ্চম ভাগ (আইনসভা)
অনুচ্ছেদ ৬৫ (সংসদ - প্রতিষ্ঠা),,আইনসভা হবে দ্বিকক্ষ বিশিষ্ট,গণঅধিকার পরিষদ (নুর),,Amendment,Yes,"ভাসানী অনুসারী পরিষদ, জাতীয় সমাজতান্ত্রিক দল (জেএসডি), এনডিএম, বাংলাদেশের বিপ্লবী ওয়ার্কার্স পার্টি, জাতীয় পার্টি (কাজী জাফর), বাংলাদেশ মুসলিম লীগ ও প্রগতিশীল গ্রিন পার্টি",,,পঞ্চম ভাগ (আইনসভা)
অনুচ্ছেদ ৬৫ (সংসদ - প্রতিষ্ঠা),,আইনসভা হবে দ্বিকক্ষ বিশিষ্ট,ভাসানী অনুসারী পরিষদ,,Amendment,Yes,"গণঅধিকার পরিষদ (নুর), জাতীয় সমাজতান্ত্রিক দল (জেএসডি), এনডিএম, বাংলাদেশের বিপ্লবী ওয়ার্কার্স পার্টি, জাতীয় পার্টি (কাজী জাফর), বাংলাদেশ মুসলিম লীগ ও প্রগতিশীল গ্রিন পার্টি",,,পঞ্চম ভাগ (আইনসভা)
অনুচ্ছেদ ৬৫ (সংসদ - প্রতিষ্ঠা),,আইনসভা হবে দ্বিকক্ষ বিশিষ্ট,জাতীয় সমাজতান্ত্রিক দল (জেএসডি),,Amendment,Yes,"গণঅধিকার পরিষদ (নুর), ভাসানী অনুসারী পরিষদ, এনডিএম, বাংলাদেশের বিপ্লবী ওয়ার্কার্স পার্টি, জাতীয় পার্টি (কাজী জাফর), বাংলাদেশ মুসলিম লীগ ও প্রগতিশীল গ্রিন পার্টি",,,পঞ্চম ভাগ (আইনসভা)
অনুচ্ছেদ ৬৫ (সংসদ - প্রতিষ্ঠা),,আইনসভা হবে দ্বিকক্ষ বিশিষ্ট,জাতীয়তাবাদী গণতান্ত্রিক আন্দোলন (এনডিএম),,Amendment,Yes,"গণঅধিকার পরিষদ (নুর), ভাসানী অনুসারী পরিষদ, জাতীয় সমাজতান্ত্রিক দল (জেএসডি), বাংলাদেশের বিপ্লবী ওয়ার্কার্স পার্টি, জাতীয় পার্টি (কাজী জাফর), বাংলাদেশ মুসলিম লীগ ও প্রগতিশীল গ্রিন পার্টি",,,পঞ্চম ভাগ (আইনসভা)
অনুচ্ছেদ ৬৫ (সংসদ - প্রতিষ্ঠা),,আইনসভা হবে দ্বিকক্ষ বিশিষ্ট,বাংলাদেশের বিপ্লবী ওয়ার্কার্স পার্টি,,Amendment,Yes,"গণঅধিকার পরিষদ (নুর), ভাসানী অনুসারী পরিষদ, জাতীয় সমাজতান্ত্রিক দল (জেএসডি), এনডিএম, জাতীয় পার্টি (কাজী জাফর), বাংলাদেশ মুসলিম লীগ ও প্রগতিশীল গ্রিন পার্টি",,,পঞ্চম ভাগ (আইনসভা)
অনুচ্ছেদ ৬৫ (সংসদ - প্রতিষ্ঠা),,আইনসভা হবে দ্বিকক্ষ বিশিষ্ট,জাতীয় পার্টি (কাজী জাফর),,Amendment,Yes,"গণঅধিকার পরিষদ (নুর), ভাসানী অনুসারী পরিষদ, জাতীয় সমাজতান্ত্রিক দল (জেএসডি), এনডিএম, বাংলাদেশের বিপ্লবী ওয়ার্কার্স পার্টি, বাংলাদেশ মুসলিম লীগ ও প্রগতিশীল গ্রিন পার্টি",,,পঞ্চম ভাগ (আইনসভা)
অনুচ্ছেদ ৬৫ (সংসদ - প্রতিষ্ঠা),,আইনসভা হবে দ্বিকক্ষ বিশিষ্ট,বাংলাদেশ মুসলিম লীগ,,Amendment,Yes,"গণঅধিকার পরিষদ (নুর), ভাসানী অনুসারী পরিষদ, জাতীয় সমাজতান্ত্রিক দল (জেএসডি), এনডিএম, বাংলাদেশের বিপ্লবী ওয়ার্কার্স পার্টি, জাতীয় পার্টি (কাজী জাফর) ও প্রগতিশীল গ্রিন পার্টি",,,পঞ্চম ভাগ (আইনসভা)
অনুচ্ছেদ ৬৫ (সংসদ - প্রতিষ্ঠা),,আইনসভা হবে দ্বিকক্ষ বিশিষ্ট,প্রগতিশীল গ্রিন পার্টি,,Amendment,Yes,"গণঅধিকার পরিষদ (নুর), ভাসানী অনুসারী পরিষদ, জাতীয় সমাজতান্ত্রিক দল (জেএসডি), এনডিএম, বাংলাদেশের বিপ্লবী ওয়ার্কার্স পার্টি, জাতীয় পার্টি (কাজী জাফর) ও বাংলাদেশ মুসলিম লীগ",,,পঞ্চম ভাগ (আইনসভা)
অনুচ্ছেদ ৬৫ (সংসদ - প্রতিষ্ঠা),,দ্বিকক্ষ বিশিষ্ট সংসদের জন্য উচ্চকক্ষ যুক্ত করা। নতুন সংযুক্তি: জাতীয় সংসদে বিদ্যমান ৩০০ আসনের সাথে সংখ্যানুপাতে নির্বাচিত ১০০টি আসন যুক্ত করা। নারী আসনে সরাসরি নির্বাচন করা যা সংখ্যানুপাতে নির্ধারিত হবে,বাংলাদেশের জাতীয় সমাজতান্ত্রিক দল (বাংলাদেশ জাসদ),,Amendment,No,,,,পঞ্চম ভাগ (আইনসভা)
অনুচ্ছেদ ৬৫ (সংসদ - প্রতিষ্ঠা),,"সংবিধানের সংশোধনীর জন্য দ্বিকক্ষ বিশিষ্ট আইনসভা থাকবে এবং গণভোটের ব্যবস্থা থাকতে হবে। একটি উচ্চ কক্ষ হবে, যার মধ্যে অবসরপ্রাপ্ত বিচারকরা, শীর্ষ আদালতের বিচারকরা, বুরোক্র্যাটরা, সামরিক কর্মকর্তারা এবং শান্তি ও কৌশল, শ্রম, শিল্প, বৈদেশিক নীতি, বিনিয়োগ, বাজার অর্থনীতি, সাইবার নিরাপত্তা, অপরাধ, ধর্ম, নদী ও পানি সম্পদ ইত্যাদি ক্ষেত্রে বিশেষজ্ঞদের একটি উল্লেখযোগ্য সংখ্যক সদস্য থাকবে। উচ্চ কক্ষে ১৫১টি আসন থাকতে পারে। মনোনয়ন প্রক্রিয়া নিয়ে আলোচনা করা যেতে পারে।",বাংলাদেশ জামায়াতে ইসলামী,,Amendment,No,,,,পঞ্চম ভাগ (আইনসভা)
অনুচ্ছেদ ৬৫ (সংসদ - প্রতিষ্ঠা),,৬৫ ২. সংখ্যানুপাতিক প্রতিনিধিত্ব ব্যবস্থা প্রবর্তন করা হবে। এই বিষয়ে বিস্তারিত ধারা - উপধারা প্রস্তুত করতে হবে।,বাংলাদেশের কমিউনিস্ট পার্টি,,Amendment,No,,,,পঞ্চম ভাগ (আইনসভা)
অনুচ্ছেদ ৬৫ (সংসদ - প্রতিষ্ঠা),,"উচ্চকক্ষের স্পিকার অথবা সকল অংশীজনের কাছে গ্রহণযোগ্য ব্যক্তির, যিনি সংসদ সদস্য হবার যোগ্যতা সম্পন্ন, নেতৃত্ বে নির্বাচনকালীন তত্ত্বাবধায়ক সরকার",বাংলাদেশের জাতীয় সমাজতান্ত্রিক দল (বাংলাদেশ জাসদ),,Amendment,No,,,,পঞ্চম ভাগ (আইনসভা)
অনুচ্ছেদ ৬৫ (সংসদ - প্রতিষ্ঠা),,দুই কক্ষ বিশিষ্ট সংসদ প্রতিষ্ঠা এবং উচ্চ ও নিম্ন কক্ষের মধ্যে ক্ষমতার ভারসাম্য প্রণয়ন। রাষ্ট্রপতি বা প্রধানমন্ত্রীর অভিশংসন দুই তৃতীয়াং শ সংখ্যাগরিষ্ঠতার মাধ্যমে উভয় কক্ষ দ্বারা গৃহীত হতে হবে।,গণসংহতি আন্দোলন,,Amendment,No,,,,পঞ্চম ভাগ (আইনসভা)
অনুচ্ছেদ ৬৫ (সংসদ - প্রতিষ্ঠা),,দ্বিকক্ষ বিশিষ্ট সংসদীয় ব্যবস্থার প্রবর্তন করা। উচ্চ কক্ষের সদস্য হবে ১৫০ । প্রত্যক্ষ নির্বাচনের পাশাপাশি সংখ্যানুপাতিক নির্বাচন পদ্ধতি চালু করা। নিম্নকক্ষের ১০০ শত আর উচ্চকক্ষের ১৫০ জন দলসমূহের প্রাপ্ত ভোটের সংখ্যানুপাতিক হারে নির্বাচিত হবেন।,বাংলাদেশের বিপ্লবী ওয়ার্কার্স পার্টি,,Amendment,No,,,,পঞ্চম ভাগ (আইনসভা)
অনুচ্ছেদ ৬৫ (সংসদ - প্রতিষ্ঠা),,"পার্লামেন্টে সংরক্ষিত আসনের সংখ্যা ৫০ থেকে ১০০ এ উন্নীত করা হবে, যা পুরুষ ও নারীদের জন্য উভয়ের প্রতিনিধিত্ব নিশ্চিত করবে। এই সংরক্ষিত আসনগুলো রাজনৈতিক দলগুলোর মধ্যে সংখ্যানুপাতিক ভিত্তিতে (Proportionate Representation) বণ্টিত হবে, যাতে বিভিন্ন রাজনৈতিক দলের সমান সুযোগ নিশ্চিত হয় এবং সমাজের সব স্তরের মানুষের প্রতিনিধিত্ব প্রতিষ্ঠিত হয়।",আমার বাংলাদেশ পার্টি (এবি পার্টি),,Amendment,No,,,,পঞ্চম ভাগ (আইনসভা)
অনুচ্ছেদ ৬৫ (সংসদ - প্রতিষ্ঠা),,সংখ্যানুপাতিক পদ্ধতিতে নির্বাচনের মাধ্যমে সংসদের আসনবিন্যাস করতে হবে,গণঅধিকার পরিষদ (ফারুক),,Amendment,No,,,,পঞ্চম ভাগ (আইনসভা)
অনুচ্ছেদ ৬৫ (সংসদ - প্রতিষ্ঠা),,সংসদের আসন ন্যুনতম ৪০০ করা।,বাংলাদেশের বিপ্লবী ওয়ার্কার্স পার্টি,,Amendment,No,,,,পঞ্চম ভাগ (আইনসভা)
অনুচ্ছেদ ৬৫ (সংসদ - প্রতিষ্ঠা),,নিম্নকক্ষ হবে ৩০০ সদস্য বিশিষ্ট।,জাতীয় সমাজতান্ত্রিক দল (জেএসডি),,Amendment,No,,,,পঞ্চম ভাগ (আইনসভা)
অনুচ্ছেদ ৬৫ (সংসদ - প্রতিষ্ঠা),,উচ্চকক্ষ হবে ২০০ সদস্য বিশিষ,জাতীয় সমাজতান্ত্রিক দল (জেএসডি),,Amendment,No,,,,পঞ্চম ভাগ (আইনসভা)
অনুচ্ছেদ ৬৫ (সংসদ - প্রতিষ্ঠা),,নিম্নকক্ষে রাজনৈতিক দল কর্তৃক মনোনীত এলাকা ভিত্তিক নির্বাচিত প্রতিনিধি থাকবেন।,জাতীয় সমাজতান্ত্রিক দল (জেএসডি),,Amendment,No,,,,পঞ্চম ভাগ (আইনসভা)
অনুচ্ছেদ ৬৫ (সংসদ - প্রতিষ্ঠা),,"সংবিধানে সংসদীয় নির্বাচনে প্রোপোরশনাল এবং ফার্স্ট পাস্ট দ্য পোস্ট পদ্ধতির একটি মিশ্রণ রাখা উচিত, যাতে পূর্ণাঙ্গ এবং একক সংখ্যাগরিষ্ঠতা এড়ানো যায় এবং কোন দল যেনো স্বৈরশাসক হয়ে উঠতে না পারে।",বাংলাদেশ জামায়াতে ইসলামী,,Amendment,No,,,,পঞ্চম ভাগ (আইনসভা)
অনুচ্ছেদ ৬৫ (সংসদ - প্রতিষ্ঠা),,"সংসদ (পার্লামেন্ট) হবে জনগণের সার্বভৌম ক্ষমতার রক্ষক। এটি দ্বি - কক্ষ বিশিষ্ট হবে। উচ্চকক্ষ জাতীয় পরিষদ এবং নিম্নকক্ষ আইনসভা নামে পরিচিত হবে। উচ্চকক্ষ রাষ্ট্রপতির অধীনে; নিম্নকক্ষ প্রধানমন্ত্রীর অধীনে থাকবে। উচ্চকক্ষের সদস্যদের নিয়ে কিছু সংসদীয় কমিটি হবে, এই কমিটি নিম্নকক্ষের কাজ তদারকি করবে এবং গণশুনানি করতে পারবে। উচ্চকক্ষ পরপর তিনবার কোনো আইন পাশ না করলে তা গণভোটে যাবে। উচ্চকক্ষ ও নিম্নকক্ষ উভয়ের মেয়াদ ৪ বছর হবে। জাতীয় পরিষদের ১০০ আসনের মধ্যে কমপক্ষে ৩৩ টি আসনে পেশাজীবী - কৃষক - শ্রমিক - ছাত্র - আইনজীবী - চিকিৎসক - প্রকৌশলী - কৃষি বিদসাংবাদিকসহ আইনদ্বারা তফসিলভুক্ত পেশা এবং পিছিয়ে পড়া জনগোষ্ঠীর মানুষকে মনোনয়ন দিতে হবে । আইনসভায় ৩০০ আসনে সরাসরি প্রার্থিরা প্রতিদ্বন্দ্বিতা করবেন। সংরক্ষিত আসন রাখা যেতে পারে।",জাতীয় নাগরিক কমিটি,,Amendment,No,,,,পঞ্চম ভাগ (আইনসভা)
অনুচ্ছেদ ৬৫ (সংসদ - প্রতিষ্ঠা),,রাজনৈতিক দলের ঐক্যমতের ভিত্তিতে আগামী দুই মেয়াদের জন্য মিশ্র পদ্ধতিতে আসন বণ্টন করতে হবে,গণঅধিকার পরিষদ (ফারুক),,Amendment,No,,,,পঞ্চম ভাগ (আইনসভা)
অনুচ্ছেদ ৬৫ (সংসদ - প্রতিষ্ঠা),,রাষ্ট্রপতি ও প্রধানমন্ত্রী নির্বাচনে দুই কক্ষের সভা একসঙ্গে বসবে।,জাতীয় নাগরিক কমিটি,,Amendment,No,,,,পঞ্চম ভাগ (আইনসভা)
অনুচ্ছেদ ৬৫ (সংসদ - প্রতিষ্ঠা),,উভয়কক্ষে পৃথ কভাবে পাশ হবার পরই কেবল আইন প্রণয়ন হবে।,জাতীয় নাগরিক কমিটি,,Amendment,No,,,,পঞ্চম ভাগ (আইনসভা)
অনুচ্ছেদ ৬৫ (সংসদ - প্রতিষ্ঠা),,"বর্তমান নির্বাচনী ব্যবস্থা পরিবর্তন করে সংখ্যানুপাতিক প্রতিনিধিত্বের ভিত্তিতে নির্বাচন ব্যবস্থা চালু করা, যেন সত্যিকার অর্থেই সংখ্যাগরিষ্ঠ জনগণের মতামতের ভিত্তিতে সরকার গঠিত হয় এবং জনগণের বিভিন্ন অংশের প্রতিনিধিত্ব নিশ্চিত করা যায়। এজন্য সংবিধানে প্রয়োজনীয় অনুচ্ছেদ যুক্ত এবং এর সাথে অসংগতিপূর্ণ অনুচ্ছেদ সমূহ বাতিল করা।",বাংলাদেশের বিপ্লবী কমিউনিস্ট লীগ,,Amendment,Yes,বাংলাদেশের সমাজতান্ত্রিক দল (মার্কসবাদী),,,পঞ্চম ভাগ (আইনসভা)
অনুচ্ছেদ ৬৫ (সংসদ - প্রতিষ্ঠা),,"বর্তমান নির্বাচনী ব্যবস্থা পরিবর্তন করে সংখ্যানুপাতিক প্রতিনিধিত্বের ভিত্তিতে নির্বাচন ব্যবস্থা চালু করা, যেন সত্যিকার অর্থেই সংখ্যাগরিষ্ঠ জনগণের মতামতের ভিত্তিতে সরকার গঠিত হয় এবং জনগণের বিভিন্ন অংশের প্রতিনিধিত্ব নিশ্চিত করা যায়। এজন্য সংবিধানে প্রয়োজনীয় অনুচ্ছেদ যুক্ত এবং এর সাথে অসংগতিপূর্ণ অনুচ্ছেদ সমূহ বাতিল করা।",বাংলাদেশের সমাজতান্ত্রিক দল (মার্কসবাদী),,Amendment,Yes,বাংলাদেশ বিপ্লবী কমিউনিস্ট লীগ,,,পঞ্চম ভাগ (আইনসভা)
অনুচ্ছেদ ৬৫ (সংসদ - প্রতিষ্ঠা),,জাতীয় পরিষদে ১০০ আসন থাকবে। নির্বাচন হবে সংখ্যানুপাতিক পদ্ধতিতে। আইনসভায় ৩০০ টি আসন থাকবে।,গণঅধিকার পরিষদ (নুর),,Amendment,No,,,,পঞ্চম ভাগ (আইনসভা)
অনুচ্ছেদ ৬৫ (সংসদ - প্রতিষ্ঠা),,"মান নির্বাচনী ব্যবস্থা পরিবর্তন করে সংখ্যানুপাতিক প্রতিনিধিত্বের ভিত্তিতে নির্বাচনব্যবস্থা চালু করা, যেন সত্যিকার অর্থেই সংখ্যাগরিষ্ঠ জনগণের মতামতের ভিত্তিতে সরকার গঠিত হয় এবং জনগণের বিভিন্ন অংশের প্রতিনিধিত্ব নিশ্চিত করা যায়। এজন্য সংবিধানে প্রয়োজনীয় অনুচ্ছেদ যুক্ত করা এর সাথে অসংগতিপূর্ণ অনুচ্ছেদসমূহ বাতিল করা।",বাংলাদেশের সমাজতান্ত্রিক দল (মার্কসবাদী),,Amendment,No,,,,পঞ্চম ভাগ (আইনসভা)
অনুচ্ছেদ ৬৫ (সংসদ - প্রতিষ্ঠা),,"১ম পরিচ্ছেদ সংসদ, অনুচ্ছেদসমূহের সাথে আরো অনুচ্ছেদ সংযুক্ত করত: সংসদ সদস্য নির্বাচিত হওয়ার পদ্ধতি হবে - সংখ্যানুপাতি তথা পার্টির প্রাপ্ত ভোট ও মোট ভোট সংখ্যার সংখ্যানুপাতিক হারে একেকটি পার্টিথেকে সংসদ সদস্য নির্বাচিত হবে।",বাংলাদেশের সমাজতান্ত্রিক পার্টি (বিএসপি),,Amendment,No,,,,পঞ্চম ভাগ (আইনসভা)
অনুচ্ছেদ ৬৫ (সংসদ - প্রতিষ্ঠা),,"উচ্চকক্ষের সদস্য হওয়ার যোগ্যতা (১) শ্রম - কর্ম - পেশায় নিয়োজিত (শ্রমজীবী, কর্মজীবী, পেশাজীবী) সমাজশক্তি দ্বারা নির্দলীয় বা অদলীয়ভাবে নির্বাচিত সদস্য । (২) প্রাপ্তবয়স্ক নারীদের দ্বারা নির্দলীয় বা অদলীয়ভাবে নির্বাচিত নারী সদস্য। (৩) ক্ষুদ্র জাতিসত্তা'র নাগরিকদের দ্বারা নির্দলীয় বা অদলীয়ভাবে নির্বাচিত সদস্য। (৪) রাষ্ট্রপতি কর্তৃক মনোনীত সদস্য (মূলত প্রতিরক্ষা বাহিনী এবং আমলা - কর্মকর্তা ও শান্তি - শৃঙ্খলা রক্ষাকারী বাহিনীর মধ্য থেকে)। (৫) প্রাদেশিক পরিষদের প্রতিনিধি।",জাতীয় সমাজতান্ত্রিক দল (জেএসডি),,Amendment,No,,,,পঞ্চম ভাগ (আইনসভা)
অনুচ্ছেদ ৬৫ (সংসদ - প্রতিষ্ঠা),,সংখ্যালঘুদের বিশেষ বিধানের মাধ্যমে সরকারে প্রতিনিধিত্ব এবং অংশগ্রহণের জন্য সুযোগ রাখতে হবে।,জাতীয়তাবাদী সমমনা জোট,,Amendment,No,,,,পঞ্চম ভাগ (আইনসভা)
অনুচ্ছেদ ৬৫ (সংসদ - প্রতিষ্ঠা),,প্রবাসীদের প্রতিনিধিত্ব করার সুযোগ নিশ্চিত করতে হবে,গণঅধিকার পরিষদ (ফারুক),,Amendment,No,,,,পঞ্চম ভাগ (আইনসভা)
অনুচ্ছেদ ৬৫ (সংসদ - প্রতিষ্ঠা),,জাতীয় সংসদের উচ্চকক্ষে প্রবাসী বাংলাদেশের নাগরিকদের ১০ (দশ) জন নির্বাচিত সদস্য থাকবে।,জাতীয় সমাজতান্ত্রিক দল (জেএসডি),,Amendment,No,,,,পঞ্চম ভাগ (আইনসভা)
অনুচ্ছেদ ৬৫ (সংসদ - প্রতিষ্ঠা),,৬৫. বাংলাদেশে একটি জাতীয় সংসদ থাকবে। এই সংসদ দ্বিকক্ষ বিশিষ্ট হবে। নিম্নকক্ষে ৫০০ জন সদস্য থাকবেন (নিম্নকক্ষে প্রতি দু'লক্ষ ভোটার অনুপাতে একজন সংসদ সদস্য থাকবেন। ) ৬৭. উচ্চকক্ষে ১০০ জন সদস্য থাকবেন। তাদের কার্যকাল হবে তিন বছর। তারা নিম্নকক্ষে দল কর্তৃক প্রাপ্ত ভোটের অনুপাতে নির্বাচিত হবেন। ৬৮. সরকারী দলের পক্ষ থেকে স্পিকার ও বিরোধী দলের পক্ষ থেকে ডিপুটি স্পিকার নির্বাচিত হবেন।,খেলাফত মজলিস,,Amendment,No,,,,পঞ্চম ভাগ (আইনসভা)
অনুচ্ছেদ ৬৫ (সংসদ - প্রতিষ্ঠা),,"(১) “জাতীয় সংসদ” নামে জনগণতন্ত্রের একটি সংসদ থাকিবে এবং এই সংবিধানের বিধানাবলী সাপেক্ষে রাষ্ট্রের আইনপ্রণয়ন ক্ষমতা সংসদের উপর ন্যস্ত হইবে। (২) একক আঞ্চলিক নির্বাচনী এলাকাসমূহ হইতে প্রত্যক্ষ নির্বাচনের মাধ্যমে আইনানুযায়ী নির্বাচিত তিনশত সদস্য এবং দলীয়ভাবে প্রাপ্ত ভোটের অনুপাতে দুইশত সদস্য লইয়া সংসদ গঠিত হইবে, সদস্যগণ সংসদসদস্য বলিয়া অভিহিত হইবেন। (৩) রাজধানীতে সংসদের আসন থাকিবে।",রাষ্ট্র সংস্কার আন্দোলন,,Amendment,No,,,,পঞ্চম ভাগ (আইনসভা)
অনুচ্ছেদ ৬৫ (সংসদ - প্রতিষ্ঠা),,সংখ্যা আনুপাতিক ভোট চাই না। কারণ এতে উন্নয়ন কর্মসূচি বাস্তবায়ন হবে না। বার বার উন্নয়ন কর্মসূচি বদলে যাবে। কোনো কোয়ালিশন সরকার বেশি দিন স্থায়ী হয় না।,বাংলাদেশ কল্যাণ রাষ্ট্র,,Amendment,No,,,,পঞ্চম ভাগ (আইনসভা)
অনুচ্ছেদ ৬৫ (সংসদ - প্রতিষ্ঠা),,"কেন্দ্রীয় ও প্রাদেশিক সরকার সময়ের দাবি। জনসংখ্যা বিস্ফোরণ, পরিবেশের ভারসাম্যহীনতা দূর ও সব বিভাগে সমান উন্নয়ন ও সুযোগ সুবিধা সৃষ্টি র জন্য প্রশাসন বিকেন্দ্রীকরণ খু ব দরকার",বাংলাদেশ কল্যাণ রাষ্ট্র,,Amendment,No,,,,পঞ্চম ভাগ (আইনসভা)
অনুচ্ছেদ ৬৫ (সংসদ - প্রতিষ্ঠা),,পুরো দেশকে ৭টি প্রদেশে বিভক্ত করতে হবে,প্রগতিশীল গ্রিন পার্টি,,Amendment,No,,,,পঞ্চম ভাগ (আইনসভা)
অনুচ্ছেদ ৬৫ (সংসদ - প্রতিষ্ঠা),,৫০০ আসন বিশিষ্ট সংসদ করা হবে,প্রগতিশীল গ্রিন পার্টি,,Amendment,No,,,,পঞ্চম ভাগ (আইনসভা)
অনুচ্ছেদ ৬৫ (সংসদ - প্রতিষ্ঠা),,৬৫ (৩ক) এর পর (৩খ) নামে নিম্নোক্ত নতুন উপ - অনুচ্ছেদ সংযোজন করা: “পার্বত্য চট্টগ্রামের তিন জেলায় পাহাড়ি জাতিসমূহের জন্য ১টি মহিলা আসনসহ ৪টি আসন সংরক্ষিত থাকিবে এবং উক্ত আসনসমূহের সংসদ সদস্যগণ কেবলমাত্র পাহাড়ি ভোটারদের প্রত্যক্ষ ভোটে নির্বাচিত হইবেন। তাহারা অন্য সংসদ সদস্যদের অনুরূপ সুযোগ - সুবিধা ও অধিকার ভোগ করিবেন।”,ইউনাইটেড পিপল্‌স ডেমোক্রেটিক ফ্রন্ট (ইউপিডিএফ),,Amendment,No,,,,পঞ্চম ভাগ (আইনসভা)
অনুচ্ছেদ ৬৫ (সংসদ - প্রতিষ্ঠা),,পঞ্চদশ সংশোধনীর মাধ্যমে সংরক্ষিত মাহিলা - সদস্যদের সংখ্যা ৫০ এ উন্নীত করা হয় এবং সপ্তদশ সংশোধনীর মাধ্যমে সংরক্ষিত আসন ব্যবস্থা ২৫ বছরের জন্য বর্ধিত করা হয় - - এই বিষয়ে কয়েকদিন পরে সুনির্দিষ্ট প্রস্তাব পেশ করা হবে।,বাংলাদেশ জাতীয়তাবাদী দল (বিএনপি),,Amendment,No,,,,পঞ্চম ভাগ (আইনসভা)
অনুচ্ছেদ ৬৫ (সংসদ - প্রতিষ্ঠা),,"সংসদকে অধিকর কার্যকর করার লক্ষ্যে সংসদের উচ্চকক্ষ প্রতিষ্ঠার প্রস্তাব করা হচ্ছে। উচ্চক্ষ প্রতিষ্ঠার নিমিত্তে অত্র অনুচ্ছেদে নিম্নলিখিত রূপরেখা অনুযায়ী সংশোধনী আনয়ন করা যেতে পারে। সম্ভাব্য রূপরেখা: ১. নাম: উচ্চকক্ষের নাম হবে ‘সিনেট’। নিম্নকক্ষের নাম থাকতে পারে ‘সংসদ’। ২. আসন সংখ্যা: সিনেটের আসন সংখ্যা হইবে অনুন্য ৫০ (পঞ্চাশ)। ৩. নির্বাচন পদ্ধতি: সংরক্ষিত মহিলা - সদস্যদের নির্বাচনে অনুসৃত বর্তমান পদ্ধতি অনুযায়ী সিনেট সদস্যগণ নির্বাচিত হইবেন। ৪. কার্যাবলী: সংসদে পাস হওয়া বিল সিনেটে সুপারিশ/পু নর্বিবেচনার জন্য সিনেটে প্রেরিত হইবে। সিনেট এরূপ বিল সুপরিশ সহ/সুপারিশ ব্যতিরেকে পু নর্বিবেচনার জন্য সংসদে ফেরত প্রেরণ করিতে পারিবে। উক্ত বিল সংসদে পাস হইলে, সিনেটে অনুমোদিত হইয়াছে মর্মে বিবেচিত হইবে। ৫. একজন ব্যক্তি সিনেট সদস্য হিসেবে কেবল এক মেয়অদে দায়িত্ব পালন করিবেন।",বাংলাদেশ জাতীয়তাবাদী দল (বিএনপি),,Amendment,No,,,,পঞ্চম ভাগ (আইনসভা)
অনুচ্ছেদ ৬৫ (সংসদ - প্রতিষ্ঠা),,"মহিলাদের জন্য কোনও সংরক্ষিত আসন বর্তমান পরিস্থিতিতে কোনও গুরুত্বপূর্ণ অর্থবহন করে না। বরং, উচ্চ কক্ষে মহিলাদের জন্য ২০টি আসন সংরক্ষণ করা যেতে পারে, যাতে মহিলা উদ্যোক্তা, নারী অধিকার বিশেষজ্ঞ, আরএমজি, শ্রম বাজার, জাতিগত সংখ্যালঘুগোষ্ঠী ইত্যাদি থেকে মহিলাদের প্রতিনিধিত্ব নিশ্চিত করা যায়।",বাংলাদেশ জামায়াতে ইসলামী,,Amendment,No,,,,পঞ্চম ভাগ (আইনসভা)
অনুচ্ছেদ ৬৫ (সংসদ - প্রতিষ্ঠা),,সংরক্ষিত নারী আসনের বিধান বাতিল করে ঘূর্ণায়মান পদ্ধতিতে ১০০ নারী আসনে প্রত্যক্ষ নির্বাচনের ব্যবস্থা করা।,বাংলাদেশের বিপ্লবী ওয়ার্কার্স পার্টি,,Amendment,No,,,,পঞ্চম ভাগ (আইনসভা)
অনুচ্ছেদ ৬৫ (সংসদ - প্রতিষ্ঠা),,সংরক্ষিত নারী আসন সংস্কার করতে হবে,গণঅধিকার পরিষদ (ফারুক),,Amendment,No,,,,পঞ্চম ভাগ (আইনসভা)
অনুচ্ছেদ ৬৫ (সংসদ - প্রতিষ্ঠা),,জাতীয় সংসদে সংরক্ষিত নারী আসনে প্রত্যক্ষ নির্বাচনের মাধ্যমে জনপ্রতিনিধিত্ব নিশ্চিত করতে হবে। মনোনয়নের ক্ষেত্রে নারীদের গুরুত্ব দেয়া এবং স্থানীয় সরকার ব্যবস্থায় নারীর প্রতিনিধিত্ব বাড়ানোর উদ্যোগ নিতে হবে,বাংলাদেশ লেবার পার্টি,,Amendment,No,,,,পঞ্চম ভাগ (আইনসভা)
অনুচ্ছেদ ৬৫ (সংসদ - প্রতিষ্ঠা),,"না ভোটের বিধান এবং প্রতিনিধি প্রত্যাহার (Right to Recall), নির্বাচনে টাকার খেলা, পেশি শক্তি, সাম্প্রদায়িকতা, আঞ্চলিকতা দূর, নির্বাচনী ব্যয় (যথা পোস্টার, লিফলেট, জনসভা, মাইক প্রচার ইত্যাদি) কমিশন কর্তৃক বহন করাসহ নির্বাচন ব্যবস্থার আমূল সংস্কার করে সাংবিধানিক বাধ্য বাধকতা কঠোরভাবে বাস্তবায়নের ব্যবস্থা সংবিধানে অন্তর্ভুক্ত করা ।",বাংলাদেশের সমাজতান্ত্রিক দল (বাসদ),,Amendment,No,,,,পঞ্চম ভাগ (আইনসভা)
অনুচ্ছেদ ৬৫ (সংসদ - প্রতিষ্ঠা),,নারীদের জন্য প্রত্যক্ষ ভোটে নির্বাচিত হয়ে আসার বিধান। অন্তত ৫০টি আসনে আবর্তন পদ্ধতিতে নারীদের নির্বাচনের ব্যবস্থা।,গণসংহতি আন্দোলন,,Amendment,No,,,,পঞ্চম ভাগ (আইনসভা)
অনুচ্ছেদ ৬৫ (সংসদ - প্রতিষ্ঠা),,"কার্যকর সংসদ প্রতিষ্ঠার লক্ষ্যে আনুপাতিক হারে নির্বাচন করতে হবে। ""জাতীয় সংসদ ভেঙ্গে দেয়ার পর সাধারণ নির্বাচন অনুষ্ঠিত করা।",ইসলামী আন্দোলন বাংলাদেশ,,Amendment,No,,,,পঞ্চম ভাগ (আইনসভা)
অনুচ্ছেদ ৬৫ (সংসদ - প্রতিষ্ঠা),,৬৫ ৩. নারী আসনে প্রত্যক্ষ ভোটে ব্যবস্থা প্রবর্তন করা হবে এবং সে বিষয়ে বিস্তারিত ধারা - উপধারা রচনা করে তা সন্নিবেশিত করতে হবে।,বাংলাদেশের কমিউনিস্ট পার্টি,,Amendment,No,,,,পঞ্চম ভাগ (আইনসভা)
অনুচ্ছেদ ৬৫ (সংসদ - প্রতিষ্ঠা),,"সংসদে নির্দিষ্ট সংখ্যক আসন নারী সদস্যদের জন্য সংরক্ষিত থাকবে, যা বিভিন্ন পেশাগত খাতে বিভক্ত করা হবে যাতে প্রতিটি গুরুত্বপূর্ণখাত থেকে নারীদের প্রতিনিধিত্ব নিশ্চিত হয়। সংসদ এই আসনগুলির শর্তাবলী এবং পূরণের পদ্ধতি নির্ধারণ করবে, যা সরাসরি নির্বাচন অথবা মনোনয়ন পদ্ধতিতে পূর্ণহবে আইন অনুসারে। এই পেশাগত খাতগুলির মধ্যে থাকবে: ১. শিক্ষা খাত ২. স্বাস্থ্য খাত ৩. আইন ও বিচার খাত ৪. ব্যবসা ও উদ্যোক্তা খাত ৫. এনজিও ও সামাজিক কাজ ৬. বিজ্ঞান, প্রযুক্তি ও পরিবেশ ৭. শিল্প ও সংস্কৃতি ৮. গার্মেন্টস ও শ্রম খাত ৯. সাংবাদিকতা ও গণমাধ্যম এই পরিবর্তনের মাধ্যমে নারীদের বিভিন্ন পেশাগত খাত থেকে, বিশেষত সাংবাদিকতা ও গণমাধ্যম ক্ষেত্র থেকেও, সংসদে অংশগ্রহণ নিশ্চিত করা হবে। এটি নারীদের বিভিন্ন সামাজিক এবং পেশাগত দৃষ্টিকো ণ থেকে সংসদে প্রতিনিধিত্বের সুযোগ প্রদান করবে এবং গণমাধ্যমের ভূমিকা উন্নয়নেও সাহায্য করবে।",বাংলাদেশ জাতীয় পার্টি (বিজেপি),,Amendment,No,,,,পঞ্চম ভাগ (আইনসভা)
অনুচ্ছেদ ৬৬ (সংসদে নির্বাচনে নির্বাচিত হইবার যোগ্যতা ও অযোগ্যতা),"৬৬। (১) কোন ব্যক্তি বাংলাদেশের নাগরিক হইলে এবং তাঁহার বয়স পঁচিশ বৎসর পূর্ণহইলে এই অনুচ্ছেদের (২) দফায় বর্ণিত বিধান - সাপেক্ষে তিনি সংসদের সদস্য নির্বাচিত হইবার এবং সংসদ - সদস্য থাকিবার যোগ্য হইবেন। (২) কোন ব্যক্তি সংসদের সদস্য নির্বাচিত হইবার এবং সংসদ - সদস্য থাকিবার যোগ্য হইবেন না, যদি (ক) কোন উপযুক্ত আদালত তাঁহাকে অপ্রকৃতিস্থ বলিয়া ঘোষণা করেন; (খ) তিনি দেউলিয়া ঘোষিত হইবার পর দায় হইতে অব্যাহতি লাভ না করিয়া থাকেন; (গ) তিনি কোন বিদেশী রাষ্ট্রের নাগরিকত্ব অর্জন করেন কিংবা কোন বিদেশী রাষ্ট্রের প্রতি আনুগত্য ঘোষণা বা স্বীকার করেন; (ঘ) তিনি নৈতিক স্খলনজনিত কোন ফৌজদারী অপরাধে দোষী সাব্যস্ত হইয়া অন্যূন দুই বৎসরের কারাদণ্ডে দণ্ডিত হন এবং তাঁহার মুক্তিলাভের পর পাঁচ বৎসরকাল অতিবাহিত না হইয়া থাকে; ৩৬ [***] ৩৭ [(ঙ) তিনি ১৯৭২ সালের বাংলাদেশ যোগসাজশকারী (বিশেষ ট্রাইব্যু নাল) আদেশের অধীন কোন অপরাধের জন্য দণ্ডিত হইয়া থাকেন; (চ) আইনের দ্বারা পদাধিকারীকে অযোগ্য ঘোষণা করিতেছে না, এমন পদ ব্যতীত তিনি প্রজাতন্ত্রের কর্মেকোন লাভজনক পদে অধিষ্ঠিত থাকেন; অথবা]",পঞ্চদশ সংশোধনীর মাধ্যমে সংসদ সদস্যদের যোগ্যতা ও অযোগ্যতা সংক্রান্ত বেশ কিছু বিধান সংযোজন ও বিয়োজন করা হয়েছে। সার্বিক বিচারে উক্ত সংশোধনীর মাধ্যমে পূর্বতন বিধানস্মূহ স্পষ্টীকরণ করা হয়েছে। - - - সংশোধিত অনুচ্ছেদটি অপরিবর্তিত রাখা যেতে পারে। (পঞ্চদশ সংশোধনীর বৈধতা সংক্রান্ত মামলায় বিষয়টি বিচারাধীন),বাংলাদেশ জাতীয়তাবাদী দল (বিএনপি),,Amendment,No,,,আইনসভা — নিম্নকক্ষ ২। রাজনৈতিক দলগুলো নিম্নকক্ষের মোট আসনের ন্যূনতম ১০% আসনে তরুণ তরুণীদের মধ্য থেকে প্রার্থী মনোনীত করবে। ৩। সংসদীয় নির্বাচনে প্রতিদ্বন্দ্বিতা করার ন্যূনতম বয়স কমিয়ে ২১ বছর করা হবে।,পঞ্চম ভাগ (আইনসভা)
অনুচ্ছেদ ৬৬ (সংসদে নির্বাচনে নির্বাচিত হইবার যোগ্যতা ও অযোগ্যতা),,"দ্বৈত নাগরিক কেউ রাষ্ট্রপতি, এমপি, মন্ত্রী, মেয়র, জেলা পরিষদ, উপজেলা পরিষদের চেয়ারম্যান হতে পারবে না এমন বিধান রাখা।",বাংলাদেশের সমাজতান্ত্রিক দল (বাসদ),,Amendment,No,,,,পঞ্চম ভাগ (আইনসভা)
অনুচ্ছেদ ৬৬ (সংসদে নির্বাচনে নির্বাচিত হইবার যোগ্যতা ও অযোগ্যতা),,"এমপি, মন্ত্রীদের যোগ্যতার মানদণ্ড সুনির্দিষ্ট করা। যেমন: চারিত্রিক ও নৈতিক স্খলনকারী, মুক্তিযুদ্ধের চেতনায় যে বা যারা বিশ্বাস করে না, স্বাধীনতা বিরোধী, যুদ্ধাপরাধী, যারা সাম্প্রদায়িক ধ্যানধারণা পোষণ করেন, ঋণখেলাপি, অর্থ পাচারকারী, ফৌজদারী মামলায় দণ্ডপ্রাপ্ত হলে এবং সাজা ভোগের পর ৫ বছর পূর্ণ না হলে, সরকারি, আধা - সরকারি ও স্বায়ত্তশাসিত প্রতিষ্ঠানের চাকুরিজীবীদের অবসর প্রাপ্তির ৩ বছর পূর্ণ না হলে, দলের সদস্য হওয়ার ২ বছর পূর্ণ না হলে ও দুর্নীতিবাজ কোন ব্যক্তি রাষ্ট্রপতি, এমপি, মন্ত্রী, মেয়র, জেলা পরিষদ, উপজেলা পরিষদের চেয়ারম্যান হতে পারবে না এমন বিধান রাখা।",বাংলাদেশের সমাজতান্ত্রিক দল (বাসদ),,Amendment,No,,,,পঞ্চম ভাগ (আইনসভা)
অনুচ্ছেদ ৬৬ (সংসদে নির্বাচনে নির্বাচিত হইবার যোগ্যতা ও অযোগ্যতা),,"প্রবাসী বাংলাদেশিদের প্রতিনিধিত্ব অনুচ্ছেদ ৬৬(২) (গ) এবং ৬৬(২) (ক) সংশোধন করে দ্বৈত নাগরিকত্বধারীদের যদি তারা জন্মসূত্রে বাংলাদেশি হন এবং রাষ্ট্র কর্তৃক নির্ধারিত ন্যূনতম পরিমাণ রেমিট্যান্স পাঠানোর শর্তেনির্বাচনে অংশগ্রহণের সুযোগ দিতে হবে। কোটা সংস্কার অনুচ্ছেদ ৬৫(৩) - এ নারীদের জন্য ৫০টি আসন সংরক্ষণ করতে হবে, যা শিক্ষা, স্বাস্থ্যসেবা, আইন, গার্মেন্টসসহ বিভিন্ন পেশাগত ক্ষেত্র অনুযায়ী বণ্টিত হবে। এছাড়াও, গার্মেন্টস ও শিল্প খাতের প্রতিনিধিত্ব নিশ্চিত করতে কয়েকটি আসন সংরক্ষণ করতে হবে।",বাংলাদেশ জাতীয় পার্টি (বিজেপি),,Amendment,No,,,,পঞ্চম ভাগ (আইনসভা)
অনুচ্ছেদ ৬৬ (সংসদে নির্বাচনে নির্বাচিত হইবার যোগ্যতা ও অযোগ্যতা),,অনুচ্ছেদ ৬৬(২) (ঘ) (নির্বাচনে অংশগ্রহণের বিধিনিষেধ) । নৈতিক স্খলনজনিত অপরাধে দোষী সাব্যস্ত ব্যক্তি নির্বাচনে অংশগ্রহণ করতে পারবেন না। “নৈতিক স্খলন” শব্দটি অস্পষ্ট এবং এর অপব্যবহার হওয়ার ঝুঁকি থাকে। রাজনৈতিক প্রতিহিংসার কারণে মিথ্যা মামলার মাধ্যমে বিরোধী পক্ষকে নির্বাচন থেকে দূরে রাখার সুযোগ তৈরি হয়।,নাগরিক ঐক্য,,Amendment,No,,,,পঞ্চম ভাগ (আইনসভা)
অনুচ্ছেদ ৬৬ (সংসদে নির্বাচনে নির্বাচিত হইবার যোগ্যতা ও অযোগ্যতা),,স্থানীয় সরকার ও জাতীয় নির্বাচনে ন্যূনতম শিক্ষাগত যোগ্যতার বিধান যুক্ত করা যেতে পারে।,গণঅধিকার পরিষদ (নুর),,Amendment,No,,,,পঞ্চম ভাগ (আইনসভা)
অনুচ্ছেদ ৬৬ (সংসদে নির্বাচনে নির্বাচিত হইবার যোগ্যতা ও অযোগ্যতা),,সংসদ সদস্য প্রার্থী নুন্যতম ২৩ বছর হতে হবে।,গণঅধিকার পরিষদ (নুর),,Amendment,No,,,,পঞ্চম ভাগ (আইনসভা)
অনুচ্ছেদ ৬৬ (সংসদে নির্বাচনে নির্বাচিত হইবার যোগ্যতা ও অযোগ্যতা),,একই ব্যক্তি একই সাথে দুটি আসনের প্রার্থী হতে পারবেন না।,গণঅধিকার পরিষদ (নুর),,Amendment,No,,,,পঞ্চম ভাগ (আইনসভা)
অনুচ্ছেদ ৬৬ (সংসদে নির্বাচনে নির্বাচিত হইবার যোগ্যতা ও অযোগ্যতা),,সরকারী কর্মকর্তা কর্মচারীদের অবসরের ৫ বছরের মধ্যে নির্বাচনের অংশ গ্রহণ বেআইনী ঘোষণা করতে হবে।,বাংলাদেশ লেবার পার্টি,,Amendment,no,,,,পঞ্চম ভাগ (আইনসভা)
অনুচ্ছেদ ৬৬ (সংসদে নির্বাচনে নির্বাচিত হইবার যোগ্যতা ও অযোগ্যতা),,"সংসদ সদস্যগণ জনগণের স্বার্থে কাজ করবেন, স্বচ্ছতা বজায় রাখবেন, কার্যকর আইন প্রণয়ন করবেন, অধিবেশনে উপস্থিত থাকবেন, নৈতিক আচারণ বজায় রাখবেন, সংবিধান রক্ষা করবেন, ঐক্য প্রচার করবেন, সুষম উন্নয়ন নিশ্চিত করবেন, পরিবেশ রক্ষা করবেন এবং নিয়মিত জনসাধারণকে প্রতিবেদন প্রদান করবেন। ব্যর্থহলে সাংবিধানিক পর্যালোচনা ও শাস্তির মুখোমুখি হবেন।",বাংলাদেশ জাতীয় পার্টি (বিজেপি),,Amendment,no,,,,পঞ্চম ভাগ (আইনসভা)
অনুচ্ছেদ ৬৬ (সংসদে নির্বাচনে নির্বাচিত হইবার যোগ্যতা ও অযোগ্যতা),,"(১) কোনো ব্যক্তি বাংলাদেশের নাগরিক হইলে এবং তাঁহার বয়স পঁচিশ বৎসর পূর্ণহইলে এই অনুচ্ছেদের (২) দফায় বর্ণিত বিধান সাপেক্ষে তিনি সংসদের সদস্য নির্বাচিত হইবার এবং সংসদ সদস্য থাকিবার যোগ্য হইবেন। (২) কোনো ব্যক্তি সংসদের সদস্য নির্বাচিত হইবার এবং সংসদ সদস্য থাকিবার যোগ্য হইবেন না, যদি (ক) কোনো উপযুক্ত আদালত তাঁহাকে অপ্রকৃতিস্থ বলিয়া ঘোষণা করেন, (খ) তিনি দেউলিয়া ঘোষিত হইবার পর দায় হইতে অব্যাহতি লাভ না করিয়া থাকেন (গ) তিনি কোনো বিদেশী রাষ্ট্রের নাগরিকত্ব অর্জন করেন কিংবা কোনো বিদেশী রাষ্ট্রের প্রতি আনুগত্য ঘোষণা বা স্বীকার করেন। (ঘ) তিনি নৈতিক স্খলনজনিত কোনো ফৌজদারী অপরাধে দোষী সাব্যস্ত হইয়া অন্যূন দুই বৎসরের কারাদণ্ডে দণ্ডিত হন এবং তাঁহার মুক্তিলাভের পর পাঁচ বৎসরকাল অতিবাহিত না হইয়া থাকে, (ঙ) আইনের দ্বারা পদাধিকারীকে অযোগ্য ঘোষণা করিতেছে না, এমন পদ ব্যতীত তিনি জনগণতন্ত্রের কর্মেকোনো লাভজনক পদে অধিষ্ঠিত থাকেন, অথবা (চ) তিনি কোনো আইনের দ্বারা বা অধীন অনুরূপ নির্বাচনের জন্য অযোগ্য হন। (৩) এই অনুচ্ছেদের (২) দফার (গ) উপদফাতে যাহাকিছুই থাকুক না কেন, কোনো ব্যক্তি জন্মসূত্রে বাংলাদেশের নাগরিক হইয়া কোনো বিদেশী রাষ্ট্রের নাগরিকত্ব অর্জন করিলে এবং পরবর্তীতে উক্ত ব্যক্তি - (ক) দ্বৈত নাগরিকত্ব গ্রহণের ক্ষেত্রে বিদেশী রাষ্ট্রের নাগরিকত্ব ত্যাগ করিলে, কিংবা (খ) অন্য ক্ষেত্রে, পু নরায় বাংলাদেশের নাগরিকত্ব গ্রহণ করিলে এই অনুচ্ছেদের উদ্দেশ্য সাধনকল্পে তিনি বিদেশী রাষ্ট্রের নাগরিকত্ব অর্জন করিয়াছেন বলিয়া গণ্য হইবেন না।] (৪) এই অনুচেছদের উদ্দেশ্য সাধনকল্পে কোনো ব্যক্তি কেবল রাষ্ট্রপতি, প্রধানমন্ত্রী, স্পীকার, ডেপুটি স্পীকার, মন্ত্রী, প্রতিমন্ত্রী বা উপমন্ত্রী হইবার কারণে জনগণতন্ত্রের কর্মেকোনো লাভজনক পদে অধিষ্ঠিত বলিয়া গণ্য হইবেন না। (৫) কোনো সংসদ সদস্য তাঁহার নির্বাচনের পর এই অনুচ্ছেদের (২) দফায় বর্ণিত অযোগ্যতার অধীন হইয়াছেন কি না কিংবা এই সংবিধানের ৭০ অনুচ্ছেদ অনুসারে কোনো সংসদ সদস্যের আসন শূন্য হইবে কি না, সে সম্পর্কেকোনো বিতর্কদেখা দিলে শুনানী ও নিষ্পত্তির জন্য প্রশ্নটি নির্বাচন কমিশনের নিকট প্রেরিত হইবে এবং অনুরূপ ক্ষেত্রে কমিশনের সিদ্ধান্ত চূড়ান্ত হইবে। (৬) এই অনুচ্ছেদের (৫) দফার বিধানাবলী যাহাতে পূর্ণ কার্যকারিতা লাভ করিতে পারে, সেই উদ্দেশ্যে নির্বাচন কমিশনকে ক্ষমতাদানের জন্য সংসদ যেরূপ প্রয়োজন বোধ করিবেন, আইনের দ্বারা সেইরূপ বিধান করিতে পারিবেন।",রাষ্ট্র সংস্কার আন্দোলন,,Amendment,no,,,,পঞ্চম ভাগ (আইনসভা)
অনুচ্ছেদ ৬৬ (সংসদে নির্বাচনে নির্বাচিত হইবার যোগ্যতা ও অযোগ্যতা),,৬৬. ৬৭. এই অনুচ্ছেদে বা অন্য কোনো উপযুক্ত স্থানে “সংখ্যানুপাতিক পদ্ধতি ব্যবস্থা প্রবর্তন” না হওয়া পর্যন্ত ‘না’ ভোট প্রদানের এবং ভোটারগণ কতৃক সংসদে তাদের প্রতিনিধিত্বকারী সদস্যকে প্রত্যাহার করার অধিকার (Right to Recall) প্রদান এবং তার প্রয়োগের বিধানসমূহ সন্নিবেশিত করতে হবে।,বাংলাদেশের কমিউনিস্ট পার্টি,,Amendment,no,,,,পঞ্চম ভাগ (আইনসভা)
অনুচ্ছেদ ৬৮ (সংসদ সদস্যদের পারিশ্রমিক প্রভৃতি),"৬৮। সংসদের আইন - দ্বারা কিংবা অনুরূপভাবে নির্ধারিত না হওয়া পর্যন্ত রাষ্ট্রপতি কর্তৃক আদেশের দ্বারা যেরূপ নির্ধারিত হইবে, সংসদ - সদস্যগণ সেইরূপ 41[পারিশ্রমিক], ভাতা ও বিশেষ - অধিকার লাভ করিবেন।",পঞ্চদশ সংশোধনীর মাধ্যমে সংসদ সদস্যদের বেতনকে 'পারিশ্রমিক' শব্দ দ্বারা প্রতিস্থাপন করা হয়েছে। - - - সংশোধিত অনুচ্ছেদটি অপরিবর্তিত রাখা যেতে পারে। (পঞ্চদশ সংশোধনীর বৈধতা সংক্রান্ত মামলায় বিষয়টি বিচারাধীন)।,বাংলাদেশ জাতীয়তাবাদী দল (বিএনপি),,Amendment,No,,,,পঞ্চম ভাগ (আইনসভা)
অনুচ্ছেদ ৭০ (রাজনৈতিক দল হইতে পদত্যাগ বা দলের বিপক্ষে ভোটদানের কারণে আসন শূন্য হওয়া),"৪২ [৭০। কোন নির্বাচনে কোন রাজনৈতিক দলের প্রার্থীরূপে মনোনীত হইয়া কোন ব্যক্তি সংসদ - সদস্য নির্বাচিত হইলে তিনি যদি - (ক) উক্ত দল হইতে পদত্যাগ করেন, অথবা (খ) সংসদে উক্ত দলের বিপক্ষে ভোটদান করেন, তাহা হইলে সংসদে তাঁহার আসন শূন্য হইবে, তবে তিনি সেই কারণে পরবর্তী কোন নির্বাচনে সংসদ - সদস্য হইবার অযোগ্য হইবেন না।]",৭০ নং অনুচ্ছেদ বর্ণিত ফ্লোর ক্রসিং পদ্ধতির যৌক্তিক সংস্কার করতে হবে।,গণঅধিকার পরিষদ (ফারুক),,Amendment,Yes,,,আইনসভা নিম্নকক্ষ ৬। অর্থবিল ব্যতীত নিম্নকক্ষের সদস্যদের তাদের মনোনয়নকারী দলের বিপক্ষে ভোট দেওয়ার পূর্ণ ক্ষমতা থাকবে।,পঞ্চম ভাগ (আইনসভা)
অনুচ্ছেদ ৭০ (রাজনৈতিক দল হইতে পদত্যাগ বা দলের বিপক্ষে ভোটদানের কারণে আসন শূন্য হওয়া),,৭০ নং অনুচ্ছেদ বাতিল করতে হবে,ভাসানী অনুসারী পরিষদ,,Amendment,Yes,"বাংলাদেশ বিপ্লবী কমিউনিস্ট লীগ, বাংলাদেশের সমাজতান্ত্রিক দল (মার্কসবাদী), এনডিএম, গণতান্ত্রিক বিপ্লবী পার্টি, বাংলাদেশ মুসলিম লীগ, ইউনাইটেড পিপল্স ডেমোক্রেটিক ফ্রন্ট (ইউপিডিএফ)",,,পঞ্চম ভাগ (আইনসভা)
অনুচ্ছেদ ৭০ (রাজনৈতিক দল হইতে পদত্যাগ বা দলের বিপক্ষে ভোটদানের কারণে আসন শূন্য হওয়া),,৭০ নং অনুচ্ছেদ বাতিল করতে হবে,বাংলাদেশের বিপ্লবী কমিউনিস্ট লীগ,,Amendment,Yes,"ভাসানী অনুসারী পরিষদ, বাংলাদেশের সমাজতান্ত্রিক দল (মার্কসবাদী), এনডিএম, গণতান্ত্রিক বিপ্লবী পার্টি, বাংলাদেশ মুসলিম লীগ, ইউনাইটেড পিপল্স ডেমোক্রেটিক ফ্রন্ট (ইউপিডিএফ)",,,পঞ্চম ভাগ (আইনসভা)
অনুচ্ছেদ ৭০ (রাজনৈতিক দল হইতে পদত্যাগ বা দলের বিপক্ষে ভোটদানের কারণে আসন শূন্য হওয়া),,৭০ নং অনুচ্ছেদ বাতিল করতে হবে,বাংলাদেশের সমাজতান্ত্রিক দল (মার্কসবাদী),,Amendment,Yes,"ভাসানী অনুসারী পরিষদ, বাংলাদেশ বিপ্লবী কমিউনিস্ট লীগ, এনডিএম, গণতান্ত্রিক বিপ্লবী পার্টি, বাংলাদেশ মুসলিম লীগ, ইউনাইটেড পিপল্স ডেমোক্রেটিক ফ্রন্ট (ইউপিডিএফ)",,,পঞ্চম ভাগ (আইনসভা)
অনুচ্ছেদ ৭০ (রাজনৈতিক দল হইতে পদত্যাগ বা দলের বিপক্ষে ভোটদানের কারণে আসন শূন্য হওয়া),,৭০ নং অনুচ্ছেদ বাতিল করতে হবে,জাতীয়তাবাদী গণতান্ত্রিক আন্দোলন (এনডিএম),,Amendment,Yes,"ভাসানী অনুসারী পরিষদ, বাংলাদেশ বিপ্লবী কমিউনিস্ট লীগ, বাংলাদেশের সমাজতান্ত্রিক দল (মার্কসবাদী), গণতান্ত্রিক বিপ্লবী পার্টি, বাংলাদেশ মুসলিম লীগ, ইউনাইটেড পিপল্স ডেমোক্রেটিক ফ্রন্ট (ইউপিডিএফ)",,,পঞ্চম ভাগ (আইনসভা)
অনুচ্ছেদ ৭০ (রাজনৈতিক দল হইতে পদত্যাগ বা দলের বিপক্ষে ভোটদানের কারণে আসন শূন্য হওয়া),,৭০ নং অনুচ্ছেদ বাতিল করতে হবে,গণতান্ত্রিক বিপ্লবী পার্টি,,Amendment,Yes,"ভাসানী অনুসারী পরিষদ, বাংলাদেশ বিপ্লবী কমিউনিস্ট লীগ, বাংলাদেশের সমাজতান্ত্রিক দল (মার্কসবাদী), এনডিএম, বাংলাদেশ মুসলিম লীগ, ইউনাইটেড পিপল্স ডেমোক্রেটিক ফ্রন্ট (ইউপিডিএফ)",,,পঞ্চম ভাগ (আইনসভা)
অনুচ্ছেদ ৭০ (রাজনৈতিক দল হইতে পদত্যাগ বা দলের বিপক্ষে ভোটদানের কারণে আসন শূন্য হওয়া),,৭০ নং অনুচ্ছেদ বাতিল করতে হবে,বাংলাদেশ মুসলিম লীগ,,Amendment,Yes,"ভাসানী অনুসারী পরিষদ, বাংলাদেশ বিপ্লবী কমিউনিস্ট লীগ, বাংলাদেশের সমাজতান্ত্রিক দল (মার্কসবাদী), এনডিএম, গণতান্ত্রিক বিপ্লবী পার্টি, ইউনাইটেড পিপল্স ডেমোক্রেটিক ফ্রন্ট (ইউপিডিএফ)",,,পঞ্চম ভাগ (আইনসভা)
অনুচ্ছেদ ৭০ (রাজনৈতিক দল হইতে পদত্যাগ বা দলের বিপক্ষে ভোটদানের কারণে আসন শূন্য হওয়া),,৭০ নং অনুচ্ছেদ বাতিল করতে হবে,ইউনাইটেড পিপল্‌স ডেমোক্রেটিক ফ্রন্ট (ইউপিডিএফ),,Amendment,Yes,"ভাসানী অনুসারী পরিষদ, বাংলাদেশ বিপ্লবী কমিউনিস্ট লীগ, বাংলাদেশের সমাজতান্ত্রিক দল (মার্কসবাদী), এনডিএম, গণতান্ত্রিক বিপ্লবী পার্টি",,,পঞ্চম ভাগ (আইনসভা)
অনুচ্ছেদ ৭০ (রাজনৈতিক দল হইতে পদত্যাগ বা দলের বিপক্ষে ভোটদানের কারণে আসন শূন্য হওয়া),,"অনুচ্ছেদ ৬৭ এবং ৭০: ফ্লোর ক্রসিং বর্তমানে বন্ধ করা উচিত নয়, এটি সংসদীয় সরকার ব্যবস্থা স্থিতিশীল করতে যুক্ত করা হয়েছিল, আমরা এটি আরও দুইটি মেয়াদ পর্যন্ত রাখতে চাই, এদিকে গণপ্রতিনিধিত্ব আদেশ, ১৯৭২, রাজনৈতিক দল আইনের মতো বিষয়গুলোতে রাজনৈতিক দলগুলোর সংস্কারের জন্য প্রস্তাবনা যুক্ত করা উচিত; যদি রাজনৈতিক দলগুলির সংস্কার হয়, তাহলে এমপিদের বিক্রি হওয়ার সম্ভাবনা কমে যাবে, তখন অনুচ্ছেদ ৭০ পু নর্বিবেচনা করা যেতে পারে।",বাংলাদেশ জামায়াতে ইসলামী,,Amendment,No,,,,পঞ্চম ভাগ (আইনসভা)
অনুচ্ছেদ ৭০ (রাজনৈতিক দল হইতে পদত্যাগ বা দলের বিপক্ষে ভোটদানের কারণে আসন শূন্য হওয়া),,৭০ : কোন দল হতে নির্বাচিত সংসদ সদস্য যদি আস্থা ভোটের সময় দলের বিপক্ষে ভোট দেয় তাহলে তার সংসদ পদ বিলুপ্ত হবে এবং ঐ আসনটি শূন্য বলে ঘোষিত হবে। এবং ঐ সদস্যের ভোট গণনায় ধরা হবে না ।,খেলাফত মজলিস,,Amendment,No,,,,পঞ্চম ভাগ (আইনসভা)
অনুচ্ছেদ ৭০ (রাজনৈতিক দল হইতে পদত্যাগ বা দলের বিপক্ষে ভোটদানের কারণে আসন শূন্য হওয়া),,সাংবিধানিক স্বৈরতন্ত্রের উৎস সংবিধানের ৭০ অনুচ্ছেদ সংস্কার সরকার গঠনে আস্থাভোট ও অর্থবিল ব্যতিরেকে সংসদ সদস্যরা সকল বিলে স্বাধীন মতামত প্রদান ও জনগণের প্রতিনিধিত্ব করার অধিকার নিশ্চিত করা প্রয়োজন,বাংলাদেশের বিপ্লবী ওয়ার্কার্স পার্টি,,Amendment,Yes,"গণসংহতি আন্দোলন, গণতান্ত্রিক বাম ঐক্য ও নাগরিক ঐক্য",,,পঞ্চম ভাগ (আইনসভা)
অনুচ্ছেদ ৭০ (রাজনৈতিক দল হইতে পদত্যাগ বা দলের বিপক্ষে ভোটদানের কারণে আসন শূন্য হওয়া),,সাংবিধানিক স্বৈরতন্ত্রের উৎস সংবিধানের ৭০ অনুচ্ছেদ সংস্কার সরকার গঠনে আস্থাভোট ও অর্থবিল ব্যতিরেকে সংসদ সদস্যরা সকল বিলে স্বাধীন মতামত প্রদান ও জনগণের প্রতিনিধিত্ব করার অধিকার নিশ্চিত করা প্রয়োজন,গণসংহতি আন্দোলন,,Amendment,Yes,"বাংলাদেশের বিপ্লবী ওয়ার্কার্স পার্টি,  গণতান্ত্রিক বাম ঐক্য ও নাগরিক ঐক্য",,,পঞ্চম ভাগ (আইনসভা)
অনুচ্ছেদ ৭০ (রাজনৈতিক দল হইতে পদত্যাগ বা দলের বিপক্ষে ভোটদানের কারণে আসন শূন্য হওয়া),,সাংবিধানিক স্বৈরতন্ত্রের উৎস সংবিধানের ৭০ অনুচ্ছেদ সংস্কার সরকার গঠনে আস্থাভোট ও অর্থবিল ব্যতিরেকে সংসদ সদস্যরা সকল বিলে স্বাধীন মতামত প্রদান ও জনগণের প্রতিনিধিত্ব করার অধিকার নিশ্চিত করা প্রয়োজন,গণতান্ত্রিক বাম ঐক্য,,Amendment,Yes,"বাংলাদেশের বিপ্লবী ওয়ার্কার্স পার্টি, গণসংহতি আন্দোলন ও নাগরিক ঐক্য",,,পঞ্চম ভাগ (আইনসভা)
অনুচ্ছেদ ৭০ (রাজনৈতিক দল হইতে পদত্যাগ বা দলের বিপক্ষে ভোটদানের কারণে আসন শূন্য হওয়া),,সাংবিধানিক স্বৈরতন্ত্রের উৎস সংবিধানের ৭০ অনুচ্ছেদ সংস্কার সরকার গঠনে আস্থাভোট ও অর্থবিল ব্যতিরেকে সংসদ সদস্যরা সকল বিলে স্বাধীন মতামত প্রদান ও জনগণের প্রতিনিধিত্ব করার অধিকার নিশ্চিত করা প্রয়োজন,নাগরিক ঐক্য,,Amendment,Yes,"বাংলাদেশের বিপ্লবী ওয়ার্কার্স পার্টি, গণসংহতি আন্দোলন ও গণতান্ত্রিক বাম ঐক্য",,,পঞ্চম ভাগ (আইনসভা)
অনুচ্ছেদ ৭০ (রাজনৈতিক দল হইতে পদত্যাগ বা দলের বিপক্ষে ভোটদানের কারণে আসন শূন্য হওয়া),,প্রতিটি রাজনৈতিক দলকে ক্ষমতাসীন দলের সমালোচনার সুযোগ নিশ্চিত করতে হবে।,জাতীয়তাবাদী সমমনা জোট,,Amendment,No,,,,পঞ্চম ভাগ (আইনসভা)
অনুচ্ছেদ ৭০ (রাজনৈতিক দল হইতে পদত্যাগ বা দলের বিপক্ষে ভোটদানের কারণে আসন শূন্য হওয়া),,"সংসদকে অধিকতর কার্যকর করিবার লক্ষ্যে ৭০ অনুচ্ছেদে Floor Crossing সংক্রান্ত বিধিনেষেধ শিথিল করা যাইতে পারে। সেই লক্ষ্যে নিম্নলিখিতভাবে (খ) অনুচ্ছেদ সংশোধন করা যাইতে পারে: (খ) ‘সংসদে আস্থাভোট, অর্থবিল, সংবিধান সংশোধনী বিল এবং রাষ্ট্রীয় নিরাপত্তার প্রশ্ন জড়িত এমন সব বিষয়ে উক্ত দলের বিপক্ষে ভোটদান করেন’, তাহা হইলে সংসদে তাঁহার আসন শূন্য হইবে, তবে তিনি সেই কারণে পরবর্তী কোনো নির্বাচনে সংসদ - সদস্য হইবার অযোগ্য হইবেন না।",বাংলাদেশ জাতীয়তাবাদী দল (বিএনপি),,Amendment,No,,,,পঞ্চম ভাগ (আইনসভা)
অনুচ্ছেদ ৭০ (রাজনৈতিক দল হইতে পদত্যাগ বা দলের বিপক্ষে ভোটদানের কারণে আসন শূন্য হওয়া),,"৭০ অনুচ্ছেদের কঠোরতা খর্ব করতে হবে। সংসদ সদস্যগণ দল বদল করলে তথা অন্য কোনো রাজনৈতিক দলে যোগ দিলে বা দলের প্রাথমিক সদস্যপদ থেকে পদত্যাগ করলে বা অব্যাহতি দেয়া হলে তার সাংসদ পদ শুন্য হবে। আস্থা ভোটে দলের বিপরীতে ভোট দেয়া যাবে না। অন্য যেকোনো বিষয়ে তিনি স্বাধীন থাকবেন, দলের বিরুদ্ধে ভোট দিতে পারবেন ।",জাতীয় নাগরিক কমিটি,,Amendment,Yes,ইসলামী আন্দোলন বাংলাদেশ,,,পঞ্চম ভাগ (আইনসভা)
অনুচ্ছেদ ৭০ (রাজনৈতিক দল হইতে পদত্যাগ বা দলের বিপক্ষে ভোটদানের কারণে আসন শূন্য হওয়া),,"৭০ অনুচ্ছেদের কঠোরতা খর্ব করতে হবে। সংসদ সদস্যগণ দল বদল করলে তথা অন্য কোনো রাজনৈতিক দলে যোগ দিলে বা দলের প্রাথমিক সদস্যপদ থেকে পদত্যাগ করলে বা অব্যাহতি দেয়া হলে তার সাংসদ পদ শুন্য হবে। আস্থা ভোটে দলের বিপরীতে ভোট দেয়া যাবে না। অন্য যেকোনো বিষয়ে তিনি স্বাধীন থাকবেন, দলের বিরুদ্ধে ভোট দিতে পারবেন ।",ইসলামী আন্দোলন বাংলাদেশ,,Amendment,Yes,জাতীয় নাগরিক কমিটি,,,পঞ্চম ভাগ (আইনসভা)
অনুচ্ছেদ ৭০ (রাজনৈতিক দল হইতে পদত্যাগ বা দলের বিপক্ষে ভোটদানের কারণে আসন শূন্য হওয়া),,"কোনো নির্বাচনে কোনো রাজনৈতিক দলের প্রার্থীরূপে মনোনীত হইয়া কোনো ব্যক্তি সংসদ সদস্য নির্বাচিত হইলে তিনি যদি - (ক) অন্যকোন দলে যোগ দেন, অথবা (খ) অর্থ বিলে দলীয় অবস্থানের বিপরীতে ভোট দেন, তাহা হইলে সংসদে তাঁহার আসন শূন্য হইবে, তবে তিনি সেই কারণে পরবর্তী কোনো নির্বাচনে সংসদ সদস্য হইবার অযোগ্য হইবেন না।",রাষ্ট্র সংস্কার আন্দোলন,,Amendment,No,,,,পঞ্চম ভাগ (আইনসভা)
অনুচ্ছেদ ৭০ (রাজনৈতিক দল হইতে পদত্যাগ বা দলের বিপক্ষে ভোটদানের কারণে আসন শূন্য হওয়া),,"শুধু সরকারের বিরুদ্ধে অনাস্থা ও বার্ষিক বাজেট ক্ষেত্রদ্বয়ের মধ্যে সীমাবদ্ধ থাকবে, মর্মে সংশোধন করতে হবে",বাংলাদেশের সমাজতান্ত্রিক পার্টি (বিএসপি),,Amendment,No,,,,পঞ্চম ভাগ (আইনসভা)
অনুচ্ছেদ ৭০ (রাজনৈতিক দল হইতে পদত্যাগ বা দলের বিপক্ষে ভোটদানের কারণে আসন শূন্য হওয়া),,৩টি বিষয় অর্থাৎ (১) আলোচনা - মতামতের পর বাজেট (অর্থবিল) পাশ করার সময় (২) জাতীয় নিরাপত্তা সংক্রান্ত যথা বহিঃশত্রুর আক্রমণ তথা যুদ্ধ ইত্যাদি ক্ষেত্রে (৩) সরকারের প্রতি অনাস্থা ভোটের সময় দলীয় হুইপ যাতে কার্যকর থাকে এটা রেখে ৭০ অনুচ্ছেদের সংশোধন করা প্রয়োজন,বাংলাদেশের সমাজতান্ত্রিক দল (বাসদ),,Amendment,No,,,,পঞ্চম ভাগ (আইনসভা)
অনুচ্ছেদ ৭০ (রাজনৈতিক দল হইতে পদত্যাগ বা দলের বিপক্ষে ভোটদানের কারণে আসন শূন্য হওয়া),,সংসদ সদস্যগণ অনাস্থা ভোট ছাড়া বাকি সব প্রস্তাবে স্বাধীনভাবে পক্ষ অবলম্বন করিতে পারিবেন। নির্দলীয় ভাবে নির্বাচিত হয়ে কোন সংসদ সদস্য কোন রাজনৈতিক দলে যোগদান করলে তার সদস্য পদ বাতিল বলিয়া গণ্য হইবে।,বাংলাদেশ লেবার পার্টি,,Amendment,No,,,,পঞ্চম ভাগ (আইনসভা)
অনুচ্ছেদ ৭০ (রাজনৈতিক দল হইতে পদত্যাগ বা দলের বিপক্ষে ভোটদানের কারণে আসন শূন্য হওয়া),,সংসদে [সংযুক্তিঃ অনাস্থা প্রস্তাব] উক্ত দলের বিপক্ষে …,বাংলাদেশের জাতীয় সমাজতান্ত্রিক দল (বাংলাদেশ জাসদ),,Amendment,No,,,,পঞ্চম ভাগ (আইনসভা)
অনুচ্ছেদ ৭০ (রাজনৈতিক দল হইতে পদত্যাগ বা দলের বিপক্ষে ভোটদানের কারণে আসন শূন্য হওয়া),,বিদেশি চুক্তির ক্ষেত্রে রাজনৈতিক দলের বিরুদ্ধে সংসদ সদস্যদের ভোট দেয়ার সুযোগ তৈরি করতে হবে।,জাতীয়তাবাদী সমমনা জোট,,Amendment,No,,,,পঞ্চম ভাগ (আইনসভা)
অনুচ্ছেদ ৭০ (রাজনৈতিক দল হইতে পদত্যাগ বা দলের বিপক্ষে ভোটদানের কারণে আসন শূন্য হওয়া),,"জাতীয় সংসদে যেকোন বিল পাস করিতে সংসদের দুইতৃতীয়াং শ সংসদ সদস্যের সমর্থন লাগবে এবং সংবিধান সংশোধন করিতে জাতীয় সংসদের তিনচতুর্থাংশ সংসদ সদস্যের সমর্থন লাগবে তবে সকল প্রকার সংবিধান সংশোধন বিলে সংসদে গৃহীত হবার পর গণভোট গ্রহণ ছাড়া কার্যকর করার উদ্দেশ্যে রাষ্ট্রপতির কাছে প্রেরণ করা যাইবে না,",বাংলাদেশ লেবার পার্টি,,Amendment,No,,,,পঞ্চম ভাগ (আইনসভা)
অনুচ্ছেদ ৭০ (রাজনৈতিক দল হইতে পদত্যাগ বা দলের বিপক্ষে ভোটদানের কারণে আসন শূন্য হওয়া),,"স্বাধীনতা সার্বভৌমত্ব ও দলের অস্তিত্বের প্রশ্নে ফ্লোর ক্রস করা যাবে না। তবে ছোটখাটো দ্বিমত বা যৌক্তিক কারণে স্বাধীন অভিমত প্রকাশ করা যাবে, এটা গণতন্ত্রের প্রতি শ্রদ্ধা ও মূল্যবোধ হিসেবে বিবেচিত হব",১২ দলীয় জোট,,Amendment,No,,,,পঞ্চম ভাগ (আইনসভা)
অনুচ্ছেদ ৭০ (রাজনৈতিক দল হইতে পদত্যাগ বা দলের বিপক্ষে ভোটদানের কারণে আসন শূন্য হওয়া),,ক. জাতীয় সংসদে আস্থা/অনাস্থা (confidence / no - confidence) ভোট ব্যবস্থা থাকবে। খ. আস্থা/অনাস্থা ভোট ব্যতীত সংসদ সদস্যদের স্বাধীনভাবে মতামত প্রদানের সুযোগ নিশ্চিত করা।,জাতীয় সমাজতান্ত্রিক দল (জেএসডি),,Amendment,No,,,,পঞ্চম ভাগ (আইনসভা)
অনুচ্ছেদ ৭০ (রাজনৈতিক দল হইতে পদত্যাগ বা দলের বিপক্ষে ভোটদানের কারণে আসন শূন্য হওয়া),,সংবিধানের ৭০ অনুচ্ছেদ সংশোধন করে সংসদ সদস্যদের মত প্রকাশের স্বাধীনতা নিশ্চিত করতে হবে।,বাংলাদেশ লেবার পার্টি,,Amendment,No,,,,পঞ্চম ভাগ (আইনসভা)
অনুচ্ছেদ ৭০ (রাজনৈতিক দল হইতে পদত্যাগ বা দলের বিপক্ষে ভোটদানের কারণে আসন শূন্য হওয়া),,৭০ (খ) ‘সংসদে’ শব্দের পর “আস্থা ভোটের ক্ষেত্রে” শব্দগুলো যুক্ত হবে।,বাংলাদেশের কমিউনিস্ট পার্টি,,Amendment,No,,,,পঞ্চম ভাগ (আইনসভা)
অনুচ্ছেদ ৭০ (রাজনৈতিক দল হইতে পদত্যাগ বা দলের বিপক্ষে ভোটদানের কারণে আসন শূন্য হওয়া),,"অর্থবিল, বাজেট ছাড়া সকল বিলে অনাস্থার বিধান রেখে সংবিধানের ৭০ অনুচ্ছেদ সংস্কার করতে হবে",জাতীয় পার্টি (কাজী জাফর),,Amendment,No,,,,পঞ্চম ভাগ (আইনসভা)
অনুচ্ছেদ ৭২ (সংসদের অধিবেশন),"৭২। (১) সরকারী বিজ্ঞপ্তি - দ্বারা রাষ্ট্রপতি সংসদ আহবান , স্থগিত ও ভঙ্গ করিবেন এবং সংসদ আহবানকালে রাষ্ট্রপতি প্রথম বৈঠকের সময় ও স্থান নির্ধারণ করিবেন: ৪৩[তবে শর্তথাকে যে,৪৪ [১২৩ অনুচ্ছেদের (৩) দফার (ক) উপ - দফায় উল্লিখিত নব্বই দিন সময় ব্যতীত অন্য সময়ে] সংসদের এক অধিবেশনের সমাপ্তি ও পরবর্তী অধিবেশনের প্রথম বৈঠকের মধ্যে ষাট দিনের অতিরিক্ত বিরতি থাকিবে না: তবে আরও শর্তথাকে যে, এই দফার অধীন তাঁহার দায়িত্ব পালনে রাষ্ট্রপতি প্রধানমন্ত্রী কর্তৃক লিখিতভাবে প্রদত্ত পরামর্শ অনুযায়ী কার্য করিবেন।] (২) এই অনুচ্ছেদের (১) দফার বিধানাবলী সত্ত্বেও সংসদ - সদস্যদের যে কোন সাধারণ নির্বাচনের ফলাফল ঘোষিত হইবার ত্রিশ দিনের মধ্যে বৈঠক অনুষ্ঠানের জন্য সংসদ আহবান করা হইবে। (৩) রাষ্ট্রপতি পূর্বে ভাঙ্গিয়া না দিয়া থাকিলে প্রথম বৈঠকের তারিখ হইতে পাঁচ বৎসর অতিবাহিত হইলে সংসদ ভাঙ্গিয়া যাইবে: তবে শর্তথাকে যে, প্রজাতন্ত্র যুদ্ধে লিপ্ত থাকিবার কালে সংসদের আইন - দ্বারা অনুরূপ মেয়াদ এককালে অনধিক এক বৎসর বর্ধিত করা যাইতে পারিবে, তবে যুদ্ধ সমাপ্ত হইলে বর্ধিত মেয়াদ কোনক্রমে ছয় মাসের অধিক হইবে না। (৪) সংসদ ভঙ্গ হইবার পর এবং সংসদের পরবর্তী সাধারণ নির্বাচন অনুষ্ঠানের পূর্বে রাষ্ট্রপতির নিকট যদি সন্তোষজনকভাবে প্রতীয়মান হয় যে, প্রজাতন্ত্র যে যুদ্ধে লিপ্ত রহিয়াছেন, সেই যুদ্ধাবস্থার বিদ্যমানতার জন্য সংসদ পু নরাহবান করা প্রয়োজন, তাহা হইলে যে সংসদ ভাঙ্গিয়া দেওয়া হইয়াছিল, রাষ্ট্রপতি তাহা আহবান করিবেন। ৪৫[* * *] (৫) এই অনুচ্ছেদের (১) দফার বিধানাবলী - সাপেক্ষে কার্যপ্রণালী - বিধি - দ্বারা বা অন্যভাবে সংসদ যেরূপ নির্ধারণ করিবেন, সংসদের বৈঠকসমূহ সেইরূপ সময়ে ও স্থানে অনুষ্ঠিত হইবে।",িডেন্ট কিছু নির্দিষ্ট পরিস্থিতিতে (প্রধানমন্ত্রীর পরামর্শ ছাড়াই) পার্লামেন্ট ভেঙ্গে দেওয়ার ক্ষমতা থাকা উচিত,বাংলাদেশ জামায়াতে ইসলামী,,Amendment,No,,,,পঞ্চম ভাগ (আইনসভা)
অনুচ্ছেদ ৭২ (সংসদের অধিবেশন),,পঞ্চদশ সংশোধনীর মাধ্যমে অত্র অনুচ্ছেদে বেশ কিছু পরিবর্তন আনা হয়েছে। - - - পঞ্চদশ সংশোধনীর মাধ্যমে আনীত পরিবর্তন বাতিল করতে হবে।,বাংলাদেশ জাতীয়তাবাদী দল (বিএনপি),,Amendment,No,,,,পঞ্চম ভাগ (আইনসভা)
অনুচ্ছেদ ৭২ (সংসদের অধিবেশন),,সরকারের মেয়াদ হবে ৪ বছর।,জাতীয় নাগরিক কমিটি,,Amendment,Yes,ইসলামী আন্দোলন বাংলাদেশ,,,পঞ্চম ভাগ (আইনসভা)
অনুচ্ছেদ ৭২ (সংসদের অধিবেশন),,সরকারের মেয়াদ হবে ৪ বছর।,ইসলামী আন্দোলন বাংলাদেশ,,Amendment,Yes,জাতীয় নাগরিক কমিটি,,,পঞ্চম ভাগ (আইনসভা)
অনুচ্ছেদ ৭২ (সংসদের অধিবেশন),,কেবল সংসদ নেতার পরামর্শক্রমে রাষ্ট্রপতি সময়ের আগে সংসদ ভেঙে দিতে পারবেন,জাতীয় নাগরিক কমিটি,,Amendment,Yes,ইসলামী আন্দোলন বাংলাদেশ,,,পঞ্চম ভাগ (আইনসভা)
অনুচ্ছেদ ৭২ (সংসদের অধিবেশন),,কেবল সংসদ নেতার পরামর্শক্রমে রাষ্ট্রপতি সময়ের আগে সংসদ ভেঙে দিতে পারবেন,ইসলামী আন্দোলন বাংলাদেশ,,Amendment,Yes,জাতীয় নাগরিক কমিটি,,,পঞ্চম ভাগ (আইনসভা)
অনুচ্ছেদ ৭২ (সংসদের অধিবেশন),,"৭২ ১. এই উপধারার শেষ প্যারা “তবে আরও শর্তথাকে যে, ... কার্য করবেন” বাদ যাবে (কারণ এটি সব ক্ষেত্রেই প্রযোজ্য, তা অন্যত্র ৪৮ ৩. ধারায় সাধারণভাবে বর্ণিত আছে।)",বাংলাদেশের কমিউনিস্ট পার্টি,,Amendment,No,,,,পঞ্চম ভাগ (আইনসভা)
অনুচ্ছেদ ৭২ (সংসদের অধিবেশন),,"৭২। (১) সরকারি বিজ্ঞপ্তি দ্বারা রাষ্ট্রপতি সংসদ আহবান করিবেন এবং সংসদ আহবানকালে রাষ্ট্রপতি প্রথম বৈঠকের সময় ও স্থান নির্ধারণ করিবেন, তবে শর্তথাকে যে, [১২৩ অনুচ্ছেদের (৩) দফার (ক) উপ - দফায় উল্লিখিত নব্বই দিন সময় ব্যতীত অন্য সময়ে] সংসদের এক অধিবেশনের সমাপ্তি ও পরবর্তী অধিবেশনের প্রথম বৈঠকের মধ্যে ষাট দিনের অতিরিক্ত বিরতি থাকিবে না, তবে আরও শর্তথাকে যে, এই দফার অধীন তাঁহার দায়িত্ব পালনে রাষ্ট্রপতি প্রধানমন্ত্রী কর্তৃক লিখিতভাবে প্রদত্ত পরামর্শ অনুযায়ী কার্য করিবেন। (২) এই অনুচ্ছেদের (১) দফার বিধানাবলী সত্ত্বেও সংসদ সদস্যদের যেকোন সাধারণ নির্বাচনের ফলাফল ঘোষিত হইবার ত্রিশ দিনের মধ্যে বৈঠক অনুষ্ঠানের জন্য সংসদ আহবান করা হইবে। (৩) রাষ্ট্রপতি পূর্বে ভাঙ্গিয়া না দিয়া থাকিলে প্রথম বৈঠকের তারিখ হইতে পাঁচ বৎসর অতিবাহিত হইলে সংসদ ভাঙ্গিয়া যাইবে; তবে শর্তথাকে যে, জনগণতন্ত্র যুদ্ধে লিপ্ত থাকিবার কালে সংসদের আইন দ্বারা অনুরূপ মেয়াদ এককালে অনধিক এক বৎসর বর্ধিত করা যাইতে পারিবে, তবে যুদ্ধ সমাপ্ত হইলে বর্ধিত মেয়াদ কোনক্রমে ছয় মাসের অধিক হইবে না। (৪) সংসদ ভঙ্গ হইবার পর এবং সংসদের পরবর্তী সাধারণ নির্বাচন অনুষ্ঠানের পূর্বে রাষ্ট্রপতির নিকট যদি সন্তোষজনকভাবে প্রতীয়মান হয় যে, জনগণতন্ত্র যে যুদ্ধে লিপ্ত রহিয়াছেন, সেই যুদ্ধাবস্থার বিদ্যমানতার জন্য সংসদ পু নরাহবান করা প্রয়োজন, তাহা হইলে যে সংসদ ভাঙ্গিয়া দেওয়া হইয়াছিল রাষ্ট্রপতি তাহা আহবান করিবেন। (৫) এই অনুচ্ছেদের (১) দফার বিধানাবলী সাপেক্ষে কার্যপ্রণালী বিধি দ্বারা বা অন্যভাবে সংসদ যেরূপ নির্ধারণ করিবেন, সংসদের বৈঠকসমূহ সেইরূপ সময়ে ও স্থানে অনুষ্ঠিত হইবে",রাষ্ট্র সংস্কার আন্দোলন,,Amendment,No,,,,পঞ্চম ভাগ (আইনসভা)
"অনুচ্ছেদ ৭৫ (কার্যপ্রণালী - বিধি, কোরাম প্রভৃতি)","৭৫। (১) এই সংবিধান - সাপেক্ষে (ক) সংসদ কর্তৃক প্রণীত কার্যপ্রণালী - বিধি - দ্বারা এবং অনুরূপ বিধি প্রণীত না হওয়া পর্যন্ত রাষ্ট্রপতি কর্তৃক প্রণীত কার্যপ্রণালী - বিধি - দ্বারা সংসদের কার্যপ্রণালী নিয়ন্ত্রিত হইবে; (খ) উপস্থিত ও ভোটদানকারী সদস্যদের সংখ্যাগরিষ্ঠ ভোটে সংসদে সিদ্ধান্ত গৃহীত হইবে, তবে সমসংখ্যক ভোটের ক্ষেত্র ব্যতীত সভাপতি ভোটদান করিবেন না এবং অনুরূপ ক্ষেত্রে তিনি নির্ণায়ক ভোট প্রদান করিবেন; (গ) সংসদের কোন সদস্যপদ শূন্য রহিয়াছে, কেবল এই কারণে কিংবা সংসদে উপস্থিত হইবার বা ভোটদানের বা অন্য কোন উপায়ে কার্যধারায় অংশগ্রহণের অধিকার না থাকা সত্ত্বেও কোন ব্যক্তি অনুরূপ কার্য করিয়াছেন, কেবল এই কারণে সংসদের কোন কার্যধারা অবৈধ হইবে না। (২) সংসদের বৈঠক চলাকালে কোন সময়ে উপস্থিত সদস্য - সংখ্যা ষাটের কম বলিয়া যদি সভাপতির দৃষ্টি আকর্ষণ করা হয়, তাহা হইলে তিনি অন্যূন ষাট জন সদস্য উপস্থিত না হওয়া পর্যন্ত বৈঠক স্থগিত রাখিবেন কিংবা মুলতবী করিবেন",৭৫ ২. “ষাটের” - এর স্থলে “একশত জন” প্রতিস্থাপিত হবে।,বাংলাদেশের কমিউনিস্ট পার্টি,,Amendment,No,,,,পঞ্চম ভাগ (আইনসভা)
অনুচ্ছেদ ৭৬ (সংসদেদের স্থায়ী কমিটিসমূহ),"৭৬। (১) ৫০[* * *] সংসদ - সদস্যদের মধ্য হইতে সদস্য লইয়া সংসদ নিম্নলিখিত স্থায়ী কমিটিসমূহ নিয়োগ করিবেন: (ক) সরকারী হিসাব কমিটি; (খ) বিশেষ - অধিকার কমিটি; এবং (গ) সংসদের কার্যপ্রণালী - বিধিতে নির্দিষ্ট অন্যান্য স্থায়ী কমিটি। (২) সংসদ এই অনুচ্ছেদের (১) দফায় উল্লিখিত কমিটিসমূহের অতিরিক্ত অন্যান্য স্থায়ী কমিটি নিয়োগ করিবেন এবং অনুরূপভাবে নিযুক্ত কোন কমিটি এই সংবিধান ও অন্য কোন আইন - সাপেক্ষে (ক) খসড়া বিল ও অন্যান্য আইনগত প্রস্তাব পরীক্ষা করিতে পারিবেন; (খ) আইনের বলবৎকরণ পর্যালোচনা এবং অনুরূপ বলবৎকরণের জন্য ব্যবস্থাদি গ্রহণের প্রস্তাব করিতে পারিবেন; (গ) জনগুরুত্বসম্পন্ন বলিয়া সংসদ কোন বিষয় সম্পর্কে কমিটিকে অবহিত করিলে সেই বিষয়ে কোন মন্ত্রণালয়ের কার্যবা প্রশাসন সম্বন্ধে অনুসন্ধান বা তদন্ত করিতে পারিবেন এবং কোন মন্ত্রণালয়ের নিকট হইতে ক্ষমতাপ্রাপ্ত প্রতিনিধির মাধ্যমে প্রাসঙ্গিক তথ্যাদি সংগ্রহের এবং প্রশ্নাদির মৌখিক বা লিখিত উত্তরলাভের ব্যবস্থা করিতে পারিবেন; (ঘ) সংসদ কর্তৃক অর্পিত যে কোন দায়িত্ব পালন করিতে পারিবেন। (৩) সংসদ আইনের দ্বারা এই অনুচ্ছেদের অধীন নিযুক্ত কমিটিসমূহকে (ক) সাক্ষীদের হাজিরা বলবৎ করিবার এবং শপথ, ঘোষণা বা অন্য কোন উপায়ের অধীন করিয়া তাঁহাদের সাক্ষ্যগ্রহণের, (খ) দলিলপত্র দাখিল করিতে বাধ্য করিবার ক্ষমতা প্রদান করিতে পারিবেন।","সংসদীয় স্থায়ী কমিটিগুলোর প্রধান বিরোধী দল থেকে নির্বাচিত বা স্বতন্ত্র এমপিদের হওয়া উচিত। ১৯৭২ সালের সংবিধান আশা করেছিল যে, এই কমিটিগুলি আইনপ্রণয়ন এবং নীতিমালা নির্ধারণে ন্যায়বিচার নিশ্চিত করবে। সংসদীয় কার্যবিধির বিধি ২৪০ অনুযায়ী, প্রতিটি কমিটির সদস্য সংখ্যা ১০ নির্ধারিত হয়েছে। এটি ৯/১১/১৩ হওয়া উচিত, একটি বিজোড় সংখ্যা, এবং স্থায়ী কমিটির মতামত উর্ধ্বতন কক্ষে তাদের যাচাইয়ের জন্য প্রেরণ করা উচিত। আজকাল, সংসদীয় কমিটিগুলিকে। সমালোচক/বিশেষজ্ঞদের একটি অংশ ""ঘু মন্ত কমিটি"" বলে অভিহিত করছেন, কারণ তারা তাদের প্রত্যাশিত ভূমিকা পালন করতে ব্যর্থহয়েছে (দক্ষতার অভাবে বা ফ্যাসিবাদী প্রবণতার কারণে)।",বাংলাদেশ জামায়াতে ইসলামী,,Amendment,No,,,৭। আইনসভার স্থায়ী কমিটিগুলোর সভাপতি বিরোধীদলীয় সদস্যদের মধ্য থেকে মনোনীত হবেন।,পঞ্চম ভাগ (আইনসভা)
অনুচ্ছেদ ৭৬ (সংসদেদের স্থায়ী কমিটিসমূহ),,সংসদীয় কমিটির ক্ষমতা বাড়াতে হবে। মন্ত্রীসভার যাবতীয় সিদ্ধান্ত সংসদীয় কমিটি চ্যালেঞ্জ করতে পারবে। শুনানি এবং সুপারিশের ভিত্তিতে সিদ্ধান্ত আইনসভায় পাঠাবে মন্ত্রীসভা। সুপারিশ আইনসভায় ভোটাভুটির মুখোমুখি হবে।,জাতীয় নাগরিক কমিটি,,Amendment,Yes,ইসলামী আন্দোলন বাংলাদেশ,,,পঞ্চম ভাগ (আইনসভা)
অনুচ্ছেদ ৭৬ (সংসদেদের স্থায়ী কমিটিসমূহ),,সংসদীয় কমিটির ক্ষমতা বাড়াতে হবে। মন্ত্রীসভার যাবতীয় সিদ্ধান্ত সংসদীয় কমিটি চ্যালেঞ্জ করতে পারবে। শুনানি এবং সুপারিশের ভিত্তিতে সিদ্ধান্ত আইনসভায় পাঠাবে মন্ত্রীসভা। সুপারিশ আইনসভায় ভোটাভুটির মুখোমুখি হবে।,ইসলামী আন্দোলন বাংলাদেশ,,Amendment,Yes,জাতীয় নাগরিক কমিটি,,,পঞ্চম ভাগ (আইনসভা)
অনুচ্ছেদ ৭৬ (সংসদেদের স্থায়ী কমিটিসমূহ),,উভয় কক্ষের সমন্বয়ে সর্বদলীয় সংসদীয় কমিটি গঠন করা হবে। সংসদীয় কমিটি মন্ত্রণালয়ের যেকোনো সিদ্ধান্ত চ্যালেঞ্জ করে তা সংসদের বিবেচনায় পেশ করতে পারবে।,জাতীয় নাগরিক কমিটি,,Amendment,No,,,,পঞ্চম ভাগ (আইনসভা)
অনুচ্ছেদ ৭৬ (সংসদেদের স্থায়ী কমিটিসমূহ),,"এই কমিটি সমস্ত এথিক্যাল ইস্যুগুলি নিয়ে কাজ করবে, কনফ্লিক্ট অব ইন্টারেষ্ট বিষয়গুলি দেখবে। যেমন এই কমিটি খেয়াল রাখবে যে বিমান ব্যবসা বা ট্রভেল এজেন্সি ব্যবসা আছে এমন কোনো সাংসদ যেন বিমান - পর্যটন মন্ত্রনালয় বা এই সংসদীয় কমিটির সদস্য হতে না পারেন। একইভাবে ব্যঙ্ক বা আর্থিক লেনদেন সংশ্লিষ্ট ব্যবসার সাথে জড়িত কেউ অর্থমন্ত্রনালয় বা এই সংসদীয় কমিটির সদস্য হতে না পারেন। এই কমিটি এটাও দেখবে যে, কোন সাংসদ আইন ভঙ্গ বা অপরাধ বা তথ্য গোপন করে সাংসদ হয়েছেন কি না। যেমন লন্ডনে বাড়ি বা ব্যবসা আছে এই তথ্য কোনো সাংসদ গোপন করেছেন কিনা, কিম্বা ২৫ লাখ টাকার উপর নির্বাচনী খরচ করে কেউ সাংসদ মনোনীত হয়েছেন বা হতে চেয়েছেন কি না। যুক্তরাষ্ট্র, কানাডা, অষ্ট্রেলিয়া, ফ্রান্স, জার্মান ভারতে ""পার্লামেন্টারী এথিকস্ কমিটি"" আছে।",নাগরিক ঐক্য,,Amendment,No,,,,পঞ্চম ভাগ (আইনসভা)
অনুচ্ছেদ ৭৬ (সংসদেদের স্থায়ী কমিটিসমূহ),,"উচ্চকক্ষ ও নিম্নকক্ষ থেকে সদস্য নিয়ে সংসদীয় কমিটি গঠন করতে হবে। ক. 'সংসদীয় কমিটি' জাতীয় সংসদের ক্ষুদ্র আকার হিসেবে পরিগণিত হবে। খ. বিদেশে নিযুক্ত বাংলাদেশের রাষ্ট্রদূতগণের মনোনয়ন 'সংসদীয় কমিটি' কর্তৃক অনুমোদিত হতে হবে। গ. নির্বাচন কমিশন, দুর্নীতি দমন কমিশন, সচিবগণ, পাবলিক সার্ভিস কমিশন, ন্যাশনাল অডিট কমিটি, সেনা - নৌ - বিমান বাহিনীর প্রধানদের নিয়াগে 'সংসদীয় কমিটি' কর্তৃক অনুমোদিত হতে হবে।",জাতীয় সমাজতান্ত্রিক দল (জেএসডি),,Amendment,No,,,,পঞ্চম ভাগ (আইনসভা)
অনুচ্ছেদ ৭৬ (সংসদেদের স্থায়ী কমিটিসমূহ),,"৭৬। (১) সংসদ সদস্যদের মধ্য হইতে সদস্য লইয়া সংসদ নিম্নলিখিত স্থায়ী কমিটিসমূহ নিয়োগ করিবেন: (ক) সরকারি হিসাব কমিটি; (খ) বিশেষ অধিকার কমিটি, এবং (গ) সংসদের কার্যপ্রণালী বিধিতে নির্দিষ্ট অন্যান্য স্থায়ী কমিটি। (২) স্থায়ী কমিটির প্রধান হিসাবে কেবল বিরোধী দলের সদস্যরাই বিবেচিত হইবেন। (৩) সংসদ এই অনুচ্ছেদের (১) দফায় উল্লিখিত কমিটিসমূহের অতিরিক্ত অন্যান্য স্থায়ী কমিটি নিয়োগ করিবেন এবং অনুরূপভাবে নিযুক্ত কোনো কমিটি এই সংবিধান ও অন্যকোন আইন সাপেক্ষে (ক) খসড়া বিল ও অন্যান্য আইনগত প্রস্তাব পরীক্ষা করিতে পারিবেন, (খ) আইনের বলবৎকরণ পর্যালোচনা এবং অনুরূপ বলবৎকরণের জন্য ব্যবস্থাদি গ্রহণের প্রস্তাব করিতে পারিবেন, (গ) জনগুরুত্বসম্পন্ন বলিয়া সংসদ কোনো বিষয় সম্পর্কে কমিটিকে অবহিত করিলে সেই বিষয়ে কোনো মন্ত্রণালয়ের কার্যবা প্রশাসন সম্বন্ধে অনুসন্ধান বা তদন্ত করিতে পারিবেন এবং কোনো মন্ত্রণালয়ের নিকট হইতে ক্ষমতাপ্রাপ্ত প্রতিনিধির মাধ্যমে প্রাসঙ্গিক তথ্যাদি সংগ্রহের এবং প্রমাদির মৌখিক বা লিখিত উত্তরলাভের ব্যবস্থা করিতে পারিবেন; (ঘ) সংসদ কর্তৃক অর্পিত যেকোন দায়িত্ব পালন করিতে পারিবেন। (৪) সংসদ আইনের দ্বারা এই অনুচ্ছেদের অধীন নিযুক্ত কমিটিসমূহকে (ক) সাক্ষীদের হাজিরা বলবৎ করিবার এবং শপথ, ঘোষণা বা অন্যকোন উপায়ের অধীন করিয়া তাঁহাদের সাক্ষ্য গ্রহণের (খ) দলিলপত্র দাখিল করিতে বাধ্য করিবার ক্ষমতা প্রদান করিতে পারিবেন।",রাষ্ট্র সংস্কার আন্দোলন,,Amendment,No,,,,পঞ্চম ভাগ (আইনসভা)
অনুচ্ছেদ ৭৬ (সংসদেদের স্থায়ী কমিটিসমূহ),,(৪) স্থায়ীকমিটির চেয়ারম্যানগণ ও সদস্যগণ সংসদ নির্বাচনে প্রাপ্ত ভোটের অনুপাতে নির্বাচিতহবেন ।,খেলাফত মজলিস,,Amendment,No,,,,পঞ্চম ভাগ (আইনসভা)
অনুচ্ছেদ ৭৭ (ন্যায়পাল),"৭৭। (১) সংসদ আইনের দ্বারা ন্যায়পালের পদপ্রতিষ্ঠার জন্য বিধান করিতে পারিবেন। (২) সংসদ আইনের দ্বারা ন্যায়পালকে কোন মন্ত্রণালয়, সরকারী কর্মচারী বা সংবিধিবদ্ধ সরকারী কর্তৃপক্ষের যে কোন কার্য সম্পর্কেতদন্ত পরিচালনার ক্ষমতাসহ যেরূপ ক্ষমতা কিংবা যেরূপ দায়িত্ব প্রদান করিবেন, ন্যায়পাল সেইরূপ ক্ষমতা প্রয়োগ ও দায়িত্ব পালন করিবেন। (৩) ন্যায়পাল তাঁহার দায়িত্বপালন সম্পর্কে বাৎসরিক রিপোর্ট প্রণয়ন করিবেন এবং অনুরূপ রিপোর্ট সংসদে উপস্থাপিত হইবে।","সংবিধানে ক্ষমতার পরিষ্কার পৃথ কীকরণ নিশ্চিত করা হবে এবং দুই বছরের মধ্যে স্বাধীন ওমবাডসম্যান অফিস স্থাপন বাধ্যতামূলক করা হবে। ওমবাডসম্যান সরকারি জবাবদিহিতা পর্যবেক্ষণ করবেন, অভিযোগ তদন্ত করবেন, সরকারি রেকর্ড সংগ্রহ করবেন এবং সংশোধনী পদক্ষেপ সুপারিশ করবেন।",বাংলাদেশ জাতীয় পার্টি (বিজেপি),,Amendment,No,,,"কমিশন সুপারিশ করছে যে ন্যায়পালের নিয়োগ হবে একটি সাংবিধানিক বাধ্যবাধকতা। একজন সাংবিধানিক পদাধিকারী হিসেবে ন্যায়পালের ক্ষমতা হবে মন্ত্রণালয়, সরকারি কর্মকর্তা এবং সরকারি কর্তৃপক্ষের বিরুদ্ধে অভিযোগ গ্রহণ, তদন্ত এবং সমাধান করা। এর ফলে জনপ্রশাসন ও শাসনব্যবস্থায় স্বচ্ছতা ও ন্যায্যতা নিশ্চিত করা সম্ভব হবে।",পঞ্চম ভাগ (আইনসভা)
অনুচ্ছেদ ৭৭ (ন্যায়পাল),,"যেকোনো ব্যক্তি, সংস্থা, কর্মবিভাগ সম্পর্কেতদন্ত/নিরীক্ষার জন্য ন্যায়পালকে নির্দেশ দিতে পারবেন।",জাতীয় নাগরিক কমিটি,,Amendment,Yes,ইসলামী আন্দোলন বাংলাদেশ,,,পঞ্চম ভাগ (আইনসভা)
অনুচ্ছেদ ৭৭ (ন্যায়পাল),,"যেকোনো ব্যক্তি, সংস্থা, কর্মবিভাগ সম্পর্কেতদন্ত/নিরীক্ষার জন্য ন্যায়পালকে নির্দেশ দিতে পারবেন।",ইসলামী আন্দোলন বাংলাদেশ,,Amendment,Yes,জাতীয় নাগরিক কমিটি,,,পঞ্চম ভাগ (আইনসভা)
অনুচ্ছেদ ৭৭ (ন্যায়পাল),,রাষ্ট্রের একজন প্রধান ন্যায়পাল এবং আইনের দ্বারা নির্ধারিত আরও সংখ্যক ন্যায়পাল থাকবেন। সরকারি ও তার অধীনে কর্মবিভাগসমূহ ছাড়াও রিপাবলিকের সীমানায় অবস্থিত সকল সাংবিধানিক প্রতিষ্ঠান আইনানুগ ও বিধি সম্মতভাবে কর্মপ্রক্রিয়া সম্পাদন করছেন কিনা তা ন্যায়পাল তদন্ত/নিরীক্ষণ করবেন। প্রয়োজনীয় আইন - বিধি প্রণয়নে সংসদ ও রাষ্ট্রপতির কাছে প্রস্তাব পাঠাতে পারবেন। প্রধান ন্যায়পাল কেবল জাতীয় পরিষদ ও তার অধীন কমিটিসমূহের কাছে জবাবদিহি করবেন।,জাতীয় নাগরিক কমিটি,,Amendment,Yes,ইসলামী আন্দোলন বাংলাদেশ,,,পঞ্চম ভাগ (আইনসভা)
অনুচ্ছেদ ৭৭ (ন্যায়পাল),,রাষ্ট্রের একজন প্রধান ন্যায়পাল এবং আইনের দ্বারা নির্ধারিত আরও সংখ্যক ন্যায়পাল থাকবেন। সরকারি ও তার অধীনে কর্মবিভাগসমূহ ছাড়াও রিপাবলিকের সীমানায় অবস্থিত সকল সাংবিধানিক প্রতিষ্ঠান আইনানুগ ও বিধি সম্মতভাবে কর্মপ্রক্রিয়া সম্পাদন করছেন কিনা তা ন্যায়পাল তদন্ত/নিরীক্ষণ করবেন। প্রয়োজনীয় আইন - বিধি প্রণয়নে সংসদ ও রাষ্ট্রপতির কাছে প্রস্তাব পাঠাতে পারবেন। প্রধান ন্যায়পাল কেবল জাতীয় পরিষদ ও তার অধীন কমিটিসমূহের কাছে জবাবদিহি করবেন।,ইসলামী আন্দোলন বাংলাদেশ,,Amendment,Yes,জাতীয় নাগরিক কমিটি,,,পঞ্চম ভাগ (আইনসভা)
অনুচ্ছেদ ৭৭ (ন্যায়পাল),,ন্যায়পাল প্রতিষ্ঠা করতে হবে,জাতীয়তাবাদী সমমনা জোট,,Amendment,no,,,,পঞ্চম ভাগ (আইনসভা)
অনুচ্ছেদ ৭৭ (ন্যায়পাল),,প্রধান ন্যায়পাল ও ন্যায়পালের অপসারণ/অভিশংসন হবে জাতীয় পরিষদ,জাতীয় নাগরিক কমিটি,,Amendment,no,,,,পঞ্চম ভাগ (আইনসভা)
অনুচ্ছেদ ৭৭ (ন্যায়পাল),,৭৭ ১. প্রথম বাক্যের শেষে “করতে পারবেন” শব্দগুলোর স্থলে “প্রণয়ন এবং সেই পদে ১ জন ব্যাক্তিকে নির্বাচন করিবেন” শব্দগুলো প্রতিস্থাপিত করা হবে।,বাংলাদেশের কমিউনিস্ট পার্টি,,Amendment,no,,,,পঞ্চম ভাগ (আইনসভা)
অনুচ্ছেদ ৭৭ (ন্যায়পাল),,ন্যায়পাল নিয়োগের বিধান করা।,জাতীয় সমাজতান্ত্রিক দল (জেএসডি),,Amendment,no,,,,পঞ্চম ভাগ (আইনসভা)
অনুচ্ছেদ ৭৭ (ন্যায়পাল),,ন্যায়পাল নিয়োগ (যা সংবিধানে থাকলেও বাস্তাবায়ন হয়নি) দিতে হবে।,ইসলামী আন্দোলন বাংলাদেশ,,Amendment,no,,,,পঞ্চম ভাগ (আইনসভা)
অনুচ্ছেদ ৭৭ (ন্যায়পাল),,ন্যায়পাল ও সাংবিধানিক আদালত প্রতিষ্ঠা এবং নির্বাচন কমিশনসহ সাংবিধানিক প্রতিষ্ঠানের নিয়োগের জন্য সাংবিধানিক কমিশন গঠনের বিধান থাকা দরকার,বাংলাদেশের বিপ্লবী ওয়ার্কার্স পার্টি,,Amendment,no,,,,পঞ্চম ভাগ (আইনসভা)
অনুচ্ছেদ ৭৭ (ন্যায়পাল),,"(১) রাষ্ট্রপতি সংসদ বরাবর ন্যায়পাল এর জন্য প্রার্থী প্রস্তাব করিবেন। সংসদ প্রকাশ্য গণশুনানির মাধ্যমে ন্যায়পাল পদে প্রস্তাবিত প্রার্থীর যোগ্যতা বিচার করিয়া প্রস্তাবিত প্রার্থীর প্রতি তাহাদের সম্মতি বা অসম্মতি জ্ঞাপন করিবেন। সম্মতিপ্রাপ্ত প্রার্থী রাষ্ট্রের ন্যায়পাল হিসাবে দায়িত্বপ্রাপ্ত হইবেন। (২) যেকোন নাগরিক বা প্রতিষ্ঠান রাষ্ট্রের কোনো কর্মচারী বা প্রতিষ্ঠানের বিরুদ্ধে তার মৌলিক অধিকার খর্বহইবার কারণে অভিযোগ দায়ের করিতে পারিবেন। (৩) সংসদ আইনের দ্বারা ন্যায়পালকে কোনো মন্ত্রণালয়, সরকারি কর্মচারী বা সংবিধিবদ্ধ সরকারি কর্তৃপক্ষের যেকোন কার্য সম্পর্কেতদন্ত পরিচালনার ক্ষমতাসহ যেরূপ ক্ষমতা কিংবা যেরূপ দায়িত্ব প্রদান করিবেন, ন্যায়পাল সেইরূপ ক্ষমতা প্রয়োগ ও দায়িত্ব পালন করিবেন। (৪) ন্যায়পাল তাঁহার দায়িত্বপালন সম্পর্কেবাৎসরিক রিপোর্ট প্রণয়ন করিবেন এবং অনুরূপ রিপোর্ট সংসদে উপস্থাপিত হইবে।",রাষ্ট্র সংস্কার আন্দোলন,,Amendment,no,,,,পঞ্চম ভাগ (আইনসভা)
অনুচ্ছেদ ৭৮ (সংসদ ও সদস্যদের বিশেষ অধিকার ও দায়মুক্তি),"৭৮। (১) সংসদের কার্যধারার বৈধতা সম্পর্কে কোন আদালতে প্রশ্ন উত্থাপন করা যাইবে না। (২) সংসদের যে সদস্য বা কর্মচারীর উপর সংসদের কার্যপ্রণালীনিয়ন্ত্রণ, কার্যপরিচালনা বা শৃঙ্খলারক্ষার ক্ষমতা ন্যস্ত থাকিবে, তিনি এই সকল ক্ষমতাপ্রয়োগ সম্পর্কিত কোন ব্যাপারে কোন আদালতের এখতিয়ারের অধীন হইবেন না। (৩) সংসদে বা সংসদের কোন কমিটিতে কিছু বলা বা ভোটদানের জন্য কোন সংসদ - সদস্যের বিরুদ্ধে কোন আদালতে কার্যধারা গ্রহণ করা যাইবে না। (৪) সংসদ কর্তৃক বা সংসদের কর্তৃত্বে কোন রিপোর্ট, কাগজপত্র, ভোট বা কার্যধারা প্রকাশের জন্য কোন ব্যক্তির বিরুদ্ধে কোন আদালতে কোন কার্যধারা গ্রহণ করা যাইবে না। (৫) এই অনুচ্ছেদ - সাপেক্ষে সংসদের আইন - দ্বারা সংসদের, সংসদের কমিটিসমূহের এবং সংসদসদস্যদের বিশেষ - অধিকার নির্ধারণ করা যাইতে পারিবে।","সংসদীয় পদ্ধতির সংস্কারের মাধ্যমে স্বচ্ছতা বৃদ্ধি , যৌক্তিক বিতর্ক এবং সদস্যদের জবাবদিহিতার ব্যবস্থা করতে হবে।",জাতীয়তাবাদী সমমনা জোট,,Amendment,no,,,,পঞ্চম ভাগ (আইনসভা)
অনুচ্ছেদ ৭৮ (সংসদ ও সদস্যদের বিশেষ অধিকার ও দায়মুক্তি),,"ির্বাচিত জনপ্রতিনিধিরা তাদের পুরো মেয়াদজুড়ে জনগণের কাছে জবাবদিহি থাকার জন্য এবং নেতাদেরকে সততা ও কর্মদক্ষতা বজায় রাখতে উদ্বুদ্ধ করার জন্য ""রি - কল ব্যবস্থার প্রবর্তন"" দরকার, কারণ তারা জানেন যে জনগন তাদের অপসারণ করতে পারে।",নাগরিক ঐক্য,,Amendment,no,,,,পঞ্চম ভাগ (আইনসভা)
অনুচ্ছেদ ৭৮ (সংসদ ও সদস্যদের বিশেষ অধিকার ও দায়মুক্তি),,প্রতি ৬ মাস পরপর সংসদ সদস্যরা যাতে তাদের ভোটারদের কাছে জবাবদিহি করেন সেই ব্যবস্থা চালু করা দরকার।,বাংলাদেশের বিপ্লবী ওয়ার্কার্স পার্টি,,Amendment,no,,,,পঞ্চম ভাগ (আইনসভা)
অনুচ্ছেদ ৭৮ (সংসদ ও সদস্যদের বিশেষ অধিকার ও দায়মুক্তি),,আইনসভা ও জাতীয় পরিষদের সদস্য এবং তাদের পরিবারের সম্পদের হিসাব বছরে দুইবার জনগণের সামনে হাজির করতে হবে। সম্পদ বৃদ্ধি বৈধ উপায়ে ও যৌক্তিকভাবে হয়েছে কি না তা দুর্নীতি দমন কমিশন নির্ধারণ করবে।,জাতীয় নাগরিক কমিটি,,Amendment,Yes,ইসলামী আন্দোলন বাংলাদেশ,,,পঞ্চম ভাগ (আইনসভা)
অনুচ্ছেদ ৭৮ (সংসদ ও সদস্যদের বিশেষ অধিকার ও দায়মুক্তি),,আইনসভা ও জাতীয় পরিষদের সদস্য এবং তাদের পরিবারের সম্পদের হিসাব বছরে দুইবার জনগণের সামনে হাজির করতে হবে। সম্পদ বৃদ্ধি বৈধ উপায়ে ও যৌক্তিকভাবে হয়েছে কি না তা দুর্নীতি দমন কমিশন নির্ধারণ করবে।,ইসলামী আন্দোলন বাংলাদেশ,,Amendment,Yes,জাতীয় নাগরিক কমিটি,,,পঞ্চম ভাগ (আইনসভা)
অনুচ্ছেদ ৭৯ (সংসদ - সচিবালয়),৭৯। (১) সংসদের নিজস্ব সচিবালয় থাকিবে। (২) সংসদের সচিবালয়ে কর্মচারীদের নিয়োগ ও কর্মের শর্তসমূহ সংসদ আইনের দ্বারা নির্ধারণ করিতে পারিবেন। (৩) সংসদ কর্তৃক বিধান প্রণীত না হওয়া পর্যন্ত স্পীকারের সহিত পরামর্শক্রমে রাষ্ট্রপতি সংসদের সচিবালয়ে কর্মচারীদের নিয়োগ ও কর্মের শর্তসমূহ নির্ধারণ করিয়া বিধি প্রণয়ন করিতে পারিবেন এবং অনুরূপভাবে প্রণীত বিধিসমূহ যে কোন আইনের বিধান - সাপেক্ষে কার্যকর হইবে।,"সুপ্রিম কোর্টের একটি পৃথক সচিবালয় থাকবে। এছাড়াও, সুপ্রিম কোর্টের প্রয়োজনীয় ব্যয় এবং অধস্তন আদালতের ব্যয় মেটানোর জন্য যে অর্থের প্রয়োজন, তা কনসোলিডেটেড ফান্ড থেকে প্রদান করা হবে। এজন্যে, অনুচ্ছেদ ৮৮, ৯৪ এ প্রয়োজনীয় সংশোধন আনতে হবে",বাংলাদেশ জামায়াতে ইসলামী,,Amendment,no,,,,পঞ্চম ভাগ (আইনসভা)
অনুচ্ছেদ ৮০ (আইন প্রণয়ন পদ্ধতি),"৮০। (১) আইনপ্রণয়নের উদ্দেশ্যে সংসদে আনীত প্রত্যেকটি প্রস্তাব বিল আকারে উত্থাপিত হইবে। (২) সংসদ কর্তৃক কোন বিল গৃহীত হইলে সম্মতির জন্য তাহা রাষ্ট্রপতির নিকট পেশ করিতে হইবে। ৫১ [(৩) রাষ্ট্রপতির নিকট কোন বিল পেশ করিবার পর পনর দিনের মধ্যে তিনি তাহাতে সম্মতিদান করিবেন কিংবা অর্থবিল ব্যতীত অন্য কোন বিলের ক্ষেত্রে বিলটি বা তাহার কোন বিশেষ বিধান পুনর্বিবেচনার কিংবা রাষ্ট্রপতি কর্তৃক নির্দেশিত কোন সংশোধনী বিবেচনার অনুরোধ জ্ঞাপন করিয়া একটি বার্তাসহ তিনি বিলটি সংসদে ফেরত দিতে পারিবেন; এবং রাষ্ট্রপতি তাহা করিতে অসমর্থ হইলে উক্ত মেয়াদের অবসানে তিনি বিলটিতে সম্মতিদান করিয়াছেন বলিয়া গণ্য হইবে।] (৪) রাষ্ট্রপতি যদি বিলটি অনুরূপভাবে সংসদে ফেরত পাঠান, তাহা হইলে সংসদ রাষ্টপতির বার্তাসহ তাহা পু নর্বিবেচনা করিবেন; এবং সংশোধনীসহ বা সংশোধনী ব্যতিরেকে ৫২[***] সংসদ পু নরায় বিলটি গ্রহণ করিলে সম্মতির জন্য তাহা রাষ্ট্রপতির নিকট উপস্থাপিত হইবে এবং অনুরূপ উপস্থাপনের সাত দিনের মধ্যে তিনি বিলটিতে সম্মতিদান করিবেন; এবং রাষ্ট্রপতি তাহা করিতে অসমর্থহইলে উক্ত মেয়াদের অবসানে তিনি বিলটিতে সম্মতিদান করিয়াছেন বলিয়া গণ্য হইবে। (৫) সংসদ কর্তৃক গৃহীত বিলটিতে রাষ্ট্রপতি সম্মতিদান করিলে বা তিনি সম্মতিদান করিয়াছেন বলিয়া গণ্য হইলে তাহা আইনে পরিণত হইবে এবং সংসদের আইন বলিয়া অভিহিত হইবে।",পঞ্চদশ সংশোধনীর মাধ্যমে দফা (৩) প্রতিস্থাপিত হলেও আদতে পূর্বের বিধানই অপরিবর্তিত রয়েছে। - - - প্রতিস্থাপিত অনুচ্ছেদটি বহাল রাখতে হবে।(পঞ্চদশ সংশধনীর বৈধতা সংক্রান্ত মামলায় বিষয়টি বিচারাধীন)।,বাংলাদেশ জাতীয়তাবাদী দল (বিএনপি),,Amendment,no,,,"ক. আইন প্রণয়নের পর্যালোচনা:

(ক) উচ্চকক্ষের আইন প্রণয়নের প্রস্তাব করার ক্ষমতা থাকবে না। তবে নিম্নকক্ষে পাসকৃত অর্থবিল ব্যতীত সকল বিল উভয় কক্ষে উপস্থাপিত হতে হবে।

(খ) আইন প্রণয়নের উদ্দেশ্যে আনীত নিম্নকক্ষের বিল উচ্চকক্ষ পর্যালোচনা ও বিশ্লেষণ করে আইন দ্বারা নির্ধারিত সময়ের মধ্যে অনুমোদন বা প্রত্যাখ্যান করবে।

যদি উচ্চকক্ষ কোনো বিল অনুমোদন করে:

(গ) সেক্ষেত্রে উভয় কক্ষ কর্তৃক পাসকৃত বিল রাষ্ট্রপতির সম্মতির জন্য পাঠানো হবে।

যদি উচ্চকক্ষ কোনো বিল প্রত্যাখ্যান করে :

(ঘ) সেক্ষেত্রে উচ্চকক্ষ সংশোধনের সুপারিশসহ বিল পুনর্বিবেচনার জন্য নিম্নকক্ষে পাঠাতে পারবে। নিম্নকক্ষ উচ্চকক্ষের প্রস্তাবিত সংশোধনগুলো, সম্পূর্ণ ও আংশিকভাবে গ্রহণ বা প্রত্যাখ্যান করতে পারবে।

(ঙ) নিম্নকক্ষে পরপর দুটি অধিবেশনে পাসকৃত বিল যদি উচ্চকক্ষ প্রত্যাখ্যান করে এবং নিম্নকক্ষ যদি এটি আবারও পরবর্তী অধিবেশনে পাস করে, তবে উচ্চকক্ষের অনুমোদন ছাড়াই বিলটি রাষ্ট্রপতির অনুমোদনের জন্য পাঠানো যেতে পারে।

(চ) উচ্চকক্ষ কোনো বিল স্থায়ীভাবে আটকাতে পারবে না। উচ্চকক্ষ কোনো বিল ২ (দুই) মাসের বেশি আটকে রাখলে, তা উচ্চকক্ষ দ্বারা অনুমোদিত বলে বিবেচিত হবে।",পঞ্চম ভাগ (আইনসভা)
অনুচ্ছেদ ৮০ (আইন প্রণয়ন পদ্ধতি),,পঞ্চদশ সংশোধনীর মাধ্যমে দফা (৪) সংশোধন করা হয়েছে। পূর্বতন বিধান অনুসারে রাষ্ট্রপতি কর্তৃক পু নর্বিবেচনার জন্য সংসদে ফেরত পাঠানো বিল মোট সংসদ - সদস্যদের সংখ্যাগরিষ্ঠ ভোটের দ্বারা গৃহিত হবার বাধ্যবাধকতা ছিল। পঞ্চদশ সংশোধনী এক্ষেত্রে উপস্থিত সংসদ - সদস্যদের সংখ্যাগরিষ্ঠ ভোটের দ্বারা এরূপ বিল গৃহিত হবার সুযোগ তৈরি করেছে। - - - সংশোধিত অনুচ্ছেদটি অপরিবর্তিত রাখা যেতে পারে। (পঞ্চদশ সংশধনীর বৈধতা সংক্রান্ত মামলায় বিষয়টি বিচারাধীন)।,বাংলাদেশ জাতীয়তাবাদী দল (বিএনপি),,Amendment,no,,,,পঞ্চম ভাগ (আইনসভা)
অনুচ্ছেদ ৮০ (আইন প্রণয়ন পদ্ধতি),,৮০ ৩. “তহবিল ব্যাতিত অন্য কোনো বিলের ক্ষেত্রে” এর পরে নিম্নোক্ত শব্দগুলো যুক্ত হবে - - “প্রধানমন্ত্রীর পরামর্শব্যতিরেকে নিজস্ব বিবেচনা হইতেও” শব্দগুলো যুক্ত হবে।,বাংলাদেশের কমিউনিস্ট পার্টি,,Amendment,no,,,,পঞ্চম ভাগ (আইনসভা)
অনুচ্ছেদ ৮০ (আইন প্রণয়ন পদ্ধতি),,"(১) আইনপ্রণয়নের উদ্দেশ্যে সংসদে আনীত প্রত্যেকটি প্রস্তাব বিল আকারে উত্থাপিত হইবে। (২) সংসদ কর্তৃক কোনো বিল গৃহীত হইলে সম্মতির জন্য তাহা রাষ্ট্রপতির নিকট পেশ করিতে হইবে। (৩) রাষ্ট্রপতির নিকট কোনো বিল পেশ করিবার পর পনের দিনের মধ্যে তিনি তাহাতে সম্মতিদান করিবেন কিংবা অর্থবিল ব্যতীত অন্যকোন বিলের ক্ষেত্রে বিলটি বা তাহার কোনো বিশেষ বিধান পু নর্বিবেচনার কিংবা রাষ্ট্রপতি কর্তৃক নির্দেশিত কোনো সংশোধনী বিবেচনার অনুরোধ জ্ঞাপন করিয়া একটি বার্তাসহ তিনি বিলটি সর্বোচ্চ দুই বার সংসদে ফেরত দিতে পারিবেন, এবং রাষ্ট্রপতি তাহা করিতে অসমর্থহইলে উক্ত মেয়াদের অবসানে তিনি বিলটিতে সম্মতিদান করিয়াছেন বলিয়া গণ্য হইবে।] (৪) রাষ্ট্রপতি যদি বিলটি অনুরূপভাবে সংসদে ফেরত পাঠান তাহা হইলে সংসদ রাষ্ট্রপতির বার্তাসহ তাহা পু নর্বিবেচনা করিবেন, এবং সংশোধনীসহ বা সংশোধনী ব্যতিরেকে সংসদ পু নরায় বিলটি গ্রহণ করিলে সম্মতির জন্য তাহা রাষ্ট্রপতির নিকট উপস্থাপিত হইবে এবং অনুরূপ উপস্থাপনের সাত দিনের মধ্যে তিনি বিলটিতে সম্মতিদান করিবেন, এবং রাষ্ট্রপতি তাহা করিতে অসমর্থহইলে উক্ত মেয়াদের অবসানে তিনি বিলটিতে সম্মতিদান করিয়াছেন বলিয়া গণ্য হইবে। (৫) সংসদ কর্তৃক গৃহীত বিলটিতে রাষ্ট্রপতি সম্মতিদান করিলে বা তিনি সম্মতিদান করিয়াছেন বলিয়া গণ্য হইলে তাহা আইনে পরিণত হইবে এবং সংসদের আইন বলিয়া অভিহিত হইবে।",রাষ্ট্র সংস্কার আন্দোলন,,Amendment,no,,,,পঞ্চম ভাগ (আইনসভা)
অনুচ্ছেদ ৮০ (আইন প্রণয়ন পদ্ধতি),,(২) সংসদের নিম্নকক্ষ কর্তৃক কোন বিল গৃহীত হলে তা উচ্চকক্ষে যাবে । উচচ কক্ষে বিলটি অনুমোদিত হলে রাষ্ট্রপতির কাছে পেশ করা হবে। তিনি স্বাক্ষর দান করলে তা আইনে পরিণত হবে।,খেলাফত মজলিস,,Amendment,no,,,,পঞ্চম ভাগ (আইনসভা)
অনুচ্ছেদ ৮২ (আর্থিক ব্যবস্থাবলীর সুপারিশ),"৮২। ৫৩[কোন অর্থ বিল, অথবা সরকারী অর্থ ব্যয়ের প্রশ্ন জড়িত রহিয়াছে এমন কোন বিল] রাষ্ট্রপতির সুপারিশ ব্যতীত সংসদে উত্থাপন করা যাইবে না: তবে শর্তথাকে যে,৫৪ [কোন অর্থ বিলে] কোন কর হ্রাস বা বিলোপের বিধান - সংবলিত কোন সংশোধনী উত্থাপনের জন্য এই অনুচ্ছেদের অধীন সুপারিশের প্রয়োজন হইবে না।",অত্র অনুচ্ছেদে পঞ্চদশ সংশোধনী কর্তৃক আনীত পরিবর্তনের মাধ্যমে পূর্বতন বিধান স্পষ্টীকরন করা হয়েছে। - - - সংশোধিত অনুচ্ছেদটি অপরিবর্তিত রাখা যেতে পারে। (পঞ্চদশ সংশধনীর বৈধতা সংক্রান্ত মামলায় বিষয়টি বিচারাধী,বাংলাদেশ জাতীয়তাবাদী দল (বিএনপি),,Amendment,no,,,১১। অর্থবিল ব্যতীত নিম্নকক্ষের সদস্য তাদের মনোনয়নকারী দলের বিপক্ষে ভোট দেওয়ার পূর্ণ ক্ষমতা থাকবে।,পঞ্চম ভাগ (আইনসভা)
অনুচ্ছেদ ৮৩ (সংসদের আইন ব্যতীত করারোপে বাধা),সংসদের কোন আইনের দ্বারা বা কর্তৃত্ব ব্যতীত কোন কর আরোপ বা সংগ্রহ করা যাইবে না।,"Will remain as it is but a proviso as under is required to be added. Provided herein that no taxation, duties, cess, of any kind or sort can be levied as or under any statutory Rules and Orders by any authority, everything which relates to financial imposition or otherwise shall have to be through a Finance Bill.",বাংলাদেশ মুসলিম লীগ,,Amendment,no,,,,পঞ্চম ভাগ (আইনসভা)
অনুচ্ছেদ ৮৭ (বাজেট),,৮৭(১) আর্থিক বছরঃ ইংরেজী বর্ষই (জানুয়রি - ডিসেম্বর) আর্থিক বছর হিসাবে গণ্য হবে,খেলাফত মজলিস,,Amendment,no,,,,পঞ্চম ভাগ (আইনসভা)
অনুচ্ছেদ ৯৩ (অধ্যাদেশ প্রণয়ন ক্ষমতা),"৯৩। (১) 57[সংসদ ভাঙ্গিয়া যাওয়া অবস্থায় অথবা উহার অধিবেশনকাল ব্যতীত] কোন সময়ে রাষ্ট্রপতির নিকট আশু ব্যবস্থাগ্রহণের জন্য প্রয়োজনীয় পরিস্থিতি বিদ্যমান রহিয়াছে বলিয়া সন্তোষজনকভাবে প্রতীয়মান হইলে তিনি উক্ত পরিস্থিতিতে যেরূপ প্রয়োজনীয় বলিয়া মনে করিবেন, সেইরূপ অধ্যাদেশ প্রণয়ন ও জারী করিতে পারিবেন এবং জারী হইবার সময় হইতে অনুরূপভাবে প্রণীত অধ্যাদেশ সংসদের আইনের ন্যায় ক্ষমতাসম্পন্ন হইবে: তবে শর্তথাকে যে, এই দফার অধীন কোন অধ্যাদেশে এমন কোন বিধান করা হইবে না, (ক) যাহা এই সংবিধানের অধীন সংসদের আইনদ্বারা আইনসঙ্গতভাবে করা যায় না; (খ) যাহাতে এই সংবিধানের কোন বিধান পরিবর্তিত বা রহিত হইয়া যায়; অথবা (গ) যাহার দ্বারা পূর্বে প্রণীত কোন অধ্যাদেশের যে কোন বিধানকে অব্যাহতভাবে বলবৎ করা যায়। (২) এই অনুচ্ছেদের (১) দফার অধীন প্রণীত কোন অধ্যাদেশ জারী হইবার পর অনুষ্ঠিত সংসদের প্রথম বৈঠকে তাহা উপস্থাপিত হইবে এবং ইতঃপূর্বেবাতিল না হইয়া থাকিলে অধ্যাদেশটি অনুরূপভাবে উপস্থাপনের পর ত্রিশ দিন অতিবাহিত হইলে কিংবা অনুরূপ মেয়াদ উত্তীর্ণহইবার পূর্বে তাহা অননুমোদন করিয়া সংসদে প্রস্তাব গৃহীত হইলে অধ্যাদেশটির কার্যকরতা লোপ পাইবে। (৩) সংসদ ভাঙ্গিয়া যাওয়া অবস্থার কোন সময়ে রাষ্ট্রপতির নিকট ব্যবস্থা - গ্রহণের জন্য প্রয়োজনীয় পরিস্থিতি বিদ্যমান রহিয়াছে বলিয়া সন্তোষজনকভাবে প্রতীয়মান হইলে তিনি এমন অধ্যাদেশ প্রণয়ন ও জারী করিতে পারিবেন, যাহাতে সংবিধান - দ্বারা সংযুক্ত তহবিলের উপর কোন ব্যয় দায়যুক্ত হউক বা না হউক, উক্ত তহবিল হইতে সেইরূপ ব্যয়নির্বাহের কর্তৃত্ব প্রদান করা যাইবে এবং অনুরূপভাবে প্রণীত কোন অধ্যাদেশ জারী হইবার সময় হইতে তাহা সংসদের আইনের ন্যায় ক্ষমতাসম্পন্ন হইবে। (৪) এই অনুচ্ছেদের (৩) দফার অধীন জারীকৃত প্রত্যেক অধ্যাদেশ যথাশীঘ্র সংসদে উপস্থাপিত হইবে এবং সংসদ পু নর্গঠিত হইবার তারিখ হইতে ত্রিশ দিনের মধ্যে এই সংবিধানের ৮৭, ৮৯ ও ৯০ অনুচ্ছেদসমূহের বিধানাবলী প্রয়োজনীয় উপযোগীকরণসহ পালিত হইবে।",পঞ্চদশ সংশোধনীর মাধ্যমে দফা (১) প্রতিস্থাপিত হলেও আদতে পূর্বের বিধানই অপরিবর্তিত রয়েছে। - - - প্রতিস্থাপিত অনুচ্ছেদটি বহাল রাখতে হবে।(পঞ্চদশ সংশধনীর বৈধতা সংক্রান্ত মামলায় বিষয়টি বিচারাধীন)।,বাংলাদেশ জাতীয়তাবাদী দল (বিএনপি),,Amendment,No,,,,পঞ্চম ভাগ (আইনসভা)
অনুচ্ছেদ ৬৫-৯৩ (অন্যান্য প্রস্তাব),[প্রযোজ্য নয়],বিরোধী দলের পদ প্রদান - ডেপুটি স্পিকার থাকবেন ২ জন।,গণঅধিকার পরিষদ (নুর),,Amendment,no,,,"স্থায়ী কমিটিসমূহ:

১২। আইনসভার যথাযথ তত্ত্বাবধান ও শাসন নিশ্চিত করার জন্য সংসদের স্থায়ী কমিটিগুলোর কার্যকারিতা বৃদ্ধি করা অত্যন্ত গুরুত্বপূর্ণ। কমিশন প্রস্তাব করছে যে, এই কমিটিগুলোর সভাপতি বিরোধী দলীয় সদস্যদের মধ্য থেকে মনোনীত হবেন। এর ফলে সংসদীয় স্থায়ী কমিটিগুলোর ওপর ক্ষমতাসীন দলের প্রভাব কমিয়ে দলনিরপেক্ষ সহযোগিতামূলক সংস্কৃতি তৈরি করা সম্ভব হবে এবং কমিটির লক্ষ্য ও স্বার্থ বাস্তবায়ন করাও সহজতর হবে। অধিকন্তু, স্বার্থের সংঘাত এড়াতে কঠোর নীতিমালা বাস্তবায়ন করা গুরুত্বপূর্ণ। এসব নীতিমালায় সদস্যদের ব্যক্তিগত, আর্থিক বা পেশাগত যেকোনো স্বার্থসংশ্লিষ্ট বিষয় প্রকাশ করার বাধ্যবাধকতা থাকতে হবে। এবং এইরূপ স্বার্থ থাকলে ওই সদস্যরা সংশ্লিষ্ট স্থায়ী কমিটির সদস্য হতে পারবেন না ।

সংসদ সদস্যের একাধিক পদ গ্রহণের ক্ষেত্রে বাধানিষেধ

১৩। একজন সংসদ সদস্য একই সাথে নিম্নলিখিত যেকোনো একটির বেশি পদে অধিষ্ঠিত হবেন না: (ক) প্রধানমন্ত্রী, (খ) সংসদনেতা, এবং (গ) রাজনৈতিক দলের প্রধান। এর ফলে এক ব্যক্তির মধ্যে ক্ষমতার কেন্দ্রীকরণ এবং কর্তৃত্ববাদ রোধ করা সহজতর হবে।


২১। ন্যায়পাল নিয়োগ সুপারিশমালা কমিশন সুপারিশ করছে যে ন্যায়পালের নিয়োগ হবে একটি সাংবিধানিক বাধ্যবাধকতা। একজন সাংবিধানিক পদাধিকারী হিসেবে ন্যায়পালের ক্ষমতা হবে মন্ত্রণালয়, সরকারি কর্মকর্তা এবং সরকারি কর্তৃপক্ষের বিরুদ্ধে অভিযোগ গ্রহণ, তদন্ত এবং সমাধান করা। এর ফলে জনপ্রশাসন ও শাসনব্যবস্থায় স্বচ্ছতা ও ন্যায্যতা নিশ্চিত করা সম্ভব হবে।",পঞ্চম ভাগ (আইনসভা)
অনুচ্ছেদ ৬৫-৯৩ (অন্যান্য প্রস্তাব),,বিরোধী দল থেকে ডেপুটি স্পিকার মনোনীত করতে হবে,গণঅধিকার পরিষদ (নুর),,Amendment,Yes,"ভাসানী অনুসারী পরিষদ, ১২ দলীয় জোট ও ইসলামী আন্দোলন বাংলাদেশ",,,পঞ্চম ভাগ (আইনসভা)
অনুচ্ছেদ ৬৫-৯৩ (অন্যান্য প্রস্তাব),,বিরোধী দল থেকে ডেপুটি স্পিকার মনোনীত করতে হবে,ভাসানী অনুসারী পরিষদ,,Amendment,Yes,"গণঅধিকার পরিষদ (নুর), ১২ দলীয় জোট ও ইসলামী আন্দোলন বাংলাদেশ",,,পঞ্চম ভাগ (আইনসভা)
অনুচ্ছেদ ৬৫-৯৩ (অন্যান্য প্রস্তাব),,বিরোধী দল থেকে ডেপুটি স্পিকার মনোনীত করতে হবে,১২ দলীয় জোট,,Amendment,Yes,"গণঅধিকার পরিষদ (নুর), ভাসানী অনুসারী পরিষদ ও ইসলামী আন্দোলন বাংলাদেশ",,,পঞ্চম ভাগ (আইনসভা)
অনুচ্ছেদ ৬৫-৯৩ (অন্যান্য প্রস্তাব),,বিরোধী দল থেকে ডেপুটি স্পিকার মনোনীত করতে হবে,ইসলামী আন্দোলন বাংলাদেশ,,Amendment,Yes,"গণঅধিকার পরিষদ (নুর), ভাসানী অনুসারী পরিষদ ও ১২ দলীয় জোট",,,পঞ্চম ভাগ (আইনসভা)
অনুচ্ছেদ ৬৫-৯৩ (অন্যান্য প্রস্তাব),,িরোধী দল থেকে ডেপুটি স্পিকার রাখার বিধান রাখতে হবে,জাতীয় পার্টি (কাজী জাফর),,Amendment,no,,,,পঞ্চম ভাগ (আইনসভা)
অনুচ্ছেদ ৬৫-৯৩ (অন্যান্য প্রস্তাব),,"ক্ষমতার ভারসাম্য রক্ষার জন্য সংখ্যাগরিষ্ঠ দল থেকে স্পিকার, প্রধান বিরোধী দল থেকে ডেপুটি স্পিকার এবং অন্যান্য অনুপাতিক হারে বিভিন্ন কমিটির সভাপতির পদলাভ করবে।",ইসলামী আন্দোলন বাংলাদেশ,,Amendment,no,,,,পঞ্চম ভাগ (আইনসভা)
অনুচ্ছেদ ৬৫-৯৩ (অন্যান্য প্রস্তাব),,জাতীয় সংসদের সকল দলের সংসদ সদস্য নিয়ে একটি জাতীয় ঐকমত্য/জাতীয় সরকার গঠন করতে হবে,জাতীয় সমাজতান্ত্রিক দল (জেএসডি),,Amendment,no,,,,পঞ্চম ভাগ (আইনসভা)
অনুচ্ছেদ ৬৫-৯৩ (অন্যান্য প্রস্তাব),,প্রধানমন্ত্রী কর্তৃক বিভিন্ন সংসদীয় কমিটির সভাপতিদের মন্ত্রণালয়ের কাজে সম্পৃক্ত হবার ব্যাপারে নির্দেশ প্রদান করাকে অসাংবিধানিক ঘোষণা করতে হবে।,জাতীয়তাবাদী গণতান্ত্রিক আন্দোলন (এনডিএম),,Amendment,no,,,,পঞ্চম ভাগ (আইনসভা)
অনুচ্ছেদ ৬৫-৯৩ (অন্যান্য প্রস্তাব),,আইনসভার সদস্যগণ উপজেলা প্রশাসনের কাজে সরাসরি সম্পৃক্ত হতে পারবেন না এমন বিধান সংযোজন করতে হবে,জাতীয়তাবাদী গণতান্ত্রিক আন্দোলন (এনডিএম),,Amendment,no,,,,পঞ্চম ভাগ (আইনসভা)
অনুচ্ছেদ ৬৫-৯৩ (অন্যান্য প্রস্তাব),,সকল সংবিধিবদ্ধ প্রতিষ্ঠানে নিয়োগের ক্ষেত্রে সংসদীয় কমিটির ভোটিং - এর মাধ্যম নিয়োগের বিধান প্রণয়ন। দুর্নীতি নিয়ন্ত্রণ ও আর্থিক স্বচ্ছতার জন্য হিসাব ও আর্থিক নিয়ন্ত্রক প্রতিষ্ঠানসমূহের সংষ্কার এবং গণমু খী প্রশাসনিক সংষ্কারের জন্য প্রয়োজনীয় আইন প্রণয়ন করতে হবে।,গণসংহতি আন্দোলন,,Amendment,no,,,,পঞ্চম ভাগ (আইনসভা)
অনুচ্ছেদ ৬৫-৯৩ (অন্যান্য প্রস্তাব),,প্রদেশে বিভক্ত করতে হবে বাংলাদেশকে নয়টি (৯) প্রদেশে বিভক্ত করতে হবে ক. প্রত্যেক প্রদেশে নির্বাচিত ‘প্রাদেশিক পরিষদ' (provincial assembly) এবং ‘প্রাদেশিক সরকার’ (provincial government) থাকবে। খ. প্রাদেশিক পরিষদের নির্বাচিত সদস্য সংখ্যা অনুর্ধ্ব ১৫০ (একশো পঞ্চাশ) জন থাকবে। এক তৃতীয়াং শ থাকবে শ্রেণি - পেশার প্রতিনিধি হিসেবে গ. প্রাদেশিক পরিষদে ১ (এক) জন মু খ্যমন্ত্রীসহ ৭ (সাত) সদস্যের মন্ত্রিসভা থাকবে। ঘ. ‘ক্ষুদ্র জাতিসত্তা’র সাংবিধানিক স্বীকৃতি দিতে হবে । (১) একটি প্রদেশ অবশ্যই ‘ক্ষুদ্র জাতিসত্তা'র নাগরিকদের নিয়ে গঠন করতে হবে। (২) বাংলাদেশের বিভিন্ন অঞ্চলে বসবাসরত ‘ক্ষুদ্র জাতিসত্তা'র সদস্যদের জন্য আঞ্চলিক স্বায়ত্বশাসন’ - এর ব্যবস্থা থাকবে। ঙ. জাতীয় সংসদের (পার্লামেন্ট) 'উচ্চকক্ষে' সকল প্রদেশের প্রতিনিধিত্ব নিশ্চিত করতে হবে।,জাতীয় সমাজতান্ত্রিক দল (জেএসডি),,Addition,No,,,,পঞ্চম ভাগ (আইনসভা)
অনুচ্ছেদ ৬৫-৯৩ (অন্যান্য প্রস্তাব),,আইনসভা ও জাতীয় পরিষদের সদস্য এবং তাদের পরিবারের সম্পদের হিসাব বছরে দুইবার জনগণের সামনে হাজির করতে হবে। সম্পদ বৃদ্ধি বৈধ উপায়ে ও যৌক্তিকভাবে হয়েছে কি না তা দুর্নীতি দমন কমিশন নির্ধারণ করবে।,জাতীয় নাগরিক কমিটি,,Addition,yes,ইসলামী আন্দোলন বাংলাদেশ,,,পঞ্চম ভাগ (আইনসভা)
অনুচ্ছেদ ৬৫-৯৩ (অন্যান্য প্রস্তাব),,আইনসভা ও জাতীয় পরিষদের সদস্য এবং তাদের পরিবারের সম্পদের হিসাব বছরে দুইবার জনগণের সামনে হাজির করতে হবে। সম্পদ বৃদ্ধি বৈধ উপায়ে ও যৌক্তিকভাবে হয়েছে কি না তা দুর্নীতি দমন কমিশন নির্ধারণ করবে।,ইসলামী আন্দোলন বাংলাদেশ,,Addition,yes,জাতীয় নাগরিক কমিটি,,,পঞ্চম ভাগ (আইনসভা)
অনুচ্ছেদ ৬৫-৯৩ (অন্যান্য প্রস্তাব),,রাজনৈতিক দলের নিবন্ধন প্রক্রিয়া বাতিল করতে হবে,জাতীয় পার্টি (কাজী জাফর),,Addition,No,,,,পঞ্চম ভাগ (আইনসভা)
অনুচ্ছেদ ৬৫-৯৩ (অন্যান্য প্রস্তাব),,"BML proposes for a semi Presidential form of Government, something like the French, where a President and a Vice President as running mate (American) will be directly elected by the people on the basis of adult franchise. The President will share power with the Parliament. We think that this power sharing mechanism will create a balance between the Parliament and the President.",বাংলাদেশ মুসলিম লীগ,,Addition,no,,,,পঞ্চম ভাগ (আইনসভা)
অনুচ্ছেদ ৬৫-৯৩ (অন্যান্য প্রস্তাব),,"The Speaker shall be elected by a secret ballot , but the Deputy Speaker will have to be from the Opposition",বাংলাদেশ মুসলিম লীগ,,Addition,no,,,,পঞ্চম ভাগ (আইনসভা)
অনুচ্ছেদ ৬৫-৯৩ (অন্যান্য প্রস্তাব),,দলীয়করণ ও পরিবারতন্ত্র প্রতিরোধ করতে হবে,প্রগতিশীল গ্রিন পার্টি,,Addition,no,,,,পঞ্চম ভাগ (আইনসভা)
অনুচ্ছেদ ৬৫-৯৩ (অন্যান্য প্রস্তাব),,ক্ষমতার বিকেন্দ্রীয়করণ করতে হবে,প্রগতিশীল গ্রিন পার্টি,,Addition,no,,,,পঞ্চম ভাগ (আইনসভা)
অনুচ্ছেদ ৯৪ (সুপ্রীম কোর্ট প্রতিষ্ঠা),"৯৪। (১) “বাংলাদেশ সুপ্রীম কোর্ট” নামে বাংলাদেশের একটি সর্বোচ্চ আদালত থাকিবে এবং আপীল বিভাগ ও হাইকোর্ট বিভাগ লইয়া তাহা গঠিত হইবে। (২) প্রধান বিচারপতি (যিনি “বাংলাদেশের প্রধান বিচারপতি” নামে অভিহিত হইবেন) এবং প্রত্যেক বিভাগে আসনগ্রহণের জন্য রাষ্ট্রপতি যেরূপ সংখ্যক বিচারক নিয়োগের প্রয়োজন বোধ করিবেন, সেইরূপ সংখ্যক অন্যান্য বিচারক লইয়া সুপ্রীম কোর্ট গঠিত হইবে। (৩) প্রধান বিচারপতি ও আপীল বিভাগে নিযুক্ত বিচারকগণ কেবল উক্ত বিভাগে এবং অন্যান্য বিচারক কেবল হাইকোর্ট বিভাগে আসন গ্রহণ করিবেন (৪) এই সংবিধানের বিধানাবলী - সাপেক্ষে প্রধান বিচারপতি এবং অন্যান্য বিচারক বিচারকার্য পালনের ক্ষেত্রে স্বাধীন থাকিবেন।","সুপ্রিম কোর্টের প্রয়োজনীয় ব্যয় এবং অধস্তন আদালতের ব্যয় মেটানোর জন্য যে অর্থের প্রয়োজন, তা কনসোলিডেটেড ফান্ড থেকে প্রদান করা হবে। এ জন্য অনুচ্ছেদ ৮৮ ও ৯৪ এ প্রয়োজনীয় সংশোধন আনতে হবে।",বাংলাদেশ জামায়াতে ইসলামী,,Amendment,No,,,"সুপ্রিম কোর্টের বিকেন্দ্রীকরণ:

৩। কমিশন উচ্চ আদালতের বিকেন্দ্রীকরণ করে দেশের সকল বিভাগে হাইকোর্ট বিভাগের স্থায়ী আসন প্রবর্তনের সুপারিশ করছে।
৪। প্রস্তাবিত ব্যবস্থায়, সুপ্রিম কোর্টের আপিল বিভাগের আসন রাজধানীতেই থাকবে। দেশের সকল বিভাগে হাইকোর্ট বিভাগের সমান এখতিয়ার সম্পন্ন স্থায়ী আসন স্থাপন করা হবে। হাইকোর্ট বিভাগের বিকেন্দ্রীকরণ কোনোভাবেই সুপ্রিম কোর্টের একক চরিত্রকে ক্ষুণ্ণ করবে না।",ষষ্ঠ ভাগ (বিচারবিভাগ)
অনুচ্ছেদ ৯৪ (সুপ্রীম কোর্ট প্রতিষ্ঠা),,"বিচার বিভাগের স্বাধীনতা নিশ্চিত করতে স্বতন্ত্র "" বিচার বিভাগ সচিবালয়” প্রতিষ্ঠার বিধান সংবিধানে সংযোজন করতে হবে।",জাতীয়তাবাদী গণতান্ত্রিক আন্দোলন (এনডিএম),,Amendment,Yes,"জাতীয় নাগরিক কমিটি, ইসলামী আন্দোলন বাংলাদেশ, জাতীয়তাবাদী সমমনা জোট, জাতীয় নাগরিক কমিটি, বাংলাদেশ লেবার পার্টি ও বাংলাদেশ জামায়াতে ইসলামী",,,ষষ্ঠ ভাগ (বিচারবিভাগ)
অনুচ্ছেদ ৯৪ (সুপ্রীম কোর্ট প্রতিষ্ঠা),,"বিচার বিভাগের স্বাধীনতা নিশ্চিত করতে স্বতন্ত্র "" বিচার বিভাগ সচিবালয়” প্রতিষ্ঠার বিধান সংবিধানে সংযোজন করতে হবে।",জাতীয় নাগরিক কমিটি,,Amendment,Yes,"এনডিএম, ইসলামী আন্দোলন বাংলাদেশ, জাতীয়তাবাদী সমমনা জোট, জাতীয় নাগরিক কমিটি, বাংলাদেশ লেবার পার্টি ও বাংলাদেশ জামায়াতে ইসলামী",,,ষষ্ঠ ভাগ (বিচারবিভাগ)
অনুচ্ছেদ ৯৪ (সুপ্রীম কোর্ট প্রতিষ্ঠা),,"বিচার বিভাগের স্বাধীনতা নিশ্চিত করতে স্বতন্ত্র "" বিচার বিভাগ সচিবালয়” প্রতিষ্ঠার বিধান সংবিধানে সংযোজন করতে হবে।",ইসলামী আন্দোলন বাংলাদেশ,,Amendment,Yes,"এনডিএম, জাতীয় নাগরিক কমিটি, জাতীয়তাবাদী সমমনা জোট, জাতীয় নাগরিক কমিটি, বাংলাদেশ লেবার পার্টি ও বাংলাদেশ জামায়াতে ইসলামী",,,ষষ্ঠ ভাগ (বিচারবিভাগ)
অনুচ্ছেদ ৯৪ (সুপ্রীম কোর্ট প্রতিষ্ঠা),,"বিচার বিভাগের স্বাধীনতা নিশ্চিত করতে স্বতন্ত্র "" বিচার বিভাগ সচিবালয়” প্রতিষ্ঠার বিধান সংবিধানে সংযোজন করতে হবে।",জাতীয়তাবাদী সমমনা জোট,,Amendment,Yes,"এনডিএম, জাতীয় নাগরিক কমিটি, ইসলামী আন্দোলন বাংলাদেশ, জাতীয় নাগরিক কমিটি, বাংলাদেশ লেবার পার্টি ও বাংলাদেশ জামায়াতে ইসলামী",,,ষষ্ঠ ভাগ (বিচারবিভাগ)
অনুচ্ছেদ ৯৪ (সুপ্রীম কোর্ট প্রতিষ্ঠা),,"বিচার বিভাগের স্বাধীনতা নিশ্চিত করতে স্বতন্ত্র "" বিচার বিভাগ সচিবালয়” প্রতিষ্ঠার বিধান সংবিধানে সংযোজন করতে হবে।",জাতীয় নাগরিক কমিটি,,Amendment,Yes,"এনডিএম, জাতীয় নাগরিক কমিটি, ইসলামী আন্দোলন বাংলাদেশ, জাতীয়তাবাদী সমমনা জোট, বাংলাদেশ লেবার পার্টি ও বাংলাদেশ জামায়াতে ইসলামী",,,ষষ্ঠ ভাগ (বিচারবিভাগ)
অনুচ্ছেদ ৯৪ (সুপ্রীম কোর্ট প্রতিষ্ঠা),,"বিচার বিভাগের স্বাধীনতা নিশ্চিত করতে স্বতন্ত্র "" বিচার বিভাগ সচিবালয়” প্রতিষ্ঠার বিধান সংবিধানে সংযোজন করতে হবে।",বাংলাদেশ লেবার পার্টি,,Amendment,Yes,"এনডিএম, জাতীয় নাগরিক কমিটি, ইসলামী আন্দোলন বাংলাদেশ, জাতীয়তাবাদী সমমনা জোট, জাতীয় নাগরিক কমিটি ও বাংলাদেশ জামায়াতে ইসলামী",,,ষষ্ঠ ভাগ (বিচারবিভাগ)
অনুচ্ছেদ ৯৪ (সুপ্রীম কোর্ট প্রতিষ্ঠা),,"বিচার বিভাগের স্বাধীনতা নিশ্চিত করতে স্বতন্ত্র "" বিচার বিভাগ সচিবালয়” প্রতিষ্ঠার বিধান সংবিধানে সংযোজন করতে হবে।",বাংলাদেশ জামায়াতে ইসলামী,,Amendment,Yes,"এনডিএম, জাতীয় নাগরিক কমিটি, ইসলামী আন্দোলন বাংলাদেশ, জাতীয়তাবাদী সমমনা জোট, জাতীয় নাগরিক কমিটি ও বাংলাদেশ লেবার পার্টি",,,ষষ্ঠ ভাগ (বিচারবিভাগ)
অনুচ্ছেদ ৯৪ (সুপ্রীম কোর্ট প্রতিষ্ঠা),,বিচার বিভাগের পরিচালনা এবং বাজেট প্রণয়ন ও বাস্তবায়নের স্বাধীনতা নিশ্চিতকরণের জন্য বিচার বিভাগের জন্য পৃথক সচিবালয় গঠন করতে হবে।,গণসংহতি আন্দোলন,,Amendment,No,,,,ষষ্ঠ ভাগ (বিচারবিভাগ)
অনুচ্ছেদ ৯৪ (সুপ্রীম কোর্ট প্রতিষ্ঠা),,বিচার বিভাগকে স্বাধীন প্রতিষ্ঠান হিসেবে গড়ে তালোর লক্ষ্যে সুপ্রিমকোর্টের প্রধান বিচারপতির নেতৃত্বে স্থায়ী 'বিচার বিভাগীয় কাউন্সিল' গঠিত ও নিয়ন্ত্রিত হবে।,জাতীয় সমাজতান্ত্রিক দল (জেএসডি),,Amendment,No,,,,ষষ্ঠ ভাগ (বিচারবিভাগ)
অনুচ্ছেদ ৯৪ (সুপ্রীম কোর্ট প্রতিষ্ঠা),,বিচার বিভাগের উপর রাজনৈতিক প্রভাব কমাতে হবে।,জাতীয়তাবাদী সমমনা জোট,,Amendment,No,,,,ষষ্ঠ ভাগ (বিচারবিভাগ)
অনুচ্ছেদ ৯৪ (সুপ্রীম কোর্ট প্রতিষ্ঠা),,মাসদার হোসেন মামলার রায়ের আলোকে সুপ্রীম কোর্টের ব্যাপক সংস্কার করা জাতীয় সমাজতান্ত্রিক দল - হোক,জাতীয় সমাজতান্ত্রিক দল (জেএসডি),,Amendment,No,,,,ষষ্ঠ ভাগ (বিচারবিভাগ)
অনুচ্ছেদ ৯৪ (সুপ্রীম কোর্ট প্রতিষ্ঠা),,বিচার বিভাগের স্বাধীনতা বাড়াতে হবে।,জাতীয়তাবাদী সমমনা জোট,,Amendment,Yes,বাংলাদেশের কমিউনিস্ট পার্টি ও প্রগতিশীল গ্রিন পার্টি,,,ষষ্ঠ ভাগ (বিচারবিভাগ)
অনুচ্ছেদ ৯৪ (সুপ্রীম কোর্ট প্রতিষ্ঠা),,বিচার বিভাগের স্বাধীনতা বাড়াতে হবে।,বাংলাদেশের কমিউনিস্ট পার্টি,,Amendment,Yes,জাতীয়তাবাদী সমমনা জোট ও প্রগতিশীল গ্রিন পার্টি,,,ষষ্ঠ ভাগ (বিচারবিভাগ)
অনুচ্ছেদ ৯৪ (সুপ্রীম কোর্ট প্রতিষ্ঠা),,বিচার বিভাগের স্বাধীনতা বাড়াতে হবে।,প্রগতিশীল গ্রিন পার্টি,,Amendment,Yes,জাতীয়তাবাদী সমমনা জোট ও বাংলাদেশের কমিউনিস্ট পার্টি,,,ষষ্ঠ ভাগ (বিচারবিভাগ)
অনুচ্ছেদ ৯৪ (সুপ্রীম কোর্ট প্রতিষ্ঠা),,"সুপ্রীম কোর্টের সংজ্ঞা পরিবর্তন করতে হবে। শুধুমাত্র আপীল বিভাগ সুপ্রীম কোর্ট হিসাবে গন্য হবে। হাইকোর্ট, অধস্থন আদালত ও ট্রাইবুনালসমুহ সুপ্রীম কোর্টের অধিনস্থ থাকিবে যা একটি সচিবালয়ের মাধ্যমে পরিচালিত হবে।",আমার বাংলাদেশ পার্টি (এবি পার্টি),,Amendment,No,,,,ষষ্ঠ ভাগ (বিচারবিভাগ)
অনুচ্ছেদ ৯৪ (সুপ্রীম কোর্ট প্রতিষ্ঠা),,বিচার ব্যবস্থার বিকেন্দ্রিকরণ করে দেশের সকল বিভাগে হাইকোর্টের শাখা স্থাপন করতে হবে।,বাংলাদেশ লেবার পার্টি,,Amendment,Yes,জাতীয় সমাজতান্ত্রিক দল - জেএসডি,,,ষষ্ঠ ভাগ (বিচারবিভাগ)
অনুচ্ছেদ ৯৪ (সুপ্রীম কোর্ট প্রতিষ্ঠা),,বিচার ব্যবস্থার বিকেন্দ্রিকরণ করে দেশের সকল বিভাগে হাইকোর্টের শাখা স্থাপন করতে হবে।,জাতীয় সমাজতান্ত্রিক দল (জেএসডি),,Amendment,Yes,বাংলাদেশ লেবার পার্টি,,,ষষ্ঠ ভাগ (বিচারবিভাগ)
অনুচ্ছেদ ৯৪ (সুপ্রীম কোর্ট প্রতিষ্ঠা),,মানবাধিকার বিষয়ে হাইকোর্টে বিশেষ বেঞ্চ থাকবে।,জাতীয় সমাজতান্ত্রিক দল (জেএসডি),,Amendment,No,,,,ষষ্ঠ ভাগ (বিচারবিভাগ)
অনুচ্ছেদ ৯৪ (সুপ্রীম কোর্ট প্রতিষ্ঠা),,"প্রতি বিভাগে হাইকোর্টের বেঞ্চ থাকবে। অ্যাপিলেট ডিভিশন বলে আলাদা কিছু থাকবে না। সুপ্রীম কোর্ট নামে একক একটি কোর্ট থাকবে, যা অ্যাপিলেট ডিভিশন হিসেবে কাজ করবে।",জাতীয় নাগরিক কমিটি,,Amendment,No,,,,ষষ্ঠ ভাগ (বিচারবিভাগ)
অনুচ্ছেদ ৯৪ (সুপ্রীম কোর্ট প্রতিষ্ঠা),,"৯৪: আপীল বিভাগ ও হাইকোর্ট বিভাগ, জজকোর্ট, উপজেলা কোর্ট নিয়ে বিচার খেলাফত মজলিস বিভাগ গঠিত হবে।",খেলাফত মজলিস,,Amendment,No,,,,ষষ্ঠ ভাগ (বিচারবিভাগ)
অনুচ্ছেদ ৯৫ (বিচারক - নিয়োগ),"৫৮[৯৫। (১) প্রধান বিচারপতি রাষ্ট্রপতি কর্তৃক (বিচারক - নিয়োগ) নিযুক্ত হইবেন এবং প্রধান বিচারপতির সহিত পরামর্শ করিয়া রাষ্ট্রপতি অন্যান্য বিচারককে নিয়োগদান করিবেন । (২) কোন ব্যক্তি বাংলাদেশের নাগরিক না হইলে, এবং (ক) সুপ্রীম কোর্টে অন্যূন দশ বৎসরকাল এ্যাডভোকেট না থাকিয়া থাকিলে; অথবা (খ) বাংলাদেশের রাষ্ট্রীয় সীমানার মধ্যে অন্যূন দশ বৎসর কোন বিচার বিভাগীয় পদে অধিষ্ঠান না করিয়া থাকিলে; অথবা (গ) সুপ্রীমকোর্টের বিচারক পদে নিয়োগলাভের জন্য আইনের দ্বারা নির্ধারিত যোগ্যতা না থাকিয়া থাকিলে; তিনি বিচারকপদে নিয়োগ লাভের যোগ্য হইবেন না। (৩) এই অনুচ্ছেদে “সুপ্রীম কোর্ট” বলিতে এই সংবিধান প্রবর্তনের পূর্বে যে কোন সময়ে বাংলাদেশের রাষ্ট্রীয় সীমানার মধ্যে যে আদালত হাইকোর্ট হিসাবে এখতিয়ার প্রয়োগ করিয়াছে, সেই আদালত অন্তর্ভুক্ত হইবে।]",,,,Amendment,No,,,"সুপ্রিম কোর্টের বিচারক নিয়োগ:

৫। কমিশন সুপ্রিম কোর্টের বিচারক নিয়োগে রাজনৈতিক প্রভাবমুক্ত, নিরপেক্ষ ও স্বচ্ছ প্রক্রিয়া নিশ্চিত করার লক্ষ্যে একটি স্বাধীন বিচার বিভাগীয় নিয়োগ কমিশন [জুডিশিয়াল অ্যাপয়েনমেন্টস কমিশন, Judicial Appointments Commission (JAC)] গঠনের সুপারিশ করছে। ৭ (সাত) সদস্য বিশিষ্ট এই কমিশন যাদের সমন্বয়ে গঠিত হবে তারা হচ্ছেন:

১. প্রধান বিচারপতি (পদাধিকারবলে কমিশনের প্রধান)
২. আপিল বিভাগের পরবর্তী দুজন জ্যেষ্ঠ বিচারক (পদাধিকারবলে সদস্য)
৩. হাইকোর্ট বিভাগের জ্যেষ্ঠতম দুজন বিচারপতি (পদাধিকারবলে সদস্য)
8. অ্যাটর্নি জেনারেল
৫ একজন নাগরিক (সংসদের উচ্চকক্ষ কর্তৃক মনোনীত)

৬। জুডিশিয়াল অ্যাপয়েন্টমেন্টস কমিশন (জেএসি)-তে একজন নাগরিকের প্রতিনিধিত্ব কমিশনের অন্তর্ভুক্তিমূলক চরিত্র তুলে ধরবে।
৭। জেএসি সততা, নিষ্ঠা, মেধা, শিক্ষাগত যোগ্যতা, জ্ঞান, পেশাগত অভিজ্ঞতা এবং দক্ষতার ভিত্তিতে সুপ্রিম কোর্টের বিচারক নিয়োগের জন্যে যোগ্য প্রার্থীদের একটি তালিকা রাষ্ট্রপতির কাছে প্রেরণ করবে যাদেরকে রাষ্ট্রপতি বিচারক হিসেবে নিয়োগ করবেন।
৮. আইনের শাসন প্রতিষ্ঠা বজায় রাখা এবং নিরপেক্ষ ও সুষ্ঠু ন্যায়বিচার নিশ্চিতকরণে এই কমিশন সুপারিশ করছে যে
-
যে কোনো একজন ব্যক্তি সুপ্রিম কোর্টের বিচারক পদে নিয়োগলাভের যোগ্য হবেন যদি তিনি বাংলাদেশের নাগরিক হন; এবং
(ক) সুপ্রিম কোর্টে অন্যূন দশ বছর অ্যাডভোকেট থাকেন; অথবা
(খ) বাংলাদেশের রাষ্ট্রীয় সীমানার মধ্যে অন্যূন দশ বছর কোনো বিচার বিভাগীয় পদে দায়িত্ব পালন করেন; অথবা
(গ) বাংলাদেশের যেকোনো স্বীকৃত বিশ্ববিদ্যালয়ের আইন বিভাগে অধ্যাপক হিসেবে দায়িত্ব পালন করে থাকেন; এবং
(ঘ) সুপ্রিম কোর্টের বিচারক পদে নিয়োগ লাভের জন্য আইনের দ্বারা নির্ধারিত কোনো অযোগ্যতা না থেকে থাকলে ৷

বিচারপতি নিয়োগ:

৯। কমিশন আপিল বিভাগের বিচারকদের মধ্য থেকে মেয়াদের ভিত্তিতে জ্যেষ্ঠতম বিচারককে প্রধান বিচারপতি হিসেবে নিয়োগ প্রদানের সুপারিশ করছে।",ষষ্ঠ ভাগ (বিচারবিভাগ)
অনুচ্ছেদ ৯৫ (বিচারক - নিয়োগ),,বিচারক নিয়োগ কার্যক্রম স্বচ্ছ এবং মেধার নিয়োগ প্রদান করতে হবে।,জাতীয়তাবাদী সমমনা জোট,,Amendment,No,,,,ষষ্ঠ ভাগ (বিচারবিভাগ)
অনুচ্ছেদ ৯৫ (বিচারক - নিয়োগ),,বিচার বিভাগের জন্য স্বাধীন সচিবালয়ের মাধ্যমে বিচারপতি নিয়োগ করতে হবে।,জাতীয়তাবাদী সমমনা জোট,,Amendment,No,,,,ষষ্ঠ ভাগ (বিচারবিভাগ)
অনুচ্ছেদ ৯৫ (বিচারক - নিয়োগ),,সংবিধানের ৯৫ (গ) (২) ধারা সংশোধন করে প্রধান বিচারপতি এবং আপিল বিভাগের বিচারপতিদের যোগ্যতা নির্ধারণ করে দিতে হবে ।,জাতীয়তাবাদী গণতান্ত্রিক আন্দোলন (এনডিএম),,Amendment,No,,,,ষষ্ঠ ভাগ (বিচারবিভাগ)
অনুচ্ছেদ ৯৫ (বিচারক - নিয়োগ),,"মাসদার হোসেন মামলার রায়ের আলোকে পূর্ণাঙ্গ স্বাধীন বিচার বিভাগীয় কমিশন এবং কার্যকর সুপ্রিম জুডিশিয়াল কাউন্সিল গঠন, নিম্ন আদালতকে নির্বাহী বিভাগ থেকে পৃথক করে সুপ্রীম কোর্টের অধীনস্থ করা, বিচারবিভাগের জন্য সুপ্রিমকোর্টের নিয়ন্ত্রণাধীন একটি পৃথক সচিবালয় স্থাপন এবং সুপ্রিম কোর্টের বিচারপতি নিয়োগের লক্ষ্যে সংবিধানের ৯৫(গ) অনুযায়ী সুনির্দিষ্ট যোগ্যতা ও মানদণ্ড সম্বলিত ‘বিচারপতি নিয়োগ আইন' প্রণয়ন করা।",নাগরিক ঐক্য,,Amendment,No,,,,ষষ্ঠ ভাগ (বিচারবিভাগ)
অনুচ্ছেদ ৯৫ (বিচারক - নিয়োগ),,ক. বেঞ্চ গঠন এবং ভেঙে দেয়ার ক্ষেত্রে প্রধান বিচারপতির ক্ষমতা আইন দ্বারা নিয়ন্ত্রণ করা । খ. দুই বছরের জন্য অতিরিক্ত বিচারপতি নিয়োগ বাতিল করা গ. বিচারক নিয়োগে স্বচ্ছ নীতিমালা প্রণয়ন করা।,জাতীয় সমাজতান্ত্রিক দল (জেএসডি),,Amendment,No,,,,ষষ্ঠ ভাগ (বিচারবিভাগ)
অনুচ্ছেদ ৯৫ (বিচারক - নিয়োগ),,"সুপ্রিম কোর্টের বিচারপতিদের নিয়োগের জন্য একটি কলিজিয়াম সিস্টেম থাকা উচিত। আপিল বিভাগের বিচারপতি এবং প্রধান বিচারপতির নিয়োগ সম্পর্কে স্বচ্ছতা থাকা উচিত। supersession (অগ্রাহ্য করে নিয়োগ) সংস্কৃতির অবসান ঘটানো উচিত। আপিল বিভাগে নিয়োগের জন্য, অত্যন্ত দক্ষ প্রার্থীদের ক্ষেত্রে সরাসরি বার থেকে নিয়োগের সুযোগ দেওয়া উচিত।",বাংলাদেশ জামায়াতে ইসলামী,,Amendment,No,,,,ষষ্ঠ ভাগ (বিচারবিভাগ)
অনুচ্ছেদ ৯৫ (বিচারক - নিয়োগ),,বিচারক নিয়োগে নির্ধারিত যোগ্যতা নির্ধারণের ধারা যুক্ত করতে হবে,বাংলাদেশের জাতীয় সমাজতান্ত্রিক দল (বাংলাদেশ জাসদ),,Amendment,No,,,,ষষ্ঠ ভাগ (বিচারবিভাগ)
অনুচ্ছেদ ৯৫ (বিচারক - নিয়োগ),,সুপ্রিম কোর্টের বিচারক নিয়োগের ক্ষমতা প্রেসিডেন্টের হাতে থাকবে। এক্ষেত্রে প্রধানমন্ত্রীর পরামর্শের প্রয়োজন হবে না,গণঅধিকার পরিষদ (ফারুক),,Amendment,No,,,,ষষ্ঠ ভাগ (বিচারবিভাগ)
অনুচ্ছেদ ৯৫ (বিচারক - নিয়োগ),,"বিচারক নিয়োগ ও নিয়ন্ত্রণের জন্য পৃথক কমিশন: উচ্চ আদালতের বিচারকদের নিয়োগ, পদোন্নতি এবং অপসারণের প্রক্রিয়া পরিচালনার জন্য একটি পৃথক কমিশন গঠন করা হবে। এটি বিচার বিভাগের স্বচ্ছতা এবং ন্যায্যতা নিশ্চিত করবে, পাশাপাশি রাজনৈতিক চাপ থেকে বিচারকদের সুরক্ষা প্রদান করবে।",আমার বাংলাদেশ পার্টি (এবি পার্টি),,Amendment,No,,,,ষষ্ঠ ভাগ (বিচারবিভাগ)
অনুচ্ছেদ ৯৫ (বিচারক - নিয়োগ),,"স্বাধীন বিচারপতি নিয়োগ ও নিয়ন্ত্রণ কমিশন প্রতিষ্ঠা করা হবে, যা যোগ্যতার
 ভিত্তিতে স্বচ্ছ ও নিরপেক্ষ বিচারপতি নিয়োগ নিশ্চিত করবে। কমিশন বিচার
 বিভাগের নৈতিকতা ও পেশাগত আচরণ পর্যবেক্ষণ করবে, যা বিচার বিভাগের
 প্রতি জনগণের আস্থা বজায় রাখবে।",বাংলাদেশ জাতীয় পার্টি (বিজেপি),,Amendment,No,,,,ষষ্ঠ ভাগ (বিচারবিভাগ)
অনুচ্ছেদ ৯৫ (বিচারক - নিয়োগ),,বিচারক নিয়োগের কার্যকর নীতিমালা প্রণয়ন করা ।,জাতীয় সমাজতান্ত্রিক দল (জেএসডি),,Amendment,No,,,,ষষ্ঠ ভাগ (বিচারবিভাগ)
অনুচ্ছেদ ৯৫ (বিচারক - নিয়োগ),,"বিচার বিভাগের ক্ষেত্রেও বর্তমানের যোগ্যতা ১০ বছরের জজিয়াতি বা ১০
 বছরের উকালতি করার যোগ্যতার মানদণ্ড বাতিল করে সুনির্দিষ্টভাবে যোগ্যতার
 মাণদণ্ড নির্ধারণের মাধ্যমে বিচার কমিশন বা জুডিশিয়াল কাউন্সিলের মাধ্যমে
 নিয়োগ দানের বিধান করা।",বাংলাদেশের সমাজতান্ত্রিক দল (বাসদ),,Amendment,No,,,,ষষ্ঠ ভাগ (বিচারবিভাগ)
অনুচ্ছেদ ৯৫ (বিচারক - নিয়োগ),,"বিচার বিভাগকে সম্পূর্ণ দুর্নীতিমুক্ত, স্বাধীন ও রাজনৈতিক প্রভাবমুক্ত রাখতে হবে।",বাংলাদেশ লেবার পার্টি,,Amendment,No,,,,ষষ্ঠ ভাগ (বিচারবিভাগ)
অনুচ্ছেদ ৯৫ (বিচারক - নিয়োগ),,"বিচারবিভাগকে সম্পুর্ণ রূপে স্বাধীন করার জন্য উচ্চ আদালতে বিচারপতি
 নিয়োগের সুনির্দিষ্ট সাংবিধানিক নীতিমালা ও আইন প্রণয়ন করতে হবে। উচ্চ
 আদালতে বিচারপতি নিয়োগ, পদোন্নতি, এবং অপসারণের সিদ্ধান্ত সুপ্রীম
 জুডিশিয়াল কাউন্সিল গঠন করে তার এখতিয়ারভুক্ত করতে হবে।",গণসংহতি আন্দোলন,,Amendment,No,,,,ষষ্ঠ ভাগ (বিচারবিভাগ)
অনুচ্ছেদ ৯৫ (বিচারক - নিয়োগ),,"সংবিধান সংশোধন সাপেক্ষে আলাদা বিধি প্রণয়ন করে উচ্চ ও নিম্ন আদালতে
 পেশাগত দক্ষতা, সততা, নিষ্ঠা ও যোগ্যতার ভিত্তিতে বিচারক/বিচারপতি
 ও আইন কর্মকর্তা নিয়োগ করতে হবে। দ্রুত বিচারকার্য সম্পাদনের স্বার্থে
 আদালতগুলিতে বিচারক সংখ্যা বৃদ্ধি করতে হবে।",বাংলাদেশ লেবার পার্টি,,Amendment,No,,,,ষষ্ঠ ভাগ (বিচারবিভাগ)
অনুচ্ছেদ ৯৫ (বিচারক - নিয়োগ),,"(১) রাষ্ট্রপতি সংসদ বরাবর প্রধান বিচারপতি পদে যোগ্যতা বিচার পূর্বক
 নাম প্রস্তাব করিবেন। সংসদ প্রকাশ্য গণশুনানির মাধ্যমে প্রস্তাব যাচাই করিয়া
 তাহাদের অনুমোদন প্রদান করিলে রাষ্ট্রপতি কর্তৃক প্রধান বিচারপতি নিযুক্ত
 হইবেন।
 (২) প্রধান বিচারপতি উচ্চ আদালতের বিচারক পদে প্রার্থীদের নাম প্রস্তাব
 করিবেন। সংসদ প্রকাশ্য গণশুনানির মাধ্যমে প্রস্তাব যাচাই বাছাই করিয়া
 প্রার্থীদের অনুমোদন প্রদান করিলে রাষ্ট্রপতি কর্তৃক প্রধান বিচারপতি নিযুক্ত
 হইবেন।
 (৩) কোনো ব্যক্তি বাংলাদেশের নাগরিক না হইলে, এবং
 (ক) সুপ্রীম কোর্টে অন্যূন দশ বৎসরকাল এ্যাডভোকেট না থাকিয়া থাকিলে,
 অথবা
 (খ) বাংলাদেশের রাষ্ট্রীয় সীমানার মধ্যে অন্যূন দশ বৎসর কোনো বিচার
 বিভাগীয় পদে অধিষ্ঠান না করিয়া থাকিলে, অথবা
 (গ) সুপ্রীম কোর্টের বিচারক পদে নিয়োগ লাভের জন্য আইনের দ্বারা নির্ধারিত
 যোগ্যতা না থাকিয়া থাকিলে,
 (ঘ) বয়স পঁয়তাল্লিশ বছরের কম হইলে
 তিনি বিচারক পদে নিয়োগ লাভের য�োগ্য হইবেন না।
 (৪) এই অনুচ্ছেদে “সুপ্রীম কোর্টবলিতে এই সংবিধান প্রবর্তনের পূর্বেযেকোন
 সময়ে বাংলাদেশের রাষ্ট্রীয় সীমানার মধ্যে যে আদালত হাইকোর্টহিসাবে
 এখতিয়ার প্রয়োগ করিয়াছে, সেই আদালত অন্তর্ভুক্ত হইবে।",রাষ্ট্র সংস্কার আন্দোলন,,Amendment,No,,,,ষষ্ঠ ভাগ (বিচারবিভাগ)
অনুচ্ছেদ ৯৫ (বিচারক - নিয়োগ),,"৯৫: সুপ্রিম জুডিসিয়াল কাউন্সিলঃ প্রধান বিচারপতিকে চেয়ারম্যান করে সুপ্রিম
 জডিসিয়াল কাউন্সিল গঠিত হবে ।নিম্নোক্ত ব্যক্তিগণ কাউন্সিলের সদস্য হবেনঃ
 ১.আইনমন্ত্ৰি
 ২.আপীল বিভাগের দুইজন জ্যেষ্ঠ বিচারক
 ৩.এটর্নিজেনারেল
 ৪.দুজন সংসদ সদস্য - একজন সরকারী দলের আর একজন বিরোধী দলের।
 ৫. সুপ্রিম কোর্টের আইনজীবি সমিতির নির্বাচিত সভাপতি ও সেক্রেটারী
 ৬. দু'জন এমিকাস কিউরি যারা আপিল বিভাগের সিনিয়র আইনজীবীদের মধ্য
 থেকে আপিল বিভাগ কর্তৃক মনোনীত মনোনীত হবেন।",খেলাফত মজলিস,,Amendment,No,,,,ষষ্ঠ ভাগ (বিচারবিভাগ)
অনুচ্ছেদ ৯৫ (বিচারক - নিয়োগ),,"Article 2( 95) which should be substituted as follows;
 A person shall be qualified for appointment as a Judge if he
 is a citizen of Bangladesh and has been in actual unbroken
 regular practice as an advocate of the Supreme Court for at
 least 15 years or has been in actual and active practice in the
 District and Sessions Court for at least 20 years or has been a
 judge for 20 years in the subordinate judiciary doing judicial
 work. Further, there will be no quotas, but all appointments
 will be made based on merit.
 Article 3( 95) There shall be a Judicial Commission comprising
 the Chief Justice, senior most puisne Judge of the Appellate
 Division, senior most Judge of the High Court Division, the
 Attorney General, the Minister for Law and the President
 of the Supreme Court Bar Association will compile a list of
 persons suitable for appointment as a Judge of the Supreme
 Court, shall interview all those on the list and finalize the
 names for appointment as Judges of the Supreme court and
 forward it to the President for completing the necessary
 process of appointment after essential verification and report
 by the National Security Intelligence and Special branch in
 separately sealed confidential covers to the President. Any
 adverse report against any person selected for appointment
 can only be overlooked or overruled by the said Judicial
 Commission by a majority of the Commission members.",বাংলাদেশ মুসলিম লীগ,,Amendment,No,,,,ষষ্ঠ ভাগ (বিচারবিভাগ)
অনুচ্ছেদ ৯৫ (বিচারক - নিয়োগ),,"বিচারপতি নিয়োগ ও জবাবদিহিতা নিশ্চিত করতে স্থায়ী সুপ্রীম জুডিসিয়াল
 কাউন্সিল গঠন করতে হবে। কাউন্সিলে সংক্ষুব্ধ আইনজীবী ও বিচার প্রার্থীরা
 অভিয�োগ দায়ের করতে পারবেন।",বাংলাদেশ লেবার পার্টি,,Amendment,No,,,,ষষ্ঠ ভাগ (বিচারবিভাগ)
অনুচ্ছেদ ৯৬ (বিচারকের পদের মেয়াদ),"৫৯ [৯৬। (১) এই অনুচ্ছেদের অন্যান্য বিধানাবলী
 সাপেক্ষে কোন বিচারক সাতষট্টি বৎসর বয়স পূর্ণ
 হওয়া পর্যন্ত স্বীয় পদে বহাল থাকিবেন।
 ৬০ [(২) প্রমাণিত অসদাচরণ বা অসামর্থ্যের কারণে
 সংসদের মোট সদস্য - সংখ্যার অন্যূন দুই - তৃতী য়াংশ
 গরিষ্ঠতার দ্বারা সমর্থিত সংসদের প্রস্তাবক্রমে
 প্রদত্ত রাষ্ট্রপতির আদেশ ব্যতীত কোন বিচারককে
 অপসারিত করা যাইবে না।
 (৩) এই অনুচ্ছেদের (২) দফার অধীন প্রস্তাব
 সম্পর্কিত পদ্ধতি এবং কোন বিচারকের অসদাচরণ
 বা অসামর্থ্য সম্পর্কেতদন্ত ও প্রমাণের পদ্ধতি সংসদ
 আইনের দ্বারা নিয়ন্ত্রণ করিতে পারিবেন।
 (৪) কোন বিচারক রাষ্ট্রপতিকে উদ্দেশ করিয়া
 স্বাক্ষরযুক্ত পত্রয�োগে স্বীয় পদ ত্যাগ করিতে পারিবেন।]","পঞ্চদশ সংশোধনীর মাধ্যমে অত্র অনুচ্ছেদটি প্রতিস্থাপিত হলেও আদতে
 পূর্বের বিধানই অপরিবর্তিত রয়েছে। পরবর্তীতে ষোড়শ সংশোধনীর মাধ্যমে
 বিচারকদের অপসারণ সংক্রান্ত সুপ্রীম জুডিশিয়াল কাউন্সিল বিলুপ্ত করে সংসদ
 কর্তৃক অপসারণের বিধান করা হয়। - - - ষোড়শ সংশোধনী ইতোমধ্যে সর্ব্বোচ্চ
 আদালত কর্তৃক অবৈধ ঘ�োষিত পূর্বতন বিধান পু
 নঃভাল হয়েছে।",বাংলাদেশ জাতীয়তাবাদী দল (বিএনপি),,Amendment,No,,,,ষষ্ঠ ভাগ (বিচারবিভাগ)
অনুচ্ছেদ ৯৬ (বিচারকের পদের মেয়াদ),,"প্রধান বিচারপতি পদটি স্থায়ীকরণ হবে না। পর্যায়ক্রমিক হবে। আপিল বিভাগের
 শীর্ষ জ্যেষ্ঠতা অনুসারে ৫ বিচারপতি পর্যায়ক্রমে দায়িত্ব পালন করবেন।",ইসলামী আন্দোলন বাংলাদেশ,,Amendment,No,,,,ষষ্ঠ ভাগ (বিচারবিভাগ)
অনুচ্ছেদ ৯৬ (বিচারকের পদের মেয়াদ),,"বিচারপতিদের অপসারণের ক্ষমতা সংসদ থেকে কেড়ে নেওয়া উচিত। বিচারিক
 স্বাধীনতা নিশ্চিত করতে বিচারপতিদের শৃঙ্খলার জন্য একটি অভ্যন্তরীণ ব্যবস্থা
 থাকা উচিত। তবে, ১৫তম সংশোধনের আগে যে সুপ্রিম জুডিশিয়াল কাউন্সিলের
 মাধ্যমে বিচারপতিদের অপসারণের প্রক্রিয়া ছিল, তা সংশোধন করা উচিত।
 কারণ এতে স্বচ্ছতার অভাব রয়েছে।",বাংলাদেশ জামায়াতে ইসলামী,,Amendment,No,,,,ষষ্ঠ ভাগ (বিচারবিভাগ)
অনুচ্ছেদ ৯৬ (বিচারকের পদের মেয়াদ),,"১) এই অনুচ্ছেদের অন্যান্য বিধানাবলী সাপেক্ষে কোনো বিচারক পঁয়ষট্টি
 বৎসর বয়স পূর্ণহওয়া পর্যন্ত স্বীয় পদে বহাল থাকিবেন।
 (২) প্রমাণিত অসদাচরণ বা অসামর্থ্যের কারণে সংসদের মোট সদস্য সংখ্যার
 অন্যূন দুই - তৃতীয়াং শ গরিষ্ঠতার দ্বারা সমর্থিত সংসদের প্রস্তাবক্রমে প্রদত্ত
 রাষ্ট্রপতির আদেশ ব্যতীত কোনো বিচারককে অপসারিত করা যাইবে না।
 (৩) কোনো বিচারক রাষ্ট্রপতিকে উদ্দেশ্য করিয়া স্বাক্ষরযুক্ত পত্রয�োগে স্বীয় পদ
 ত্যাগ করিতে পারিবেন।",রাষ্ট্র সংস্কার আন্দোলন,,Amendment,No,,,,ষষ্ঠ ভাগ (বিচারবিভাগ)
অনুচ্ছেদ ৯৬ (বিচারকের পদের মেয়াদ),,"৯৬(১) জুডিসিয়াল কাউন্সিলের দায়িত্ব: তারা হাইকোর্টের বিচারপতি নিয়োগের
 সুপারিশ করবেন এবং তাদের সুপারিশের ভিত্তিতে রাষ্ট্রপতি তাদের নিয়োগ দিবেন
 ৯৬(২) আপীল বিভাগের জ্যেষ্ঠ বিচারপতিকে প্রধান বিচারপতি হিসাবে রাষ্ট্রপতি
 নিয়োগ দেবেন।
 ৯৬(৩) সুপ্রিম জুডিসিয়াল কাউন্সিল কোন বিচার পতিকে আইন অনুযায়ী
 অভিশংসনের সুপারিশ করতে পারবেন । কোন বিচারপতির বিরুদ্ধে
 অভিশংসনের সুপারিশ করলে রাষ্ট্রপতি কর্তৃক তিনি অপসারিত হবেন।",খেলাফত মজলিস,,Amendment,No,,,,ষষ্ঠ ভাগ (বিচারবিভাগ)
"অনুচ্ছেদ ৯৭
 (অস্থায়ী প্রধান
 বিচারপতি
 নিয়োগ)",,"৯৭. জনগণের দোরগোড়ায় ন্যায় বিচার পৌছাবার জন্যে হাইকোর্টকে
 রাজধানীতে কেন্দ্রীভূত না করে প্রত্যেক প্রশাসনিক বিভাগে হাইকোর্টের একটি
 করে বেঞ্চ স্থাপিত হবে ।",খেলাফত মজলিস,,Amendment,No,,,,ষষ্ঠ ভাগ (বিচারবিভাগ)
অনুচ্ছেদ ৯৮ (সুপ্রীম কোর্টের অতিরিক্ত বিচারকগণ),"৯৮। সংবিধানের ৯৪ অনুচ্ছেদের বিধানাবলী সত্ত্বেও
 61[* * *] রাষ্ট্রপতির নিকট সুপ্রীম কোর্টের কোন
 বিভাগের বিচারক - সংখ্যা সাময়িকভাবে বৃদ্ধি করা
 উচিত বলিয়া সন্তোষজনকভাবে প্রতীয়মান হইলে
 তিনি যথাযথ যোগ্যতাসম্পন্ন এক বা একাধিক
 ব্যক্তিকে অনধিক দুই বৎসরের জন্য অতিরিক্ত
 বিচারক নিযুক্ত করিতে পারিবেন, কিংবা তিনি
 উপযুক্ত বিবেচনা করিলে হাইকোর্ট বিভাগের কোন
 বিচারককে 62[যে কোন অস্থায়ী মেয়াদের জন্য
 আপীল বিভাগের আসন গ্রহণের ব্যবস্থা করিতে
 পারিবেন]:
 তবে শর্তথাকে যে, অতিরিক্ত বিচারকরূপে নিযুক্ত
 কোন ব্যক্তিকে এই সংবিধানের ৯৫ অনুচ্ছেদের
 অধীন বিচারকরূপে নিযুক্ত হইতে কিংবা বর্তমান
 অনুচ্ছেদের অধীন আরও এক মেয়াদের জন্য
 অতিরিক্ত বিচারকরূপে নিযুক্ত হইতে বর্তমান
 অনুচ্ছেদের কোন কিছুই নিবৃত্ত করিবে না।","পঞ্চদশ সংশোধনীর মাধ্যমে আনীত পরিবর্তনটি নিতান্তই ভাষাগত। বাস্তবক্ষেত্রে
 এর তাৎপর্যনেই বললেই চলে। - - - সংশোধিত অনুচ্ছেদটি অপরিবর্তিত রাখা
 যেতে পারে। (পঞ্চদশ সংশধনীর বৈধতা সংক্রান্ত মামলায় বিষয়টি বিচারাধীন)",বাংলাদেশ জাতীয়তাবাদী দল (বিএনপি),,Amendment,No,,,,ষষ্ঠ ভাগ (বিচারবিভাগ)
"অনুচ্ছেদ ৯৮
 (সুপ্রীম কোর্টের
 অতিরিক্ত
 বিচারকগণ)",,সুপ্রীম কোর্টের অতিরিক্ত বিচারকগণ ‘যথাযথ যোগ্যতাসম্পন্ন’ লিখতে হবে,বাংলাদেশের জাতীয় সমাজতান্ত্রিক দল (বাংলাদেশ জাসদ),,Amendment,No,,,,ষষ্ঠ ভাগ (বিচারবিভাগ)
"অনুচ্ছেদ ৯৮
 (সুপ্রীম কোর্টের
 অতিরিক্ত
 বিচারকগণ)",,"৯৮: বিচার বিভাগ সম্পূর্ণ স্বাধীন হবে এবং বিচারকগণ স্বাধীনভাবে আইনের
 মাধ্যমে বিচার করবেন । কোন অবস্থাতেই নির্বাহী বিভাগ কোন স্তরের
 আদালতের উপর প্রভাব বিস্তারের চেষ্টা করতে পারবে না। এ ধরনের প্রভাব
 বিস্তারের চেষ্টা যদি প্রমানিত হয় তাহলে আপীল বিভাগ তাকে গুরুতর অন্যায়
 রূপে বিবেচনা করে তার উপযুক্ত প্রতিবিধান করতে পারবে।",খেলাফত মজলিস,,Amendment,No,,,,ষষ্ঠ ভাগ (বিচারবিভাগ)
"অনুচ্ছেদ ৯৯
 (অবসর গ্রহণের
 পর বিচারকগণের
 অক্ষমতা)","৬৩ [৯৯। (১) কোন ব্যক্তি (এই সংবিধানের
 ৯৮ অনুচ্ছেদের বিধানাবলী - অনুসারে অতিরিক্ত
 বিচারকরূপে দায়িত্ব পালন ব্যতীত) বিচারকরূপে
 দায়িত্ব পালন করিয়া থাকিলে উক্ত পদ হইতে অবসর
 গ্রহণের বা অপসারিত হইবার পর তিনি কোন
 আদালত বা কোন কর্তৃপক্ষের নিকট ওকালতি বা
 কার্য করিবেন না এবং বিচার বিভাগীয় বা আধা - 
 বিচার বিভাগীয় পদ ব্যতীত প্রজাতন্ত্রের কর্মেকোন
 লাভজনক পদে নিয়োগ লাভের য�োগ্য হইবেন না।
 (২) (১) দফায় যাহা কিছুই থাকুক না কেন, কোন
 ব্যক্তি হাইকোর্ট বিভাগের বিচারক পদে বহাল
 থাকিলে উক্ত পদ হইতে অবসর গ্রহণের পর
 তিনি আপীল বিভাগে ওকালতি বা কার্য করিতে
 পারিবেন।]","নির্দলীয় তত্ত্বাবধায়ক সরকার সংক্রান্ত ত্রয়োদশ সংশোধনীর মাধ্যমে অত্র
 অনুচ্ছেদে আনীত পরিবর্তনকে পঞ্চদশ সংশোধনীর মাধ্যমে রহিত করা হয়। - - - 
 পঞ্চদশ সংশোধনীর মাধ্যমে আনীত পরিবর্তনকে রহিত করতে হবে।",বাংলাদেশ জাতীয়তাবাদী দল (বিএনপি),,Amendment,No,,,,ষষ্ঠ ভাগ (বিচারবিভাগ)
"অনুচ্ছেদ ৯৯
 (অবসর গ্রহণের
 পর বিচারকগণের
 অক্ষমতা)",,"কোনো ব্যক্তি (এই সংবিধানের ৯৮ অনুচ্ছেদের বিধানাবলী অনুসারে অতিরিক্ত
 বিচারকরূপে দায়িত্ব পালন ব্যতীত) বিচারকরূপে দায়িত্ব পালন করিয়া থাকিলে
 উক্ত পদ হইতে অবসর গ্রহণের বা অপসারিত হইবার পর তিনি কোনো
 আদালত বা কোনো কর্তৃপক্ষের নিকট ওকালতি বা কার্য করিবেন না এবং
 বিচার বিভাগীয় বা আধা বিচার বিভাগীয় পদ ব্যতীত জনগণতন্ত্রের কর্মেকোনো
 লাভজনক পদে নিয়োগ লাভের য�োগ্য হইবেন না।",রাষ্ট্র সংস্কার আন্দোলন,,Amendment,No,,,,ষষ্ঠ ভাগ (বিচারবিভাগ)
"অনুচ্ছেদ ১০০
 (সুপ্রীম কোর্টের
 আসন)","৬৪ [১০০। রাজধানীতে সুপ্রীম কোর্টের স্থায়ী আসন থাকিবে, তবে রাষ্ট্রপতির অনুমোদন লইয়া প্রধান বিচারপতি সময়ে সময়ে অন্য যে স্থান বা স্থানসমূহ নির্ধারণ করিবেন, সেই স্থান বা স্থানসমূহে হাইকোর্ট বিভাগের অধিবেশন অনুষ্ঠিত হইতে পারিবে।]","পঞ্চদশ সংশোধনীর মাধ্যমে অত্র অনুচ্ছেদটি প্রতিস্থাপিত হলেও আদতে
 পূর্বের বিধানই অপরিবর্তিত রয়েছে। - - - প্রতিস্থাপিত অনুচ্ছেদটি বহাল রাখতে
 হবে।(পঞ্চদশ সংশধনীর বৈধতা সংক্রান্ত মামলায় বিষয়টি বিচারাধীন)।",বাংলাদেশ জাতীয়তাবাদী দল (বিএনপি),,Amendment,No,,,"সুপ্রিম কোর্টের বিকেন্দ্রীকরণ:

৩। কমিশন উচ্চ আদালতের বিকেন্দ্রীকরণ করে দেশের সকল বিভাগে হাইকোর্ট বিভাগের স্থায়ী আসন প্রবর্তনের সুপারিশ করছে।
৪। প্রস্তাবিত ব্যবস্থায়, সুপ্রিম কোর্টের আপিল বিভাগের আসন রাজধানীতেই থাকবে। দেশের সকল বিভাগে হাইকোর্ট বিভাগের সমান এখতিয়ার সম্পন্ন স্থায়ী আসন স্থাপন করা হবে। হাইকোর্ট বিভাগের বিকেন্দ্রীকরণ কোনোভাবেই সুপ্রিম কোর্টের একক চরিত্রকে ক্ষুণ্ণ করবে না।",ষষ্ঠ ভাগ (বিচারবিভাগ)
"অনুচ্ছেদ ১০০
 (সুপ্রীম কোর্টের
 আসন)",,"রাজধানীতে সুপ্রীম কোর্টের স্থায়ী আসন থাকিবে, রাষ্ট্রের প্রতি বিভাগে সার্কিট
 বেঞ্চ গড়িয়া তোলা হইবে। উচ্চ আদালতের সেবা নাগরিকদের নিকটতর
 করিবার লক্ষ্যে, প্রধান বিচারপতি সময়ে সময়ে অন্য যে স্থান বা স্থানসমূহ
 নির্ধারণ করিবেন, সেই স্থান বা স্থানসমূহে হাইকোর্ট বিভাগের অধিবেশন
 অনুষ্ঠিত হইতে পারিবে।",রাষ্ট্র সংস্কার আন্দোলন,,Amendment,No,,,,ষষ্ঠ ভাগ (বিচারবিভাগ)
"অনুচ্ছেদ ১০০
 (সুপ্রীম কোর্টের
 আসন)",,"The permanent seat of the Supreme Court shall be in the
 capital but such number of permanent benches of the High
 Court Division with registries may be appointed in such places
 as the Judicial Commission may determine9 and if necessaryp
 sessions of the High Court Division may be held in such other
 place or places as the Chief Justice may with the approval of
 President from time to time determine.",বাংলাদেশ মুসলিম লীগ,,Amendment,No,,,,ষষ্ঠ ভাগ (বিচারবিভাগ)
"অনুচ্ছেদ ১০১
 (হাইকোর্ট
 বিভাগের
 এখতিয়ার)","৬৫ [১০১। এই সংবিধান বা অন্য কোন আইনের
 দ্বারা হাইকোর্ট বিভাগের উপর যেরূপ আদি, আপীল
 ও অন্যপ্রকার এখতিয়ার ও ক্ষমতা অর্পিত হইয়াছে,
 উক্ত বিভাগের সেইরূপ এখতিয়ার ও ক্ষমতা
 থাকিবে।]","পঞ্চদশ সংশোধনীর মাধ্যমে অত্র অনুচ্ছেদটি প্রতিস্থাপিত হলেও আদতে
 পূর্বের বিধানই অপরিবর্তিত রয়েছে। - - - প্রতিস্থাপিত অনুচ্ছেদটি বহাল রাখতে
 হবে।(পঞ্চদশ সংশধনীর বৈধতা সংক্রান্ত মামলায় বিষয়টি বিচারাধীন)।",বাংলাদেশ জাতীয়তাবাদী দল (বিএনপি),,Amendment,No,,,,ষষ্ঠ ভাগ (বিচারবিভাগ)
"অনুচ্ছেদ ১০১
 (হাইকোর্ট
 বিভাগের
 এখতিয়ার)",,"হাইকোর্ট বিভাগে বেঞ্চ পূনর্গঠনে শুধু বিচারক পরিবর্তন করে অধিক্ষেত্র ও
 কার্যতালিকা অপরিবর্তিত রাখতে হবে এবং ক্রমানুসারে মামলার শুনানী ও
 আদেশ প্রেরণ নিশ্চিত করতে হবে ।",বাংলাদেশ লেবার পার্টি,,Amendment,No,,,,ষষ্ঠ ভাগ (বিচারবিভাগ)
"অনুচ্ছেদ ১০১
 (হাইকোর্ট
 বিভাগের
 এখতিয়ার)",,"হাইকোর্টবেঞ্চের বিকেন্দ্রীকরণ: বিচার ব্যবস্থাকে অধিক জনগণবান্ধব
 করার লক্ষ্যে হাইকোর্টবেঞ্চের বিকেন্দ্রীকরণ করতে হবে। বিচার ব্যবস্থাকে
 বিচারগ্রহিতার দোর গোড়ায় নিয়ে যেতে হবে।",আমার বাংলাদেশ পার্টি (এবি পার্টি),,Amendment,No,,,,ষষ্ঠ ভাগ (বিচারবিভাগ)
"অনুচ্ছেদ ১০২
 (কতিপয় আদেশ
 ও নির্দেশ
 প্রভৃতি দানেের
ক্ষেত্রে হাইকোর্ট
 বিভাগের ক্ষমতা","৬৬ [১০২।(১) কোন সংক্ষুব্ধ ব্যক্তির আবেদনক্রমে
 এই সংবিধানের তৃতী য় ভাগের দ্বারা অর্পিত
 অধিকারসমূহের যে কোন একটি বলবৎ করিবার
 জন্য প্রজাতন্ত্রের বিষয়াবলীর সহিত সম্পর্কিত কোন
 দায়িত্ব পালনকারী ব্যক্তিসহ যে কোন ব্যক্তি বা
 কর্তৃপক্ষকে হাইকোর্ট বিভাগ উপযুক্ত নির্দেশাবলী বা
 আদেশাবলী দান করিতে পারিবেন।
 (২) হাইকোর্ট বিভাগের নিকট যদি সন্তোষজনকভাবে
 প্রতীয়মান হয় যে, আইনের দ্বারা অন্য কোন
 সমফলপ্রদ বিধান করা হয় নাই, তাহা হইলে (ক) যে
 কোন সংক্ষুব্ধ ব্যক্তির আবেদনক্রমে - 
 (অ) প্রজাতন্ত্র বা কোন স্থানীয় কর্তৃপক্ষের বিষয়াবলীর
 সহিত সংশ্লিষ্ট যে কোন দায়িত্ব পালনে রত ব্যক্তিকে
 আইনের দ্বারা অনুমোদিত নয়, এমন কোন কার্য
 করা হইতে বিরত রাখিবার জন্য কিংবা আইনের
 দ্বারা তাঁহার করণীয় কার্য করিবার জন্য নির্দেশ
 প্রদান করিয়া, অথবা (আ) প্রজাতন্ত্র বা কোন স্থানীয়
 কর্তৃপক্ষের বিষয়াবলীর সহিত সংশ্লিষ্ট যে কোন
 দায়িত্ব পালনে রত ব্যক্তির কৃত কোন কার্যবা গৃহীত
 কোন কার্যধারা আইনসংগত কর্তৃত্ব ব্যতিরেকে করা
 হইয়াছে বা গৃহীত হইয়াছে ও তাঁহার কোন আইনগত
 কার্যকরতা নাই বলিয়া ঘ�োষণা করিয়া উক্ত বিভাগ
 আদেশদান করিতে পারিবেন; অথবা (খ) যে কোন
 ব্যক্তির আবেদনক্রমে - (অ) আইনসংগত কর্তৃত্ব
 ব্যতিরেকে বা বেআইনী উপায়ে কোন ব্যক্তিকে
 প্রহরায় আটক রাখা হয় নাই বলিয়া যাহাতে উক্ত
 বিভাগের নিকট সন্তোষজনকভাবে প্রতীয়মান হইতে
 পারে, সেইজন্য প্রহরায় আটক উক্ত ব্যক্তিকে উক্ত
 বিভাগের সম্মুখ ে আনয়নের নির্দেশ প্রদান করিয়া,
 অথবা
 (আ) কোন সরকারি পদে আসীন বা আসীন বলিয়া
 বিবেচিত কোন ব্যক্তিকে তিনি কোন্ কর্তৃত্ববলে
 অনুরূপ পদমর্যাদায় অধিষ্ঠানের দাবী করিতেছেন,
 তাহা প্রদর্শনের নির্দেশ প্রদান করিয়া উক্ত বিভাগ
 আদেশদান করিতে পারিবেন।
 (৩) উপরি - উক্ত দফাসমূহে যাহা বলা হইয়াছে, তাহা
 সত্ত্বেও এই সংবিধানের ৪৭ অনুচেছদ প্রয�োজ্য হয়,
 এইরূপ কোন আইনের ক্ষেত্রে বর্তমান অনুচ্ছেদের
 অধীন অন্তর্বর্তীকালীন বা অন্য কোন আদেশ দানের
 ক্ষমতা হাইকোর্ট বিভাগের থাকিবে না।
 (৪) এই অনুচ্ছেদের (১) দফা কিংবা এই
 অনুচ্ছেদের (২) দফার (ক) উপ - দফার অধীন কোন
 আবেদনক্রমে যে ক্ষেত্রে অন্তর্বর্তী আদেশ প্রার্থনা
 করা হইয়াছে এবং অনুরূপ অর্ন্তবর্তী আদেশ (ক)
 যেখানে উন্নয়ন কর্মসূচী বাস্তবায়নের জন্য কোন
 ব্যবস্থা কিংবা কোন উন্নয়নমূলক কার্যের প্রতিকূলতা
 বা বাধা সৃষ্টি করিতে পারে; অথবা (খ) যেখানে অন্য
 কোনভাবে জনস্বার্থের পক্ষে ক্ষতিকর হইতে পারে
 সেইখানে অ্যাটর্নি - জেনারেলকে উক্ত আবেদন সম্পর্কে
 যুক্তিসঙ্গত নোটিশদান এবং অ্যাটর্নি - জেনারেলের
 (কিংবা এই বিষয়ে তাহার দ্বারা ভারপ্রাপ্ত অন্য
 কোন এ্যাডভোকেটের) বক্তব্য শ্রবণ না করা পর্যন্ত
 এবং এই দফার (ক) বা (খ) উপ - দফায় উল্লিখিত
 প্রতিক্রিয়া সৃষ্টি করিবে না বলিয়া হাইকোর্ট বিভাগের
 নিকট সন্তোষজনকভাবে প্রতীয়মান না হওয়া পর্যন্ত
 উক্ত বিভাগ কোন অন্তর্বর্তী আদেশদান করিবেন
 না। (৫) প্রসংগের প্রয়োজনে অন্যরূপ না হইলে
 এই অনুচ্ছেদে ‘‘ব্যক্তি’’ বলিতে সংবিধিবদ্ধ সরকারী
 কর্তৃপক্ষ ও বাংলাদেশের প্রতিরক্ষা কর্মবিভাগসমূহ
 অথবা কোন শৃংখলা - বাহিনী সংক্রান্ত আইনের অধীন
 প্রতিষ্ঠিত কোন আদালত বা ট্রাইব্যু নাল ব্যতীত কিংবা
 এই সংবিধানের ১১৭ অনুচ্ছেদ প্রয�োজ্য হয়, এইরূপ
 কোন ট্রাইব্যু নাল ব্যতীত যে কোন আদালত বা
 ট্রাইব্যু নাল অন্তর্ভুক্ত হইবে।]","(৫) প্রসংগের প্রয়োজনে অন্যরূপ না হইলে এই অনুচ্ছেদে ‘‘ব্যক্তি’’ বলিতে
 সংবিধিবদ্ধ সরকারী কর্তৃপক্ষ ও বাংলাদেশের প্রতিরক্ষা কর্মবিভাগসমূহ অথবা
 কোন শৃংখলা - বাহিনী সংক্রান্ত আইনের অধীন প্রতিষ্ঠিত কোন আদালত বা
 ট্রাইব্যু নাল ব্যতীত কিংবা এই সংবিধানের ১১৭ অনুচ্ছেদ প্রয�োজ্য হয়, এইরূপ
 কোন ট্রাইব্যু নাল ব্যতীত যে কোন আদালত বা ট্রাইব্যু নাল অন্তর্ভুক্ত হইবে। - - - 
 অনুচ্ছেদ ১০২(৫) বিলুপ্ত ঘ�োষনা।",বাংলাদেশ জাতীয়তাবাদী দল (বিএনপি),,Amendment,Yes,বাংলাদেশ জামায়াতে ইসলামী,,,ষষ্ঠ ভাগ (বিচারবিভাগ)
"অনুচ্ছেদ ১০২
 (কতিপয় আদেশ
 ও নির্দেশ
 প্রভৃতি দানেের
ক্ষেত্রে হাইকোর্ট
 বিভাগের ক্ষমতা",,"(৫) প্রসংগের প্রয়োজনে অন্যরূপ না হইলে এই অনুচ্ছেদে ‘‘ব্যক্তি’’ বলিতে
 সংবিধিবদ্ধ সরকারী কর্তৃপক্ষ ও বাংলাদেশের প্রতিরক্ষা কর্মবিভাগসমূহ অথবা
 কোন শৃংখলা - বাহিনী সংক্রান্ত আইনের অধীন প্রতিষ্ঠিত কোন আদালত বা
 ট্রাইব্যু নাল ব্যতীত কিংবা এই সংবিধানের ১১৭ অনুচ্ছেদ প্রয�োজ্য হয়, এইরূপ
 কোন ট্রাইব্যু নাল ব্যতীত যে কোন আদালত বা ট্রাইব্যু নাল অন্তর্ভুক্ত হইবে। - - - 
 অনুচ্ছেদ ১০২(৫) বিলুপ্ত ঘ�োষনা।",বাংলাদেশ জামায়াতে ইসলামী,,Amendment,Yes,বিএনপি,,,ষষ্ঠ ভাগ (বিচারবিভাগ)
"অনুচ্ছেদ ১০২
 (কতিপয় আদেশ
 ও নির্দেশ
 প্রভৃতি দানেের
ক্ষেত্রে হাইকোর্ট
 বিভাগের ক্ষমতা",,"(১) কোনো সংক্ষুব্ধ ব্যক্তির আবেদনক্রমে এই সংবিধানের তৃতীয় ভাগের দ্বারা
 অর্পিত অধিকারসমূহের যেকোন একটি বলবৎ করিবার জন্য জনগণতন্ত্রের
 বিষয়াবলীর সহিত সম্পর্কিত কোনো দায়িত্ব পালনকারী ব্যক্তিসহ যেকোন
 ব্যক্তি বা কর্তৃপক্ষকে হাইকোর্ট বিভাগ উপযুক্ত নির্দেশাবলী বা আদেশাবলী দান
 করিতে পারিবেন।
 (২) হাইকোর্ট বিভাগের নিকট যদি সন্তোষজনকভাবে প্রতীয়মান হয় যে,
 আইনের দ্বারা অন্যকোন সমফলপ্রদ বিধান করা হয় নাই, তাহা হইলে
 (ক) যেকোন সংক্ষুব্ধ ব্যক্তির আবেদনক্রমে - 
 অ) জনগণতন্ত্র বা কোনো স্থানীয় কর্তৃপক্ষের বিষয়াবলীর সহিত সংশ্লিষ্ট যেকোন
 দায়িত্ব পালনে রত ব্যক্তিকে আইনের দ্বারা অনুমোদিত নয়, এমন কোনো কার্য
 করা হইতে বিরত রাখিবার জন্য কিংবা আইনের দ্বারা তাঁহার করণীয় কার্য
 করিবার জন্য নির্দেশ প্রদান করিয়া, অথবা
 (আ) জনগণতন্ত্র বা কোনো স্থানীয় কর্তৃপক্ষের বিষয়াবলীর সহিত সংশ্লিষ্ট
 যেকোন দায়িত্ব পালনে রত ব্যক্তির কৃত কোনো কার্যবা গৃহীত কোনো কার্যধারা
 আইনসংগত কর্তৃত্ব ব্যতিরেকে করা হইয়াছে বা গৃহীত হইয়াছে এবং তাঁহার
 কোনো আইনগত কার্যকরতা নাই বলিয়া ঘ�োষণা করিয়া
 উক্ত বিভাগ আদেশদান করিতে পারিবেন, অথবা
 (খ) যেকোন ব্যক্তির আবেদনক্রমে - 
 অ) আইনসংগত কর্তৃত্ব ব্যতিরেকে বা বেআইনী উপায়ে কোনো ব্যক্তিকে প্রহরায়
 আটক রাখা হয় নাই বলিয়া যাহাতে উক্ত বিভাগের নিকট সন্তোষজনকভাবে
 প্রতীয়মান হইতে পারে, সেইজন্য প্রহরায় আটক উক্ত ব্যক্তিকে উক্ত বিভাগের
 সম্মুখ ে আনয়নের নির্দেশ প্রদান করিয়া, অথবা
 আ) কোনো সরকারি পদে আসীন বা আসীন বলিয়া বিবেচিত কোনো ব্যক্তিকে
 তিনি কোন্ কর্তৃত্ববলে অনুরূপ পদমর্যাদায় অধিষ্ঠানের দাবী করিতেছেন, তাহা
 প্রদর্শনের নির্দেশ প্রদান করিয়া উক্ত বিভাগ আদেশদান করিতে পারিবেন।",রাষ্ট্র সংস্কার আন্দোলন,,Amendment,No,,,,ষষ্ঠ ভাগ (বিচারবিভাগ)
"অনুচ্ছেদ ১০২
 (কতিপয় আদেশ
 ও নির্দেশ
 প্রভৃতি দানেের
ক্ষেত্রে হাইকোর্ট
 বিভাগের ক্ষমতা",,"THE PERSON FILING A WRIT PETITION MUST BE
 PERSONALLY AGGRIEVED or Petitions can be filed by
 registered private Societies or Non_Government Organizations for
 the benefit of the people at large, save and except) the foregoing no
 other person can file a Writ as a Public Interest Litigation.",বাংলাদেশ মুসলিম লীগ,,Amendment,No,,,,ষষ্ঠ ভাগ (বিচারবিভাগ)
"অনুচ্ছেদ ১০৩
 (আপীল বিভাগের
 এখতিয়ার)","১০৩। (১) হাইকোর্ট বিভাগের রায়, ডিক্রী, আদেশ
 বা দণ্ডাদেশের বিরুদ্ধে আপীল শুনানীর ও তাহা
 নিষ্পত্তির এখতিয়ার আপীল বিভাগের থাকিবে।
 (২) হাইকোর্ট বিভাগের রায়, ডিক্রী, আদেশ বা
 দণ্ডাদেশের বিরুদ্ধে আপীল বিভাগের নিকট সেই
 ক্ষেত্রে অধিকারবলে আপীল করা যাইবে, যে ক্ষেত্রে
 হাইকোর্ট বিভাগ
 (ক) এই মর্মে সার্টিফিকেট দান করিবেন যে,
 মামলাটির সহিত এই সংবিধান - ব্যাখ্যার বিষয়ে
 আইনের গুরুত্বপূর্ণ প্রশ্ন জড়িত রহিয়াছে; অথবা
 ৬৭ [(খ) কোন মৃত্যু দণ্ড বহাল করিয়াছেন কিংবা
 কোন ব্যক্তিকে মৃত্যু দণ্ডে বা যাবজ্জীবন কারাদণ্ডে
 দণ্ডিত করিয়াছেন ; অথবা]
 (গ) উক্ত বিভাগের অবমাননার জন্য কোন ব্যক্তিকে
 দণ্ডদান করিয়াছেন;
 এবং সংসদে আইন - দ্বারা যেরূপ বিধান করা হইবে,
 সেইরূপ অন্যান্য ক্ষেত্রে।
 (৩) হাইকোর্ট বিভাগের রায়, ডিক্রী, আদেশ বা
 দণ্ডাদেশের বিরুদ্ধে যে মামলায় এই অনুচ্ছেদের (২)
 দফা প্রয�োজ্য নহে, কেবল আপীল বিভাগ আপীলের
 অনুমতিদান করিলে সেই মামলায় আপীল চলিবে।
 (৪) সংসদ আইনের দ্বারা ঘ�োষণা করিতে পারিবেন
 যে, এই অনুচ্ছেদের বিধানসমূহ হাইকোর্ট বিভাগের
 প্রসঙ্গে যেরূপ প্রয�োজ্য, অন্য কোন আদালত বা
 ট্রাইব্যু নালের ক্ষেত্রেও তাহা সেইরূপ প্রয�োজ্য
 হইবে।","পঞ্চদশ সংশোধনীর মাধ্যমে হাইকোর্ট বিভাগের যাবজ্জীবন কারাদন্ডাদেশের
 বিরুদ্ধে আপীল বিভাগে অধিকারবঅলে আপীল করার সুয�োগ সৃষ্টি করা হয়। - - - 
 প্রতিস্থাপিত অনুচ্ছেদটি বহাল রাখতে হবে।(পঞ্চদশ সংশধনীর বৈধতা সংক্রান্ত
 মামলায় বিষয়টি বিচারাধীন)।",বাংলাদেশ জাতীয়তাবাদী দল (বিএনপি),,Amendment,No,,,,ষষ্ঠ ভাগ (বিচারবিভাগ)
"অনুচ্ছেদ ১০৩
 (আপীল বিভাগের
 এখতিয়ার)",,"আদালতের নির্দেশনা আইনসভা কতটুকু বাধ্যতামূলকভাবে মেনে চলবে সেটা
 সুস্পষ্ট হতে হবে।",জাতীয়তাবাদী গণতান্ত্রিক আন্দোলন (এনডিএম),,Amendment,No,,,,ষষ্ঠ ভাগ (বিচারবিভাগ)
"অনুচ্ছেদ ১০৬
 (সুপ্রীম কোর্টের
 উপদেষ্টামূলক
 এখতিয়ার)","১০৬। যদি কোন সময়ে রাষ্ট্রপতির নিকট প্রতীয়মান
 হয় যে, আইনের এইরূপ কোন প্রশ্ন উত্থাপিত
 হইয়াছে বা উত্থাপনের সম্ভাবনা দেখা দিয়াছে, যাহা
 এমন ধরনের ও এমন জনগুরুত্বসম্পন্ন যে, সেই
 সম্পর্কে সুপ্রীম কোর্টের মতামত গ্রহণ করা প্রয়োজন,
 তাহা হইলে তিনি প্রশ্নটি আপীল বিভাগের বিবেচনার
 জন্য প্রেরণ করিতে পারিবেন এবং উক্ত বিভাগ
 স্বীয় বিবেচনায় উপযুক্ত শুনানীর পর প্রশ্নটি সম্পর্কে
 রাষ্ট্রপতিকে স্বীয় মতামত জ্ঞাপন করিতে পারিবেন।","অধ্যাদেশ প্রণয়নের আগে তা ক্রমানুসারে সংসদের উচ্চকক্ষ বা সংসদীয় কমিটি
 বা সুপ্রীম কোর্টের সংশ্লিষ্ট বিভাগের মতামত/পরামর্শ গ্রহণ করবেন।",জাতীয় নাগরিক কমিটি,,Amendment,Yes,ইসলামী আন্দোলন বাংলাদেশ,,,ষষ্ঠ ভাগ (বিচারবিভাগ)
"অনুচ্ছেদ ১০৬
 (সুপ্রীম কোর্টের
 উপদেষ্টামূলক
 এখতিয়ার)",,"অধ্যাদেশ প্রণয়নের আগে তা ক্রমানুসারে সংসদের উচ্চকক্ষ বা সংসদীয় কমিটি
 বা সুপ্রীম কোর্টের সংশ্লিষ্ট বিভাগের মতামত/পরামর্শ গ্রহণ করবেন।",ইসলামী আন্দোলন বাংলাদেশ,,Amendment,Yes,জাতীয় নাগরিক কমিটি,,,ষষ্ঠ ভাগ (বিচারবিভাগ)
"অনুচ্ছদ ১০৭
 (সুপ্রীম কোর্টের
 বিধি প্রণয়ন
 ক্ষমতা )","১০৭। (১) সংসদ কর্তৃক প্রণীত যে কোন আইনসাপেক্ষে সুপ্রীম কোর্ট রাষ্ট্রপতির অনুমোদন লইয়া
 প্রত্যেক বিভাগের এবং অধঃস্তন যে কোন আদালতের
 রীতি ও পদ্ধতি - নিয়ন্ত্রণের জন্য বিধিসমূহ প্রণয়ন
 করিতে পারিবেন।
 ৬৮[(২) সুপ্রীম কোর্ট এই অনুচ্ছেদের (১) দফা এবং
 এই সংবিধানের ১১৩ ও ১১৬ অনুচ্ছেদের অধীন
 দায়িত্বসমূহের ভার উক্ত আদালতের কোন একটি
 বিভাগকে কিংবা এক বা একাধিক বিচারককে অর্পণ
 করিতে পারিবেন।
 (৩) এই অনুচ্ছেদের অধীন প্রণীত বিধিসমূহসাপেক্ষে কোন্ কোন্ বিচারককে লইয়া কোন্
 বিভাগের কোন্ বেঞ্চ গঠিত হইবে এবং কোন্ কোন্
 বিচারক কোন্ উদ্দেশ্যে আসন গ্রহণ করিবেন, তাহা
 প্রধান বিচারপতি নির্ধারণ করিবেন।]
 (৪) প্রধান বিচারপতি সুপ্রীম কোর্টের যে কোন
 বিভাগের কর্মে প্রবীণতম বিচারককে সেই বিভাগে
 এই অনুচ্ছেদের (৩) দফা কিংবা এই অনুচ্ছেদের
 অধীন প্রণীত বিধিসমূহ - দ্বারা অর্পিত যে কোন
 ক্ষমতাপ্রয়োগের ভার প্রদান করিতে পারিবেন।","পঞ্চদশ সংশোধনীর মাধ্যমে সামান্য পরিবর্তন আনা হয়েছে । পরিবর্তিত
 বিধানমতে - সুপ্রীম কোর্টের কোন একটি বিভাগকে কিংবা এক বা একাধিক
 বিচারককে ১১৬ অনুচ্ছেদের (সুপ্রীম কোর্টের কর্মচারীগণ) অধীন দায়িত্বসমূহ
 অর্পণ করিতে পারিবে। - - - সংশোধিত অনুচ্ছেদটি অপরিবর্তিত রাখা যেতে পারে।
 (পঞ্চদশ সংশধনীর বৈধতা সংক্রান্ত মামলায় বিষয়টি বিচারাধীন)",বাংলাদেশ জাতীয়তাবাদী দল (বিএনপি),,Amendment,No,,,,ষষ্ঠ ভাগ (বিচারবিভাগ)
"অনুচ্ছদ ১০৭
 (সুপ্রীম কোর্টের
 বিধি প্রণয়ন
 ক্ষমতা )",,"(১) বিচার বিভাগের কর্মচারীদের নিয়োগ, পদোন্নতি, কর্মস্থল নির্ধারণ, বেতন
 ও সুয�োগ - সুবিধা কাঠামো নির্ণয়ের জন্য বিচার বিভাগের জন্য একটি সচিবালয়
 থাকিবে । প্রধান বিচারপতি এই সচিবালয়ের প্রধান বলিয়া বিবেচিত হইবেন।
 রাষ্ট্র এই সচিবালয়ের অর্থের সংকুলান করিবে। এই সচিবালয় বিচার বিভাগের
 প্রতিটি অংশের এবং অধঃস্তন যেকোন আদালতের রীতি ও পদ্ধতি নিয়ন্ত্রণের
 জন্য বিধিসমূহ প্রণয়ন করিতে পারিবেন।
 (২) সুপ্রীম কোর্ট এই অনুচ্ছেদের (১) দফা দায়িত্বসমূহের ভার উক্ত আদালতের
 কোনো একটি বিভাগকে কিংবা এক বা একাধিক বিচারককে অর্পণ করিতে
 পারিবেন।
 (৩) এই অনুচ্ছেদের অধীন প্রণীত বিধিসমূহ সাপেক্ষে কোন্ কোন্ বিচারককে
 লইয়া কোন্ বিভাগের কোন্ বেঞ্চ গঠিত হইবে এবং কোন্ কোন্ বিচারক কোন্
 উদ্দেশ্যে আসন গ্রহণ করিবেন, তাহা প্রধান বিচারপতি নির্ধারণ করিবেন।
 (৪) প্রধান বিচারপতি সুপ্রীম কোর্টের যেকোন বিভাগের কর্মে প্রবীণতম
 বিচারককে সেই বিভাগে এই অনুচ্ছেদের (৩) দফা কিংবা এই অনুচ্ছেদের
 অধীন প্রণীত বিধিসমূহ দ্বারা অর্পিত যেকোন ক্ষমতা প্রয়োগের ভার প্রদান
 করিতে পারিবেন।",রাষ্ট্র সংস্কার আন্দোলন,,Amendment,No,,,,ষষ্ঠ ভাগ (বিচারবিভাগ)
অনুচ্ছেদ ১০৯ (আদালতসমূহের উপর তত্ত্বাবধান ও নিয়ন্ত্রণ),"১০৯। হাইকোর্ট বিভাগের অধঃস্তন সকল
 ৬৯[আদালত ও ট্রাইব্যু নালের] উপর উক্ত বিভাগের
 তত্ত্বাবধান ও নিয়ন্ত্রণ - ক্ষমতা থাকিবে।","পঞ্চদশ সংশোধনীর পূর্বে অধঃস্তন সকল আদালতের উপর হাইকোর্ট বিভাগের
 তত্ত্বাবধান ও নিয়ন্ত্রন - ক্ষমতা ছিল। সংশোধনীর মাধ্যমে অধঃস্তন আদালতের
 পাশাপাশি ট্রাইবুনালকেও নিয়ন্ত্রণ ক্ষমতার অধীন করা হয়েছে। - - - সংশোধিত
 অনুচ্ছেদটি অপরিবর্তিত রাখা যেতে পারে। (পঞ্চদশ সংশধনীর বৈধতা সংক্রান্ত
 মামলায় বিষয়টি বিচারাধীন)",বাংলাদেশ জাতীয়তাবাদী দল (বিএনপি),,Amendment,No,,,,ষষ্ঠ ভাগ (বিচারবিভাগ)
"অনুচ্ছেদ
 ১১১ (সুপ্রীম
 কোর্টের রায়ের
 বাধ্যতামূলক
 কার্যকরতা)","আপীল বিভাগ কর্তৃক ঘ�োষিত আইন হাইকোর্ট
 বিভাগের জন্য এবং সুপ্রীম কোর্টের যে কোন বিভাগ
 কর্তৃক ঘ�োষিত আইন অধস্তন সকল আদালতের জন্য
 অবশ্যপালনীয় হইবে।","The Law declared by the Appellate Division in an Appeal shall
 be binding upon the High Court Division and the law declared
 by either division of the Supreme Court shall be binding on all
 Courts subordinate to it Provlded further that any opinion given in
 Leave Petitions will not be Law, hence not binding upon any Court
 including the HCD.",বাংলাদেশ মুসলিম লীগ,,Amendment,No,,,,ষষ্ঠ ভাগ (বিচারবিভাগ)
"অনুচ্ছেদ ১১৩
 (সুপ্রীম কোর্টের
 কর্মচারীগণ)","১১৩। (১) প্রধান বিচারপতি কিংবা তাঁহার
 নির্দেশক্রমে অন্য কোন বিচারক বা কর্মচারী সুপ্রীম
 কোর্টের কর্মচারীদিগকে নিযুক্ত করিবেন এবং
 রাষ্ট্রপতির পূর্বানুমোদনক্রমে সুপ্রীম কোর্ট কর্তৃক
 প্রণীত বিধিসমূহ - অনুযায়ী এই নিয়োগদান করা
 হইবে।
 (২) সংসদের যে কোন আইনের বিধানাবলী - সাপেক্ষে
 সুপ্রীম কোর্ট কর্তৃক প্রণীত বিধিসমূহে যেরূপ
 নির্ধারিত হইবে, সুপ্রীম কোর্টের কর্মচারীদের কর্মের
 শর্তাবলী সেইরূপ হইবে।","(১) প্রধান বিচারপতি কিংবা তাঁহার নির্দেশক্রমে অন্যকোন বিচারক বা কর্মচারী
 সুপ্রীম কোর্টের কর্মচারীদিগকে নিযুক্ত করিবেন এবং সুপ্রীম কোর্ট কর্তৃক প্রণীত
 বিধিসমূহ অনুযায়ী এই নিয়োগদান করা হইবে।
 (২) সংসদের যেকোন আইনের বিধানাবলী সাপেক্ষে সুপ্রীম কোর্ট কর্তৃক প্রণীত
 বিধিসমূহে যেরূপ নির্ধারিত হইবে, সুপ্রীম কোর্টের কর্মচারীদের কর্মের শর্তাবলী
 সেইরূপ হইবে।",রাষ্ট্র সংস্কার আন্দোলন,,Amendment,No,,,,ষষ্ঠ ভাগ (বিচারবিভাগ)
"অনুচ্ছেদ
 ১১৪ (অধস্তন
 আদালত - সমূহ
 প্রতিষ্ঠা)","১১৪। আইনের দ্বারা যেরূপ প্রতিষ্ঠিত হইবে, সুপ্রীম
 কোর্টব্যতীত সেইরূপ অন্যান্য অধস্তন আদালত
 থাকিবে।",িচার ব্যবস্থা উপজেলা পর্যায়ে বিস্তৃত হবে।,জাতীয় সমাজতান্ত্রিক দল (জেএসডি),,Amendment,No,,,"১২। কমিশন ‘অধস্তন আদালত’-এর পরিবর্তে ‘স্থানীয় আদালত' ব্যবহারের প্রস্তাব করছে। ‘অধস্তন আদালত' অভিব্যক্তি আদালতসমূহের মর্যাদা এবং মূল্যবোধের সঙ্গে অসঙ্গতিপূর্ণ।

কমিশন সুপারিশ করছে যে, স্থানীয় আদালতের বিচার বিভাগীয় কর্মকর্তাদের নিয়োগ, পদায়ন, পদোন্নতি, ছুটি এবং শৃঙ্খলাসহ সকল সংশ্লিষ্ট বিষয় সুপ্রিম কোর্টের কাছে ন্যস্ত থাকবে। এই লক্ষ্যে কমিশন সুপ্রিম কোর্টের তত্ত্বাবধানে একটি বিচারিক সচিবালয় প্রতিষ্ঠার সুপারিশ করছে। সংযুক্ত তহবিলের অর্থায়নে সুপ্রিম কোর্ট এবং স্থানীয় আদালতের প্রশাসনিক কার্যক্রম, বাজেট প্রণয়ন ও মানবসম্পদ ব্যবস্থাপনার ওপর এই সচিবালয়ের পূর্ণ নিয়ন্ত্রণ থাকবে। এর মাধ্যমে বিচার বিভাগ আর্থিক ও প্রশাসনিক ক্ষেত্রে সরকারের নির্বাহী বিভাগ থেকে স্বাধীন থাকবে।",ষষ্ঠ ভাগ (বিচারবিভাগ)
"অনুচ্ছেদ
 ১১৫ (অধস্তন
 আদালতে
 নিয়োগ)","৭০ [১১৫। বিচারবিভাগীয় পদে বা বিচার বিভাগীয়
 দায়িত্বপালনকারী ম্যাজিস্ট্রেট পদে রাষ্ট্রপতি কর্তৃক
 উক্ত উদেশ্যে প্রণীত বিধিসমূহ অনুযায়ী রাষ্ট্রপতি
 নিয়োগদান করিবেন।]","নিম্ন আদালতের নিয়োগ, বদলি, পদোন্নতি সম্পূর্ণ রূপে উচ্চ আদালতের ওপর
 ন্যস্ত করা",গণসংহতি আন্দোলন,,Amendment,No,,,,ষষ্ঠ ভাগ (বিচারবিভাগ)
"অনুচ্ছেদ
 ১১৫ (অধস্তন
 আদালতে
 নিয়োগ)",,"অধস্তন আদালতের উপর কর্তৃত্ব এবং বিচারক নিয়োগ সুপ্রীম কোর্টের
 তত্ত্বাবধায়নে হবে। অধস্তন আদালতের বিচারক পদায়ন বা বদলী সংক্রান্ত সকল
 নিয়ন্ত্রণ প্রধান বিচারপতির হাতে থাকবে। উপজেলা পর্যায় পর্যন্ত আদালত
 স্থাপিত হতে হবে",জাতীয় নাগরিক কমিটি,,Amendment,No,,,,ষষ্ঠ ভাগ (বিচারবিভাগ)
"অনুচ্ছেদ
 ১১৫ (অধস্তন
 আদালতে
 নিয়োগ)",,"বিচার বিভাগীয় পদে বা বিচার বিভাগীয় দায়িত্ব পালনকারী ম্যাজিষ্ট্রেট পদে
 প্রধান বিচারপতি কর্তৃক উক্ত উদ্দেশ্যে প্রণীত বিধিসমূহ অনুযায়ী প্রধান
 বিচারপতি বা তার নির্দেশে দায়িত্বপ্রাপ্ত অন্যকোন বিচারপতি নিয়োগদান
 করিবেন।",রাষ্ট্র সংস্কার আন্দোলন,,Amendment,No,,,,ষষ্ঠ ভাগ (বিচারবিভাগ)
"অনুচ্ছেদ
 ১১৬ (অধঃস্তন
 আদালত সমূহের
 নিয়ন্ত্রণ ও
 শৃঙ্খলা)","৭১ [১১৬। বিচার - কর্মবিভাগে নিযুক্ত ব্যক্তিদের এবং
 বিচারবিভাগীয় দায়িত্বপালনে রত ম্যাজিস্ট্রেটদের
 নিয়ন্ত্রণ (কর্মস্থল - নির্ধারণ, পদোন্নতিদান ও ছুটি
 মঞ্জুরীসহ) ও শৃংখলাবিধান রাষ্ট্রপতির উপর ন্যস্ত
 থাকিবে এবং সুপ্রীম কোর্টের সহিত পরামর্শক্রমে
 রাষ্ট্রপতি কর্তৃক তাহা প্রযুক্ত হইবে।]","বিচার - কর্মবিভাগে নিযুক্ত ব্যক্তিদের এবং বিচার বিভাগীয় দায়িত্ব পালনে রত
 ম্যাজিস্ট্রটদের নিয়ন্ত্রণ (কর্মস্থল - মঞ্জরীসহ) ও শৃঙখলাবিধান রাষ্ট্রপতির উপর
 ন্যস্ত থাকিবে এবং সুপ্রীমকোর্টের সহিত পরামর্শক্রমে রাষ্ট্রপতি কতৃক তাহা
 প্রযুক্ত হইবে'। [পঞ্চদশ সংশোধনীর মাধ্যমে অত্র অনুচ্ছেদটি প্রতিস্থাপিত
 হলেও আদতে পূর্বের বিধানই অপরিবর্তিত রয়েছে।] - - - অনুচ্ছেদ ১১৬
 সংশোধনের মাধ্যমে সুপ্রীম কোর্টের উপর পূর্ণক্ষমতা ন্যস্ত করার বিধান
 যুক্ত করিতে হইবে। উপরোক্ত উদ্দেশ্য পূরনকল্পে নিম্নোক্ত উপায়ে Lower
 Judicial Council গঠনের বিধান সংয�োজন করা যেতে পারে। (১)গঠনঃ
 প্রধান বিচারপতির নেতৃত্ বে আপীল বিভাগের একজন এবং হাইকোর্ট বিভাগের
 একজন বিচারপতির সমন্বয়ে কাঊন্সিলটি গঠিত হইবে। (২) ক্ষমতাঃ অধঃস্তন
 আদালতসমূহের কোন বিচারকের অসদাচারণ বা অসামর্থ্য ইত্যাদি তদন্তপূর্বক
 প্রয়োজনীয় ব্যবস্থা গ্রহণ।",বাংলাদেশ জাতীয়তাবাদী দল (বিএনপি),,Amendment,No,,,,ষষ্ঠ ভাগ (বিচারবিভাগ)
"অনুচ্ছেদ
 ১১৬ (অধঃস্তন
 আদালত সমূহের
 নিয়ন্ত্রণ ও
 শৃঙ্খলা)",,"উচ্চ আদালত ও নিম্ন আদালতের উপর সরকার যেন অন্যায় হস্তক্ষেপ না
 করতে পারে সেজন্য সংবিধানের ৪৮, ৯৫, ৯৬, ৯৭, ১১৩, ১১৪, ১১৬ এবং
 সংশ্লিষ্ট অন্যান্য অনুচ্ছেদের সংস্কার করা।",বাংলাদেশের বিপ্লবী কমিউনিস্ট লীগ,,Amendment,Yes,বাংলাদেশের সমাজতান্ত্রিক দল (মার্কসবাদী),,,ষষ্ঠ ভাগ (বিচারবিভাগ)
"অনুচ্ছেদ
 ১১৬ (অধঃস্তন
 আদালত সমূহের
 নিয়ন্ত্রণ ও
 শৃঙ্খলা)",,"উচ্চ আদালত ও নিম্ন আদালতের উপর সরকার যেন অন্যায় হস্তক্ষেপ না
 করতে পারে সেজন্য সংবিধানের ৪৮, ৯৫, ৯৬, ৯৭, ১১৩, ১১৪, ১১৬ এবং
 সংশ্লিষ্ট অন্যান্য অনুচ্ছেদের সংস্কার করা।",বাংলাদেশের সমাজতান্ত্রিক দল (মার্কসবাদী),,Amendment,Yes,বাংলাদেশ বিপ্লবী কমিউনিস্ট লীগ,,,ষষ্ঠ ভাগ (বিচারবিভাগ)
"অনুচ্ছেদ
 ১১৬ (অধঃস্তন
 আদালত সমূহের
 নিয়ন্ত্রণ ও
 শৃঙ্খলা)",,"বিচার - কর্ম বিভাগে নিযুক্ত ব্যক্তিদের এবং বিচার বিভাগীয় দায়িত্ব পালনে রত
 ম্যাজিস্ট্রেটদের নিয়ন্ত্রণ (কর্মস্থল - নির্ধারণ, পদোন্নতিদান ও ছুটি মঞ্জুরি সহ) ও
 শৃংখলাবিধান প্রধান বিচারপতির উপর ন্যস্ত থাকিবে।",রাষ্ট্র সংস্কার আন্দোলন,,Amendment,No,,,,ষষ্ঠ ভাগ (বিচারবিভাগ)
অনুচ্ছেদ ১১৭ (প্রশাসনিক ট্রাইব্যুনালসমূহ),"১১৭। (১) ইতঃপূর্বেযাহা বলা হইয়াছে, তাহা সত্ত্বেও নিম্নলিখিত ক্ষেত্রসমু হ সম্পর্কেবা ক্ষেত্রসমু হ হইতে উদ্ভূত বিষয়াদির উপর এখতিয়ার প্রয়োগের জন্য সংসদ আইনের দ্বারা এক বা একাধিক প্রশাসনিক ট্রাইব্যু নাল প্রতিষ্ঠিত করিতে পারিবেনঃ (ক) নবম ভাগে বর্ণিত বিষয়াদি এবং অর্থদণ্ড বা অন্য দণ্ডসহ প্রজাতন্ত্রের কর্মেনিযুক্ত ব্যক্তিদের কর্মের শর্তাবলী; (খ) যে কোন রাষ্ট্রায়ত্ত উদ্যোগ বা সংবিধিবদ্ধ সরকারী কর্তৃপক্ষের চালনা ও ব্যবস্থাপনা এবং অনুরূপ উদ্যোগ বা সংবিধিবদ্ধ সরকারী কর্তৃপক্ষে কর্মসহ কোন আইনের দ্বারা বা অধীন সরকারের উপর ন্যস্ত বা সরকারের দ্বারা পরিচালিত কোন সম্পত্তির অর্জন, প্রশাসন, ব্যবস্থাপনা ও বিলি - ব্যবস্থা; (গ) যে আইনের উপর এই সংবিধানের ১০২ অনুচ্ছেদের ৭৩ [(৩)] দফা প্রয�োজ্য হয়, সেইরূপ কোন আইন। (২) কোন ক্ষেত্রে এই অনুচ্ছেদের অধীন কোন প্রশাসনিক ট্রাইব্যু নাল প্রতিষ্ঠিত হইলে অনুরূপ ট্রাইব্যু নালের এখতিয়ারের অন্তর্গত কোন বিষয়ে অন্য কোন আদালত কোনরূপ কার্যধারা গ্রহণ করিবেন না বা কোন আদেশ প্রদান করিবেন না; তবে শর্তথাকে যে, সংসদ আইনের দ্বারা কোন ট্রাইব্যু নালের সিদ্ধান্ত পু নর্বিবেচনা বা অনুরূপ সিদ্ধান্তের বিরুদ্ধে আপীলের বিধান করিতে পারিবেন।","পঞ্চদশ সংশোধনীর মাধ্যমে নির্বাচন কমিশনের সর্ব্বোচ্চ সংখ্যা ৪ জনে
 সীমিত করা হয়েছে। পূর্বে এ সংখযা অনির্দিষ্ট ছিল। - - - সংশোধিত অনুচ্ছেদটি
 অপরিবর্তিত রাখা যেতে পারে। (পঞ্চদশ সংশধনীর বৈধতা সংক্রান্ত মামলায়
 বিষয়টি বিচারাধীন)",বাংলাদেশ জাতীয়তাবাদী দল (বিএনপি),,Amendment,No,,,,ষষ্ঠ ভাগ (বিচারবিভাগ)
অনুচ্ছেদ ১১৭ (প্রশাসনিক ট্রাইব্যুনালসমূহ),,"(১) ইতোপূর্বে যাহা বলা হইয়াছে, তাহা সত্ত্বেও নিম্নলিখিত ক্ষেত্রসমুহ সম্পর্কে বা ক্ষেত্রসমুহ হইতে উদ্ভূত বিষয়াদির উপর এখতিয়ার প্রয়োগের জন্য সংসদ আইনের দ্বারা এক বা একাধিক প্রশাসনিক ট্রাইব্যুনাল প্রতিষ্ঠিত করিতে পারিবেন
(ক) যেকোন রাষ্ট্রায়ত্ত উদ্যোগ বা সংবিধিবদ্ধ সরকারি কর্তৃপক্ষের চালনা ও ব্যবস্থাপনা এবং অনুরূপ উদ্যোগ বা সংবিধিবদ্ধ সরকারি কর্তৃপক্ষে কর্মসহ  কোনো আইনের দ্বারা বা অধীন সরকারের উপর ন্যস্ত বা সরকারের দ্বারা পরিচালিত কোনো সম্পত্তির অর্জন, প্রশাসন, ব্যবস্থাপনা ও বিলি - ব্যবস্থা, (২) কোনো ক্ষেত্রে এই অনুচ্ছেদের অধীন কোনো প্রশাসনিক ট্রাইব্যু নাল প্রতিষ্ঠিত হইলে অনুরূপ ট্রাইব্যু নালের এখতিয়ারের অন্তর্গত কোনো বিষয়ে অন্যকোন আদালত কোনরূপ কার্যধারা গ্রহণ করিবেন না বা কোনো আদেশ প্রদান করিবেন না, তবে শর্তথাকে যে, সংসদ আইনের দ্বারা কোনো ট্রাইব্যু নালের সিদ্ধান্ত পুনর্বিবেচনা বা অনুরূপ| সিদ্ধান্তের বিরুদ্ধে আপীলের বিধান করিতে পারিবেন।",রাষ্ট্র সংস্কার আন্দোলন,,Amendment,No,,,,ষষ্ঠ ভাগ (বিচারবিভাগ)
অনুচ্ছেদ ১১৭ (প্রশাসনিক ট্রাইব্যুনালসমূহ),,"আইন কর্মকর্তাদের বিনামূল্যে চিকিৎসা ও আবাসন সুবিধাসহ বেতন - ভাতার
 বৈষম্য দূর করতে হবে ।",বাংলাদেশ লেবার পার্টি,,Addition,No,,,,ষষ্ঠ ভাগ (বিচারবিভাগ)
অনুচ্ছেদ ১১৭ (প্রশাসনিক ট্রাইব্যুনালসমূহ),,"আদালতে সার্বক্ষণিক নিরাপত্তার জন্য কোর্ট পুলিশ ব্যবস্থা চালু করতে হবে ।
 নেগোশিয়েবল ইন্সট্রুমে ন্ট এ্যাক্ট সংশোধন, সহজীকরণ ও মামলার দীর্ঘসূত্রীতা
 রোধ করতে হবে।",বাংলাদেশ লেবার পার্টি,,Addition,No,,,,ষষ্ঠ ভাগ (বিচারবিভাগ)
অনুচ্ছেদ ১১৭ (প্রশাসনিক ট্রাইব্যুনালসমূহ),,"ক. সুপ্রিমকোর্টের প্রধান বিচারপতির অধীনে সাত (৭) সদস্য বিশিষ্ট
 'সাংবিধানিক আদালত' গঠিত হবে।
 খ. সংবিধান বিষয়ে অভিজ্ঞ অবসরপ্রাপ্ত আরও ছয় (৬) জন বিচারপতি এই
 কমিটির সদস্য থাকবেন।
 গ. সাংবিধানিক জটিলতা বিষয়ে 'সাংবিধানিক আদালত' - এর সিদ্ধান্ত চূড়ান্ত বলে
 বিবেচিত হবে।
 ঘ. নির্বাচন সংক্রান্ত যেকোনো বিষয়ে ‘সাংবিধানিক আদালত' সর্বোচ্চ সংস্থা
 হিসেবে গণ্য হবে।",জাতীয় সমাজতান্ত্রিক দল (জেএসডি),,Addition,No,,,,ষষ্ঠ ভাগ (বিচারবিভাগ)
অনুচ্ছেদ ১১৭ (প্রশাসনিক ট্রাইব্যুনালসমূহ),,"সকল গণবিরোধী আইন বাতিল করে একটা গণতান্ত্রিক ব্যবস্থা উপয�োগী আইন
 তৈরি করতে হবে।সকল গণবিরোধী আইন বাতিল করে একটা গণতান্ত্রিক ব্যবস্থা উপয�োগী আইন
 তৈরি করতে হবে।",গণসংহতি আন্দোলন,,Addition,No,,,,ষষ্ঠ ভাগ (বিচারবিভাগ)
অনুচ্ছেদ ১১৭ (প্রশাসনিক ট্রাইব্যুনালসমূহ),,"ঔপনিবেশিক প্রশাসন ব্যবস্থা বিলোপ করে গণমু
 খী প্রশাসন ব্যবস্থার প্রবর্তনের
 লক্ষ্যে নির্দেশনা প্রদান করা।",জাতীয় সমাজতান্ত্রিক দল (জেএসডি),,Addition,No,,,,ষষ্ঠ ভাগ (বিচারবিভাগ)
অনুচ্ছেদ ১১৭ (প্রশাসনিক ট্রাইব্যুনালসমূহ),,বিচারিক পর্যালোচনার প্রক্রিয়া স্পষ্ট করতে হবে।,জাতীয়তাবাদী সমমনা জোট,,Addition,No,,,,ষষ্ঠ ভাগ (বিচারবিভাগ)
অনুচ্ছেদ ১১৭ (প্রশাসনিক ট্রাইব্যুনালসমূহ),,"সাধারণ কয়েদীদেরকে জরিমানার বিনিময়ে শর্ত সাপেক্ষে কারামুক্তি দেয়ার
 বিধান করতে হবে।
 আসামী গ্রেফতারের সময় আইন - শৃংখলা বাহিনীর সদস্যদের ছবিসহ সংশ্লিষ্ট
 কর্তৃপক্ষের স্বাক্ষরিত নির্ধারিত পরিচিতি ফরম নিজ হস্তে পূরণ করে আসামীর
 অভিভাবকের নিকট জমার বিধান করতে হবে। কোন পরিবারে সন্ত্রাসী থাকলে
 আইন - শৃংখলা বাহিনীকে অবগত করতে হবে, অন্যথায় সন্ত্রাসী প্রশ্রয় দেয়ার
 অপরাধে পরিবারের প্রধান সদস্যকে সংশ্লিষ্ট অপরাধের এক - চতুর্থাংশ সাজা
 প্রদানের বিধান করতে হবে।",বাংলাদেশ লেবার পার্টি,,Addition,No,,,,ষষ্ঠ ভাগ (বিচারবিভাগ)
অনুচ্ছেদ ১১৭ (প্রশাসনিক ট্রাইব্যুনালসমূহ),,"সরকারী কর্মকর্তা, পুলিশ অফিসার ও ধর্মীয় ব্যক্তিত্বদের সমন্বয়ে ৩ সদস্য
 বিশিষ্ট তদন্ত টিম গঠন করে মামলার তদন্ত করতে হবে। গ্রাম আদালতের
 বিচার স্বচ্ছ, নিরপেক্ষ ও গ্রহণয�োগ্য করতে শিক্ষক ও ইমাম/ধর্মীয় নেতার
 সংশ্লিষ্টতা নশ্চিত করতে হবে ।
 আদালতের কর্মকর্তা - কর্মচারীদের অর্থের বিনিময়ে অসাধু - অনৈতিক কার্যকলাপ
 ও লেনদেন বন্ধে পদক্ষেপ গ্রহণ ও প্রমাণিত হলে শাস্তি নিশ্চিত করতে হবে।",বাংলাদেশ লেবার পার্টি,,Addition,No,,,,ষষ্ঠ ভাগ (বিচারবিভাগ)
অনুচ্ছেদ ১১৭ (প্রশাসনিক ট্রাইব্যুনালসমূহ),,"বাংলাদেশের সংবিধানে একটি ইসলামিক আদালত প্রতিষ্ঠা দেশের ইসলামী
 ঐতিহ্যের প্রতি প্রতিশ্রুতি শক্তিশালী করতে এবং ইসলামী দৃষ্টিকো ণ থেকে
 আইনি বিষয়গুলো সমাধঅন করতে সাহায্য করবে। এটি মু
 সলিক জনগণেল
 জন্য শরিয়া আইন অনুসারে পারিবারিক আইন, উত্তরাধিকার, চুক্তি ইত্যাদির
 মতো বিষয়গুলোর সমাধান নিশ্চিত করবে। এর মাধ্যমে মু
 সলিক জনগণের
 আইনি অধিকার সংরক্ষিত থাকবে এবং আদালতগুলোকে জাতীয় সংবিধানের
 অধীনে কাজ করতে হবে যাতে সকল নাগরিকের জন্য সমতা, ন্যায় এবং ধর্মীয়
 বৈষম্যমুক্ত পরিবেশ নিশ্চিত করা যায়।",বাংলাদেশ জাতীয় পার্টি (বিজেপি),,Addition,No,,,,ষষ্ঠ ভাগ (বিচারবিভাগ)
অনুচ্ছেদ ১১৭ (প্রশাসনিক ট্রাইব্যুনালসমূহ),,"সুপ্রীম জুডিশিয়াল কাউন্সিল গঠন করতে হবে। সুপ্রীম জুডিশিয়াল কাউন্সিল
 গঠিত হবে প্রধান বিচারপতি, বর্তমান আপীল বিভাগের ২ জন সর্বজ্যেষ্ঠ
 বিচারপতি, বর্তমান হাইকোর্ট বিভাগের ২ জন সর্বজ্যেষ্ঠ বিচারপতি। যার
 একজন আইনজীবী থেকে বিচারপতি হিসাবে নিয়োগপ্রাপ্ত সর্বজ্যেষ্ঠ, অপরজন
 হবেন অধস্তন আদালতের বিচারক থেকে বিচারপতি হিসাবে নিয়োগপ্রাপ্ত
 সর্বজ্যেষ্ঠ।",জাতীয় নাগরিক কমিটি,,Addition,No,,,,ষষ্ঠ ভাগ (বিচারবিভাগ)
অনুচ্ছেদ ১১৭ (প্রশাসনিক ট্রাইব্যুনালসমূহ),,"বিচারক নিয়োগে রাষ্ট্রপতির কাছে পরামর্শ প্রধান বিচারপতি পাঠাবেন না।
 পাঠাবে সুপ্রীম জুডিশিয়াল কাউন্সিল। বিচারক নিয়োগে সুনির্দিষ্ট নীতিমালা
 থাকতে হবে। আপিল বিভাগের সকল বিচারপতিকে নিয়োগের আগে
 পার্লামেন্টারি শুনানির মুখোমুখি হতে হবে। বেঞ্চ গঠন ক্ষমতাও সুপ্রীম
 জুডিশিয়াল কাউন্সিলের হাতে থাকবে।",জাতীয় নাগরিক কমিটি,,Addition,No,,,,ষষ্ঠ ভাগ (বিচারবিভাগ)
অনুচ্ছেদ ১১৭ (প্রশাসনিক ট্রাইব্যুনালসমূহ),,"কোনো বিচারকের বিরুদ্ধে চাকরিতে থাকাবস্থায় এবং অবসরকালীন কেবল
 বিচার সংশ্লিষ্ট ব্যাপারে কোনো ফৌজদারি অভিয�োগের তদন্ত সুপ্রীম জুডিশিয়াল
 কাউন্সিল করবে। অন্য কেউই নয়।",জাতীয় নাগরিক কমিটি,,Addition,No,,,,ষষ্ঠ ভাগ (বিচারবিভাগ)
অনুচ্ছেদ ১১৭ (প্রশাসনিক ট্রাইব্যুনালসমূহ),,"শুধু আইনের শাসন নয়, ন্যায়ের শাসনও প্রতিষ্ঠা করা হবে।",ইসলামী আন্দোলন বাংলাদেশ,,Addition,No,,,,ষষ্ঠ ভাগ (বিচারবিভাগ)
অনুচ্ছেদ ১১৭ (প্রশাসনিক ট্রাইব্যুনালসমূহ),,"আইন সভার মাধ্যমে তৈরি যে কোনো আইন ন্যায়নীতির পরিপন্থী হলে বিচার
 বিভাগ তা বাতিল করতে পারবে ৷",ইসলামী আন্দোলন বাংলাদেশ,,Addition,No,,,,ষষ্ঠ ভাগ (বিচারবিভাগ)
অনুচ্ছেদ ১১৭ (প্রশাসনিক ট্রাইব্যুনালসমূহ),,কারাগারে ডিভিশন প্রথাসহ শ্রেণী বৈষম্য বাতিল করতে হবে,ইসলামী আন্দোলন বাংলাদেশ,,Addition,No,,,,ষষ্ঠ ভাগ (বিচারবিভাগ)
অনুচ্ছেদ (৯৪-১১৭) কমিশনের সংযোজন,[প্রযোজ্য নয়],,,,,,,,"সুপ্রিম কোর্টের বিচারকদের অপসারণ:

১০। কমিশন সুপ্রিম কোর্টের বিচারকদের পেশাগত শৃঙ্খলা বজায় রাখার জন্য বিদ্যমান অভ্যন্তরীণ পদ্ধতি (বর্তমানে যেমন সুপ্রিম জুডিশিয়াল কাউন্সিল রয়েছে) বহাল রাখার সুপারিশ করছে।

তবে প্রস্তাব করা হচ্ছে যে, তদন্ত ও অনুসন্ধানের জন্য অভিযোগ সুপ্রিম জুডিশিয়াল কাউন্সিলে প্রেরণের ক্ষমতা রাষ্ট্রপতির পাশাপাশি জাতীয় সাংবিধানিক কাউন্সিল (ন্যাশনাল কনস্টিটিউশন কাউন্সিল, এনসিসি)-এর থাকবে।

সে মর্মে, এটা প্রস্তাব করা হচ্ছে, সুপ্রিম জুডিশিয়াল কাউন্সিল অথবা অন্যান্য সূত্রে প্রাপ্ত তথ্যের ভিত্তিতে, যদি রাষ্ট্রপতি বা জাতীয় সাংবিধানিক কাউন্সিলের (এনসিসি) বিশ্বাস করার কারণ থাকে যে, একজন বিচারক নিম্নোক্ত কারণে

(ক) শারীরিক বা মানসিক অক্ষমতার দরুন স্বীয় দায়িত্বপালনে অসমর্থ হয়ে পড়েছেন, অথবা
(খ) গুরুতর অসদাচরণের জন্য দোষী হতে পারেন,

—

তাহলে রাষ্ট্রপতি অথবা এনসিসি (যা প্রযোজ্য) সুপ্রিম জুডিশিয়াল কাউন্সিলকে বিষয়টি তদন্ত করে অনুসন্ধানের ফলাফল জানাতে নির্দেশ দেবেন।

উপরোক্ত তদন্ত নিম্নোক্ত ৩ (তিন) ভাবে সূচনা করা যাবে—

(ক) সুপ্রিম জুডিশিয়াল কাউন্সিল প্রাপ্ত তথ্যের ভিত্তিতে তদন্তের জন্যে রাষ্ট্রপতির অনুমোদন চাইতে পারবে;

(খ) রাষ্ট্রপতি অন্য যে কোনো সুত্রে প্রাপ্ত তথ্যের ভিত্তিতে তদন্তের জন্যে সুপ্রিম জুডিশিয়াল কাউন্সিলের কাছে পাঠাতে পারবেন;
(গ) এনসিসি প্রাপ্ত তথ্যের ভিত্তিতে তদন্তের জন্য সুপ্রিম জুডিশিয়াল কাউন্সিলের কাছে পাঠাতে পারবে;

সুপ্রিম জুডিসিয়াল কাউন্সিল যদি রাষ্ট্রপতির কাছে কারো বিষয়ে তদন্তের অনুমতি চায় অথবা রাষ্ট্রপতি যদি সুপ্রিম জুডিশিয়াল কাউন্সিলকে তদন্তের নির্দেশ দেন সেক্ষেত্রে সুপ্রিম জুডিশিয়াল কাউন্সিল বিষয়টি এনসিসি-কে অবহিত করবে।

১১। সুপ্রিম জুডিশিয়াল কাউন্সিল অভিযোগ তদন্তের ফলাফল রাষ্ট্রপতি এবং এনসিসি-কে অবহিত করবে।

যদি তদন্তের ফলাফলের ভিত্তিতে সুপ্রিম জুডিশিয়াল কাউন্সিল মতামত দেন যে, বিচারক স্বীয় দায়িত্বপালনে অসমর্থ অথবা গুরুতর অসদাচরণের জন্য দোষী, তাহলে রাষ্ট্রপতি আদেশবলে বিচারককে অপসারণ করতে পারবেন। সুপ্রিম জুডিশিয়াল কাউন্সিল প্রধান বিচারপতি এবং পরবর্তী দুজন জ্যেষ্ঠতম বিচারকের সমন্বয়ে গঠিত হবে।


স্থায়ী অ্যাটর্নি সার্ভিস

কমিশন সংবিধানের অধীন একটি স্থায়ী অ্যাটর্নি সার্ভিস গঠনের সুপারিশ করছে। সংবিধানে “বিচার বিভাগ” সংক্রান্ত ভাগের পর আলাদা একটি ভাগে স্থায়ী অ্যাটর্নি সার্ভিস সম্পর্কিত বিধান যুক্ত করা যেতে পারে। “স্থায়ী অ্যাটর্নি সার্ভিস” অংশে মূল বিধান সন্নিবেশিত হবে এবং বিস্তারিত বিষয়াদি আইনের মাধ্যমে নির্ধারিত হবে। সাংবিধানিক বিধানাবলিতে নিম্নলিখিত বিষয়গুলো স্পষ্টভাবে উল্লেখ করা হোক :

অ্যাটর্নি সার্ভিস হবে একটি স্থায়ী পেনশনযোগ্য সরকারি চাকরি।

সার্ভিসের জন্য সুনির্দিষ্ট কাঠামো, নিয়োগ পদ্ধতি, পদোন্নতি, বদলি, শৃঙ্খলা, বেতনকাঠামোসহ আর্থিক সুবিধাদি এবং আনুষঙ্গিক বিষয়ে যথাযথ বিধানসংবলিত আইন থাকবে।",ষষ্ঠ ভাগ (বিচারবিভাগ)
অনুচ্ছেদ ১১৮ (নির্বাচন কমিশন প্রতিষ্ঠা),"১১৮ । ৭৪[(১) প্রধান নির্বাচন কমিশনার এবং অনধিক চারজন নির্বাচন কমিশনারকে লইয়া] বাংলাদেশের একটি নির্বাচন কমিশন থাকিবে এবং উক্ত বিষয়ে প্রণীত কোন আইনের বিধানাবলী - সাপেক্ষে রাষ্ট্রপতি প্রধান নির্বাচন কমিশনারকে ও অন্যান্য নির্বাচন কমিশনারকে নিয়োগদান করিবেন। (২) একাধিক নির্বাচন কমিশনারকে লইয়া নিৰ্বাচন কমিশন গঠিত হইলে প্রধান নির্বাচন কমিশনার তাহার সভাপতিরূপে কার্য করিবেন। (৩) এই সংবিধানের বিধানাবলী - সাপেক্ষে কোন নির্বাচন কমিশনারের পদের মেয়াদ তাঁহার কার্যভার গ্রহণের তারিখ হইতে পাঁচ বৎসরকাল হইবে এবং (ক) প্রধান নির্বাচন কমিশনার - পদে অধিষ্ঠিত ছিলেন, এমন কোন ব্যক্তি প্রজাতন্ত্রের কর্মে নিয়োগলাভের যোগ্য হইবেন না; (খ) অন্য কোন নির্বাচন কমিশনার অনুরূপ পদে কর্মাবসানের পর প্রধান নির্বাচন কমিশনাররূপে নিয়োগলাভের যোগ্য হইবেন, তবে অন্য কোনভাবে প্রজাতন্ত্রের কর্মে নিয়োগলাভের যোগ্য হইবেন না। (৪) নির্বাচন কমিশন দায়িত্বপালনের ক্ষেত্রে স্বাধীন থাকিবেন এবং কেবল এই সংবিধান ও আইনের অধীন হইবেন। (৫) সংসদ কর্তৃক প্রণীত যে কোন আইনের বিধানাবলী - সাপেক্ষে নির্বাচন কমিশনারদের কর্মের শর্তাবলী রাষ্ট্রপতি আদেশের দ্বারা যেরূপ নির্ধারণ করিবেন, সেইরূপ হইবে; তবে শর্ত থাকে যে, সুপ্রীম কোর্টের বিচারক যেরূপ পদ্ধতি ও কারণে অপসারিত হইতে পারেন, সেইরূপ পদ্ধতি ও কারণ ব্যতীত কোন নির্বাচন কমিশনার অপসারিত হইবেন না। (৬) কোন নির্বাচন কমিশনার রাষ্ট্রপতিকে উদ্দেশ করিয়া স্বাক্ষরযুক্ত পত্রযোগে স্বীয় পদ ত্যাগ করিতে পারিবেন।",পঞ্চদশ সংশোধনীর মাধ্যমে নির্বাচন কমিশনের সর্ব্বোচ্চ সংখ্যা ৪ জনে সীমিত করা হয়েছে। পূর্বে এ সংখ্যা অনির্দিষ্ট ছিল। - - - সংশোধিত অনুচ্ছেদটি অপরিবর্তিত রাখা যেতে পারে। (পঞ্চদশ সংশোধনীর বৈধতা সংক্রান্ত মামলায় বিষয়টি বিচারাধীন),বাংলাদেশ জাতীয়তাবাদী দল (বিএনপি),,Amendment,No,,,"নির্বাচন কমিশন প্রতিষ্ঠা

বাংলাদেশ নির্বাচন কমিশন একজন প্রধান নির্বাচন কমিশনার এবং অনধিক চারজন নির্বাচন কমিশনার নিয়ে গঠিত হবে। কমিশনারদের মধ্যে অন্তত একজন নারী থাকতে হবে এবং কমিশনের গঠনে সমাজে বিদ্যমান বহুত্বকে নিশ্চিত করার জন্য আইনের মাধ্যেম ব্যবস্থা গ্রহণ করতে হবে।

নির্বাচন কমিশনারগণের নিয়োগ

জাতীয় সাংবিধানিক কাউন্সিল (এনসিসি) আইন দ্বারা নির্ধারিত পদ্ধতিতে রাষ্ট্রপতির কাছে মনোনয়ন পাঠালে রাষ্ট্রপতি নির্বাচন কমিশনারদের নিয়োগ দেবেন।

কার্যকাল

নির্বাচন কমিশনের কমিশনারবৃন্দের কার্যের কার্যকাল হবে ৪ (চার) বছর।

কমিশনের কার্যাবলি

রাষ্ট্রপতি, সংসদ এবং স্থানীয় সরকারের নির্বাচনের জন্য ভোটার তালিকা প্রস্তুত করা এবং এসব নির্বাচনের তত্ত্বাবধান, নির্দেশনা এবং নিয়ন্ত্রণ নির্বাচন কমিশনের ওপর অর্পিত থাকবে। কমিশন সংবিধান ও অন্য কোনো প্রাসঙ্গিক আইনের অধীনে নিম্নলিখিত কার্য সম্পাদন করবে:-

(ক) রাষ্ট্রপতির পদে নির্বাচনের আয়োজন করা;

(খ) সংসদ সদস্যদের নির্বাচনের আয়োজন করা;

(গ) স্থানীয় সরকারের প্রতিনিধিদের নির্বাচনের আয়োজন করা;

(ঘ) সংসদ ও স্থানীয় সরকারের নির্বাচনের জন্য নির্বাচনী এলাকার সীমানা নির্ধারণ করা; এবং

(ঙ) রাষ্ট্রপতি, সংসদ ও স্থানীয় সরকারের নির্বাচনের জন্য ভোটার তালিকা প্রস্তুত করা।

নির্বাচন কমিশন সংবিধানে নির্ধারিত দায়িত্বের অতিরিক্ত হিসেবে এমন কার্য সম্পাদন করবে, যা এই সংবিধান বা অন্য কোনো আইন দ্বারা নির্ধারিত হতে পারে।

নির্বাচন কমিশনারগণের চাকরির শর্তাবলি, পদত্যাগ এবং অপসারণ সংসদ কর্তৃক প্রণীত আইনের বিধানাবলী অনুসারে নির্বাচন কমিশনারদের কর্মের শর্তাবলী রাষ্ট্রপতি আদেশের মাধ্যমে যেভাবে নির্ধারণ করবেন, সেই রকম হবে;

সুপ্রীম কোর্টের বিচারক যে পদ্ধতি ও কারণে অপসারিত হতে পারেন, সেই ধরনের পদ্ধতি ও কারণ ছাড়া কোনো নির্বাচন কমিশনার অপসারিত হবেন না।

কোনো কমিশনার রাষ্ট্রপতিকে উদ্দেশ্য করে স্বাক্ষরযুক্ত পত্রের মাধ্যমে পদত্যাগ করতে পারবেন।",সপ্তম ভাগ (নির্বাচন)
অনুচ্ছেদ ১১৮ (নির্বাচন কমিশন প্রতিষ্ঠা),,নির্বাচন কমিশন যেন স্বাধীনভাবে তার ভূমিকা পালন করতে পারে সে জন্য সংবিধানের ৪৮ ও ১১৮ - ১২৬ অনুচ্ছেদ সংস্কার করা,বাংলাদেশের সমাজতান্ত্রিক দল (মার্কসবাদী),,Amendment,Yes,বাংলাদেশের বিপ্লবী কমিউনিস্ট লীগ,,,সপ্তম ভাগ (নির্বাচন)
অনুচ্ছেদ ১১৮ (নির্বাচন কমিশন প্রতিষ্ঠা),,নির্বাচন কমিশন যেন স্বাধীনভাবে তার ভূমিকা পালন করতে পারে সে জন্য সংবিধানের ৪৮ ও ১১৮ - ১২৬ অনুচ্ছেদ সংস্কার করা,বাংলাদেশের বিপ্লবী কমিউনিস্ট লীগ,,Amendment,Yes,বাংলাদেশের সমাজতান্ত্রিক দল (মার্কসবাদী),,,সপ্তম ভাগ (নির্বাচন)
অনুচ্ছেদ ১১৮ (নির্বাচন কমিশন প্রতিষ্ঠা),,"নির্বাচন কমিশনার এবং অন্যান্য কমিশনার নিয়োগের জন্য একটি অনুসন্ধান কমিটি গঠন করা হবে, যা প্রধানমন্ত্রী, বিরোধী দলের নেতা এবং প্রধানবিচারপতিকে নিয়ে গঠিত হবে",বাংলাদেশ জামায়াতে ইসলামী,,Amendment,No,,,,সপ্তম ভাগ (নির্বাচন)
অনুচ্ছেদ ১১৮ (নির্বাচন কমিশন প্রতিষ্ঠা),,স্বাধীন ও নিরপেক্ষ নির্বাচন কমিশন গঠন করতে হবে।,জাতীয়তাবাদী সমমনা জোট,,Amendment,Yes,প্রগতিশীল গ্রিন পার্টি,,,সপ্তম ভাগ (নির্বাচন)
অনুচ্ছেদ ১১৮ (নির্বাচন কমিশন প্রতিষ্ঠা),,স্বাধীন ও নিরপেক্ষ নির্বাচন কমিশন গঠন করতে হবে।,প্রগতিশীল গ্রিন পার্টি,,Amendment,Yes,জাতীয়তাবাদী সমমনা দল,,,সপ্তম ভাগ (নির্বাচন)
অনুচ্ছেদ ১১৮ (নির্বাচন কমিশন প্রতিষ্ঠা),,"(১) প্রধান নির্বাচন কমিশনার এবং অনধিক চারজন নির্বাচন কমিশনারকে লইয়া বাংলাদেশের একটি নির্বাচন কমিশন থাকিবে। (২) রাষ্ট্রপতি সংসদ বরাবর প্রধান নির্বাচন কমিশনার ও অন্যান্য নির্বাচন কমিশনার পদে সম্ভাব্য প্রার্থীদের নাম প্রস্তাব করিবেন। সংসদ প্রকাশ্য গণশুনানির মাধ্যমে প্রার্থীদের যাচাই বাছাই করিয়া প্রার্থী প্রস্তাবে সম্মতি দিলে রাষ্ট্রপতি সংসদে মনোনীত প্রার্থীকে নিয়োগদান করিবেন। (৩) একাধিক নির্বাচন কমিশনারকে লইয়া নির্বাচন কমিশন গঠিত হইলে প্রধান নির্বাচন কমিশনার তাহার সভাপতিরূপে কার্য করিবেন। (৪) এই সংবিধানের বিধানাবলী সাপেক্ষে কোনো নির্বাচন কমিশনারের পদের মেয়াদ তাঁহার কার্যভার গ্রহণের তারিখ হইতে পাঁচ বৎসরকাল হইবে এবং (ক) প্রধান নির্বাচন কমিশনার পদে অধিষ্ঠিত ছিলেন, এমন কোনো ব্যক্তি জনগণতন্ত্রের কর্মে নিয়োগ লাভের যোগ্য হইবেন না, (খ) অন্যকোন নির্বাচন কমিশনার অনুরূপ পদে কর্মাবসানের পর প্রধান নির্বাচন কমিশনার রূপে নিয়োগ লাভের যোগ্য হইবেন, তবে অন্য কোনভাবে জনগণতন্ত্রের কর্মে নিয়োগলাভের যোগ্য হইবেন না। (৫) নির্বাচন কমিশন দায়িত্ব পালনের ক্ষেত্রে স্বাধীন থাকিবেন এবং কেবল এই সংবিধান ও আইনের অধীন হইবেন। (৬) সংসদ কর্তৃক প্রণীত যেকোন আইনের বিধানাবলী সাপেক্ষে নির্বাচন কমিশনারদের কর্মের শর্তাবলী রাষ্ট্রপতি আদেশের দ্বারা যেরূপ নির্ধারণ করিবেন, সেইরূপ হইবে, তবে শর্ত থাকে যে, সুপ্রীম কোর্টের বিচারক যেরূপ পদ্ধতি ও কারণে অপসারিত হইতে পারেন, সেইরূপ পদ্ধতি ও কারণ ব্যতীত কোনো নির্বাচন কমিশনার অপসারিত হইবেন না। (৭) কোনো নির্বাচন কমিশনার রাষ্ট্রপতিকে উদ্দেশ্য করিয়া স্বাক্ষরযুক্ত পত্রযোগে স্বীয় পদ ত্যাগ করিতে পারিবেন।",রাষ্ট্র সংস্কার আন্দোলন,,Amendment,No,,,,সপ্তম ভাগ (নির্বাচন)
অনুচ্ছেদ ১১৯ (নির্বাচনকমিশনের দায়িত্ব),"১১৯। ৭৫[(১) রাষ্ট্রপতি পদের ও সংসদের নির্বাচনের জন্য ভোটার - তালিকা প্রস্তুতকরণের তত্ত্বাবধান, নির্দেশ ও নিয়ন্ত্রণ এবং অনুরূপ নির্বাচন পরিচালনার দায়িত্ব নির্বাচন কমিশনের উপর ন্যস্ত থাকিবে এবং নির্বাচন কমিশন এই সংবিধান ও আইনানুযায়ী (ক) রাষ্ট্রপতি পদের নির্বাচন অনুষ্ঠান করিবেন; (খ) সংসদ - সদস্যদের নির্বাচন অনুষ্ঠান করিবেন; (গ) সংসদে নির্বাচনের জন্য নির্বাচনী এলাকার সীমানা নির্ধারণ করিবেন; এবং (ঘ) রাষ্ট্রপতির পদের এবং সংসদের নির্বাচনের জন্য ভোটার - তালিকা প্রস্তুত করিবেন।] (২) উপরি - উক্ত দফাসমূহে নির্ধারিত দায়িত্বসমূহের অতিরিক্ত যেরূপ দায়িত্ব এই সংবিধান বা অন্য কোন আইনের দ্বারা নির্ধারিত হইবে, নির্বাচন কমিশন সেইরূপ দায়িত্ব পালন করিবেন।","(১) রাষ্ট্রপতি পদের ও সংসদের নির্বাচনের জন্য ভোটার তালিকা প্রস্তুতকরণের তত্ত্বাবধান, নির্দেশ ও নিয়ন্ত্রণ এবং অনুরূপ নির্বাচন পরিচালনার দায়িত্ব নির্বাচন কমিশনের উপর ন্যস্ত থাকিবে এবং নির্বাচন কমিশন এই সংবিধান ও আইনানুযায়ী (ক) রাষ্ট্রপতি পদের নির্বাচন অনুষ্ঠান করিবেন (খ) সংসদ সদস্যদের নির্বাচন অনুষ্ঠান করিবেন, (গ) স্থানীয় সরকারের নির্বাচন অনুষ্ঠান করবেন (ঘ) সংসদে নির্বাচনের জন্য নির্বাচনী এলাকার সীমানা নির্ধারণ করিবেন, এবং (ঙ) রাষ্ট্রপতির পদের এবং সংসদের নির্বাচনের জন্য ভোটার তালিকা প্রস্তুত করিবেন।] (২) উপরি - উক্ত দফাসমূহে নির্ধারিত দায়িত্বসমূহের অতিরিক্ত যেরূপ দায়িত্ব এই সংবিধান বা অন্য কোন আইনের দ্বারা নির্ধারিত হইবে, নির্বাচন কমিশন সেইরূপ দায়িত্ব পালন করিবেন।",রাষ্ট্র সংস্কার আন্দোলন,,Amendment,No,,,,সপ্তম ভাগ (নির্বাচন)
অনুচ্ছেদ ১২২ (ভোটার - তালিকার নামভুক্তির যোগ্যতা),"১২২। (১) প্রাপ্তবয়স্কের ভোটাধিকার - ভিত্তিতে সংসদের নির্বাচন অনুষ্ঠিত হইবে। (২) কোন ব্যক্তি সংসদের নির্বাচনের জন্য নির্ধারিত কোন নির্বাচনী এলাকায় ভোটার - তালিকাভুক্ত হইবার অধিকারী হইবেন, যদি (ক) তিনি বাংলাদেশের নাগরিক হন; (খ) তাঁহার বয়স আঠার বৎসরের কম না হয়; ৭৭ [(গ) কোন যোগ্য আদালত কর্তৃক তাঁহার সম্পর্কে অপ্রকৃতিস্থ বলিয়া ঘোষণা বহাল না থাকিয়া থাকে; ঘ) তিনি ঐ নির্বাচনী এলাকার অধিবাসী বা আইনের দ্বারা ঐ নির্বাচনী এলাকার অধিবাসী বিবেচিত হন; এবং (ঙ) তিনি ১৯৭২ সালের বাংলাদেশ যোগসাজশকারী (বিশেষ ট্রাইব্যুনাল) আদেশের অধীন কোন অপরাধের জন্য দণ্ডিত না হইয়া থাকেন।]",পঞ্চদশ সংশোধনীর মাধ্যমে ১৯৭২ সালের বাংলাদেশ যোগসাজশকারী (বিশেষ ট্রাইবুনাল) আদেশের অধীন কোন অপরাধের জন্য দন্ডিত ব্যক্তিদিগকে ভোটার হিসেবে অযোগ্য ঘোষণা করা হয়েছে। - - - সংশোধিত অনুচ্ছেদটি অপরিবর্তিত রাখা যেতে পারে। (পঞ্চদশ সংশধনীর বৈধতা সংক্রান্ত মামলায় বিষয়টি বিচারাধীন,বাংলাদেশ জাতীয়তাবাদী দল (বিএনপি),,Amendment,No,,,,সপ্তম ভাগ (নির্বাচন)
অনুচ্ছেদ ১২২ (ভোটার - তালিকার নামভুক্তির যোগ্যতা),,(ঙ) তিনি ১৯৭২ সালের বাংলাদেশ যোকসাজোসকারী (বিশেষ ট্রাইব্যুনাল) আদেশের অধীন কোন অপরাধের জন্য দণ্ডিত না হইয়া থাকেন। - - বিলুপ্ত করা হোক,বাংলাদেশ জামায়াতে ইসলামী,,Amendment,No,,,,সপ্তম ভাগ (নির্বাচন)
অনুচ্ছেদ ১২৩ (নির্বাচন - অনুষ্ঠানের সময়),"১২৩। ৭৯[(১) রাষ্ট্রপতি - পদের মেয়াদ অবসানের কারণে উক্ত পদ শূন্য হইলে মেয়াদ - সমাপ্তির তারিখের পূর্ববর্তী নব্বই হইতে ষাট দিনের মধ্যে শূন্য পদ পূরণের জন্য নির্বাচন অনুষ্ঠিত হইবে : তবে শর্ত থাকে যে, যে সংসদের দ্বারা তিনি নির্বাচিত হইয়াছেন সেই সংসদের মেয়াদকালে রাষ্ট্রপতির কার্যকাল শেষ হইলে সংসদের পরবর্তী সাধারণ নির্বাচন না হওয়া পর্যন্ত অনুরূপ শূন্য পদ পূর্ণ করিবার জন্য নির্বাচন অনুষ্ঠিত হইবে না, এবং অনুরূপ সাধারণ নির্বাচনের পর সংসদের প্রথম বৈঠকের দিন হইতে ত্রিশ দিনের মধ্যে রাষ্ট্রপতির শূন্য পদ পূর্ণ করিবার জন্য নির্বাচন অনুষ্ঠিত হইবে। (২) মৃত্যু, পদত্যাগ বা অপসারণের ফলে রাষ্ট্রপতির পদ শূন্য হইলে পদটি শূন্য হইবার পর নব্বই দিনের মধ্যে, তাহা পূর্ণ করিবার জন্য নির্বাচন অনুষ্ঠিত হইবে।] ৮০ [(৩) সংসদ - সদস্যদের সাধারণ নির্বাচন অনুষ্ঠিত হইবে (ক) মেয়াদ - অবসানের কারণে সংসদ ভাংগিয়া যাইবার ক্ষেত্রে ভাংগিয়া যাইবার পূর্ববর্তী নববই দিনের মধ্যে; এবং (খ) মেয়াদ - অবসান ব্যতীত অন্য কোন কারণে সংসদ ভাংগিয়া যাইবার ক্ষেত্রে ভাংগিয়া যাইবার পরবর্তী নববই দিনের মধ্যে: তবে শর্ত থাকে যে, এই দফার (ক) উপ - দফা অনুযায়ী অনুষ্ঠিত সাধারণ নির্বাচনে নির্বাচিত ব্যক্তিগণ, উক্ত উপ - দফায় উল্লিখিত মেয়াদ সমাপ্ত না হওয়া পর্যন্ত, সংসদ সদস্যরূপে কার্যভার গ্রহণ করিবেন না।] (৪) সংসদ ভাঙ্গিয়া যাওয়া ব্যতীত অন্য কোন কারণে সংসদের কোন সদস্যপদ শূন্য হইলে পদটি শূন্য হইবার নব্বই দিনের মধ্যে উক্ত শূন্যপদ পূর্ণ করিবার জন্য নির্বাচন অনুষ্ঠিত হইবে ৮১[:তবে শর্ত থাকে যে, যদি প্রধান নির্বাচন কমিশনারের মতে, কোন দৈব - দূর্বিপাকের কারণে এই দফার নির্ধারিত মেয়াদের মধ্যে উক্ত নির্বাচন অনুষ্ঠান সম্ভব না হয়, তাহা হইলে উক্ত মেয়াদের শেষ দিনের পরবর্তী নব্বই দিনের মধ্যে উক্ত নির্বাচন অনুষ্ঠিত হইবে।]",পঞ্চদশ সংশোধনীর মাধ্যমে সংসদ বহাল রেখে সংসদ নির্বাচনের সুযোগ তৈরি করা হয়। - - - - - পঞ্চদশ সংশোধনীর মাধ্যমে আনীত পরিবর্তন বাতিল করতে হবে।,বাংলাদেশ জাতীয়তাবাদী দল (বিএনপি),,Amendment,No,,,,সপ্তম ভাগ (নির্বাচন)
অনুচ্ছেদ ১২৩ (নির্বাচন - অনুষ্ঠানের সময়),,জাতীয় সংসদ ভেঙ্গে দেয়ার পর সাধারণ নির্বাচন অনুষ্ঠিত করা।,জাতীয় সমাজতান্ত্রিক দল (জেএসডি),,Amendment,No,,,,সপ্তম ভাগ (নির্বাচন)
অনুচ্ছেদ ১২৩ (নির্বাচন - অনুষ্ঠানের সময়),,একদিকে পূর্ববর্তী সংসদের মেয়াদ পূর্ণ না হওয়া পর্যন্ত নতুন নির্বাচিত সংসদের সদস্যগণ শপথ গ্রহণ করবেন না বলে সংবিধানের ১২৩ (৩) অনুচ্ছেদে বলা হয়েছে অন্যদিকে সংবিধানের ১৪৮ (২/ক) ধারায় সাধারণ নির্বাচনের ফলাফল সরকারি গেজেট আকারে প্রজ্ঞাপিত হওয়ার পর থেকে পরবর্তী তিনদিনের মধ্যে নির্বাচিত সংসদ সদস্যদের শপথ গ্রহণ বাধ্যতামূলক করা হয়েছে। আওয়ামী ফ্যাসিবাদের আমলে হওয়া সংবিধানের এই চরম সাংঘর্ষিক বিধান বাতিল করতে হবে।,জাতীয়তাবাদী গণতান্ত্রিক আন্দোলন (এনডিএম),,Amendment,No,,,,সপ্তম ভাগ (নির্বাচন)
অনুচ্ছেদ ১২৩ (নির্বাচন - অনুষ্ঠানের সময়),,(৩) সংসদ - সদস্যের সাধারন নির্বাচনের মেয়াদ অবসান অথবা অন্যকোন কারনে সংসদ ভেঙ্গে যাবার ক্ষেত্রে পরবর্তী ৯০ দিনের মধ্যে অনুষ্ঠিত হবে। সাধারণ নির্বাচনকালে একটি নির্বাচনকালীন সরকার থাকবে। যে সরকার মূল দায়িত্ব হিসেবে নির্বাচন অনুষ্ঠানের ব্যবস্থা করবে ও সরকারের দৈনন্দিন কার্য সম্পাদন করবে।,খেলাফত মজলিস,,Amendment,No,,,,সপ্তম ভাগ (নির্বাচন)
অনুচ্ছেদ ১২৫ (নির্বাচনী আইন ও নির্বাচনের বৈধতা),"১২৫। এই সংবিধানে যাহা বলা হইয়াছে, তাহা সত্ত্বেও (ক) এই সংবিধানের ১২৪ অনুচ্ছেদের অধীন প্রণীত বা প্রণীত বলিয়া বিবেচিত নির্বাচনী এলাকার সীমা নির্ধারণ, কিংবা অনুরূপ নির্বাচনী এলাকার জন্য আসন - বণ্টন সম্পর্কিত যে কোন আইনের বৈধতা সম্পর্কে আদালতে প্রশ্ন উত্থাপন করা যাইবে না; (খ) সংসদ কর্তৃক প্রণীত কোন আইনের দ্বারা বা অধীন বিধান - অনুযায়ী কর্তৃপক্ষের নিকট এবং অনুরূপভাবে নির্ধারিত প্রণালীতে নির্বাচনী দরখাস্ত ব্যতীত ৮৩ [রাষ্ট্রপতি ৮8[* * *] পদে] নির্বাচন বা সংসদের কোন নির্বাচন সম্পর্কে কোন প্রশ্ন উত্থাপন করা যাইবে না। ৮৫ [(গ) কোন আদালত, নির্বাচনের তফসিল ঘোষণা করা হইয়াছে এইরূপ কোন নির্বাচনের বিষয়ে, নির্বাচন কমিশনকে যুক্তিসংগত নোটিশ ও শুনানির সুযোগ প্রদান না করিয়া, অন্তবর্তী বা অন্য কোনরূপে কোন আদেশ বা নির্দেশ প্রদান করিবেন না।","পঞ্চদশ সংশোধনীর মাধ্যমে নতুনভাবে দফা (গ) সংযোজন করে বলা হয়েছে যে, কোন আদালত,নির্বাচনের তফসিল ঘোষণা করা হইয়াছে এইরূপ কোন নির্বাচনের বিষয়ে, নির্বাচন কমিশনকে যুক্তিসংগত নোটিশ ও শুনানির সুযোগ প্রদান না করিয়া অন্তবর্তী বা অন্য কোনরূপে কোন আদেশ না নির্দেশ প্রদান করিবেন না। - - - সংশোধিত অনুচ্ছেদটি অপরিবর্তিত রাখা যেতে পারে। (পঞ্চদশ সংশোধনীর বৈধতা সংক্রান্ত মামলায় বিষয়টি বিচারাধীন)।",বাংলাদেশ জাতীয়তাবাদী দল (বিএনপি),,Amendment,No,,,,সপ্তম ভাগ (নির্বাচন)
অনুচ্ছেদ ৯৪-১২৬ (অন্যান্য প্রস্তাব),[প্রযোজ্য নয়],"গণভোটের ব্যবস্থা সংবিধানে পুর্নবহাল করতে হবে।/ যেসব বিষয়ে বড় বিভাজন বা মতবিরোধ থাকে সেসববিষয়ে জনগণকে সরাসরি সিদ্ধান্ত নেওয়ার সুযোগ দেয়ার জন্য এবং প্রতিনিধিত্বমূলক গণতন্ত্রের বাইরে গিয়ে জনগণের ক্ষমতা বৃদ্ধি করার জন্য """"গনভোট' ব্যবস্থা ফিরিয়ে আনা দরকার।",গণঅধিকার পরিষদ (নুর),,Addition,Yes,"জাতীয় সমাজতান্ত্রিক দল - জেএসডি, বাংলাদেশ জামায়াতে ইসলামী, জাতীয় নাগরিক কমিটি, নাগরিক ঐক্য ও প্রগতিশীল গ্রিন পার্টি",,,সপ্তম ভাগ (নির্বাচন)
অনুচ্ছেদ ৯৪-১২৬ (নতুন প্রস্তাব),,"গণভোটের ব্যবস্থা সংবিধানে পুর্নবহাল করতে হবে।/ যেসব বিষয়ে বড় বিভাজন বা মতবিরোধ থাকে সেসববিষয়ে জনগণকে সরাসরি সিদ্ধান্ত নেওয়ার সুযোগ দেয়ার জন্য এবং প্রতিনিধিত্বমূলক গণতন্ত্রের বাইরে গিয়ে জনগণের ক্ষমতা বৃদ্ধি করার জন্য """"গনভোট' ব্যবস্থা ফিরিয়ে আনা দরকার।",জাতীয় সমাজতান্ত্রিক দল (জেএসডি),,Addition,Yes,"গণঅধিকার পরিষদ (নুর), বাংলাদেশ জামায়াতে ইসলামী, জাতীয় নাগরিক কমিটি, নাগরিক ঐক্য ও প্রগতিশীল গ্রিন পার্টি",,,সপ্তম ভাগ (নির্বাচন)
অনুচ্ছেদ ৯৪-১২৬ (নতুন প্রস্তাব),,"গণভোটের ব্যবস্থা সংবিধানে পুর্নবহাল করতে হবে।/ যেসব বিষয়ে বড় বিভাজন বা মতবিরোধ থাকে সেসববিষয়ে জনগণকে সরাসরি সিদ্ধান্ত নেওয়ার সুযোগ দেয়ার জন্য এবং প্রতিনিধিত্বমূলক গণতন্ত্রের বাইরে গিয়ে জনগণের ক্ষমতা বৃদ্ধি করার জন্য """"গনভোট' ব্যবস্থা ফিরিয়ে আনা দরকার।",বাংলাদেশ জামায়াতে ইসলামী,,Addition,Yes,"গণঅধিকার পরিষদ (নুর), জাতীয় সমাজতান্ত্রিক দল - জেএসডি, জাতীয় নাগরিক কমিটি, নাগরিক ঐক্য ও প্রগতিশীল গ্রিন পার্টি",,,সপ্তম ভাগ (নির্বাচন)
অনুচ্ছেদ ৯৪-১২৬ (নতুন প্রস্তাব),,"গণভোটের ব্যবস্থা সংবিধানে পুর্নবহাল করতে হবে।/ যেসব বিষয়ে বড় বিভাজন বা মতবিরোধ থাকে সেসববিষয়ে জনগণকে সরাসরি সিদ্ধান্ত নেওয়ার সুযোগ দেয়ার জন্য এবং প্রতিনিধিত্বমূলক গণতন্ত্রের বাইরে গিয়ে জনগণের ক্ষমতা বৃদ্ধি করার জন্য """"গনভোট' ব্যবস্থা ফিরিয়ে আনা দরকার।",জাতীয় নাগরিক কমিটি,,Addition,Yes,"গণঅধিকার পরিষদ (নুর), জাতীয় সমাজতান্ত্রিক দল - জেএসডি, বাংলাদেশ জামায়াতে ইসলামী, নাগরিক ঐক্য ও প্রগতিশীল গ্রিন পার্টি",,,সপ্তম ভাগ (নির্বাচন)
অনুচ্ছেদ ৯৪-১২৬ (নতুন প্রস্তাব),,"গণভোটের ব্যবস্থা সংবিধানে পুর্নবহাল করতে হবে।/ যেসব বিষয়ে বড় বিভাজন বা মতবিরোধ থাকে সেসববিষয়ে জনগণকে সরাসরি সিদ্ধান্ত নেওয়ার সুযোগ দেয়ার জন্য এবং প্রতিনিধিত্বমূলক গণতন্ত্রের বাইরে গিয়ে জনগণের ক্ষমতা বৃদ্ধি করার জন্য """"গনভোট' ব্যবস্থা ফিরিয়ে আনা দরকার।",নাগরিক ঐক্য,,Addition,Yes,"গণঅধিকার পরিষদ (নুর), জাতীয় সমাজতান্ত্রিক দল - জেএসডি, বাংলাদেশ জামায়াতে ইসলামী, জাতীয় নাগরিক কমিটি ও প্রগতিশীল গ্রিন পার্টি",,,সপ্তম ভাগ (নির্বাচন)
অনুচ্ছেদ ৯৪-১২৬ (নতুন প্রস্তাব),,"গণভোটের ব্যবস্থা সংবিধানে পুর্নবহাল করতে হবে।/ যেসব বিষয়ে বড় বিভাজন বা মতবিরোধ থাকে সেসববিষয়ে জনগণকে সরাসরি সিদ্ধান্ত নেওয়ার সুযোগ দেয়ার জন্য এবং প্রতিনিধিত্বমূলক গণতন্ত্রের বাইরে গিয়ে জনগণের ক্ষমতা বৃদ্ধি করার জন্য """"গনভোট' ব্যবস্থা ফিরিয়ে আনা দরকার।",প্রগতিশীল গ্রিন পার্টি,,Addition,Yes,"গণঅধিকার পরিষদ (নুর), জাতীয় সমাজতান্ত্রিক দল - জেএসডি, বাংলাদেশ জামায়াতে ইসলামী, জাতীয় নাগরিক কমিটি ও নাগরিক ঐক্য",,,সপ্তম ভাগ (নির্বাচন)
অনুচ্ছেদ ৯৪-১২৬ (নতুন প্রস্তাব),,রাজনৈতিক দলের নিবন্ধন প্রক্রিয়া বাতিল করতে হবে,ভাসানী অনুসারী পরিষদ,,Addition,No,,,,সপ্তম ভাগ (নির্বাচন)
অনুচ্ছেদ ৯৪-১২৬ (নতুন প্রস্তাব),,প্রবাসীদের ভোট দেয়ার বিধান চালু করতে হবে/ প্রবাসীদের ভোটাধিকারের সাংবিধানিক নিশ্চয়তা বিধান,ভাসানী অনুসারী পরিষদ,,Addition,Yes,"গণঅধিকার পরিষদ (ফারুক), জাতীয় সমাজতান্ত্রিক দল - জেএসডি, গণসংহতি আন্দোলন, জাতীয় নাগরিক কমিটি ও জাতীয় পার্টি (কাজী জাফর)",,,সপ্তম ভাগ (নির্বাচন)
অনুচ্ছেদ ৯৪-১২৬ (নতুন প্রস্তাব),,প্রবাসীদের ভোট দেয়ার বিধান চালু করতে হবে/ প্রবাসীদের ভোটাধিকারের সাংবিধানিক নিশ্চয়তা বিধান,গণঅধিকার পরিষদ (ফারুক),,Addition,Yes,"ভাসানী অনুসারী পরিষদ, জাতীয় সমাজতান্ত্রিক দল - জেএসডি, গণসংহতি আন্দোলন, জাতীয় নাগরিক কমিটি ও জাতীয় পার্টি (কাজী জাফর)",,,সপ্তম ভাগ (নির্বাচন)
অনুচ্ছেদ ৯৪-১২৬ (নতুন প্রস্তাব),,প্রবাসীদের ভোট দেয়ার বিধান চালু করতে হবে/ প্রবাসীদের ভোটাধিকারের সাংবিধানিক নিশ্চয়তা বিধান,জাতীয় সমাজতান্ত্রিক দল (জেএসডি),,Addition,Yes,"ভাসানী অনুসারী পরিষদ, গণঅধিকার পরিষদ (ফারুক), গণসংহতি আন্দোলন, জাতীয় নাগরিক কমিটি ও জাতীয় পার্টি (কাজী জাফর)",,,সপ্তম ভাগ (নির্বাচন)
অনুচ্ছেদ ৯৪-১২৬ (নতুন প্রস্তাব),,প্রবাসীদের ভোট দেয়ার বিধান চালু করতে হবে/ প্রবাসীদের ভোটাধিকারের সাংবিধানিক নিশ্চয়তা বিধান,গণসংহতি আন্দোলন,,Addition,Yes,"ভাসানী অনুসারী পরিষদ, গণঅধিকার পরিষদ (ফারুক), জাতীয় সমাজতান্ত্রিক দল - জেএসডি, জাতীয় নাগরিক কমিটি ও জাতীয় পার্টি (কাজী জাফর)",,,সপ্তম ভাগ (নির্বাচন)
অনুচ্ছেদ ৯৪-১২৬ (নতুন প্রস্তাব),,প্রবাসীদের ভোট দেয়ার বিধান চালু করতে হবে/ প্রবাসীদের ভোটাধিকারের সাংবিধানিক নিশ্চয়তা বিধান,জাতীয় নাগরিক কমিটি,,Addition,Yes,"ভাসানী অনুসারী পরিষদ, গণঅধিকার পরিষদ (ফারুক), জাতীয় সমাজতান্ত্রিক দল - জেএসডি, গণসংহতি আন্দোলন ও জাতীয় পার্টি (কাজী জাফর)",,,সপ্তম ভাগ (নির্বাচন)
অনুচ্ছেদ ৯৪-১২৬ (নতুন প্রস্তাব),,প্রবাসীদের ভোট দেয়ার বিধান চালু করতে হবে/ প্রবাসীদের ভোটাধিকারের সাংবিধানিক নিশ্চয়তা বিধান,জাতীয় পার্টি (কাজী জাফর),,Addition,Yes,"ভাসানী অনুসারী পরিষদ, গণঅধিকার পরিষদ (ফারুক), জাতীয় সমাজতান্ত্রিক দল - জেএসডি, গণসংহতি আন্দোলন ও জাতীয় নাগরিক কমিটি",,,সপ্তম ভাগ (নির্বাচন)
অনুচ্ছেদ ৯৪-১২৬ (নতুন প্রস্তাব),,"১. সুষ্ঠু, অবাধ, গ্রহণযোগ্য, অংশগ্রহণমূলক সংসদ নির্বাচন আয়োজন করতে হবে। ২. রাজনৈতিক সকল ক্ষেত্র থেকে চরিত্রহীন, দুর্নীতিবাজ, সন্ত্রাসী, অসৎ নেতৃত্ব ও আমলামুক্ত থাকবে। ৩. দুর্নীতিবাজ, সন্ত্রাসী, চিহ্নিত অসৎ চরিত্রসম্পন্ন লোকদেরকে রাজনৈতিক দলে স্থান দেয়া যাবে না। ৪. সুশাসন প্রতিষ্ঠার লক্ষ্যে সৎ, যোগ্য নেতৃত্ব প্রতিষ্ঠার কার্যক্রমকে সর্বাধিক গুরুত্ব দিতে হবে। এ লক্ষ্যে রাজনৈতিক নেতৃবৃন্দকে ধর্মীয় অনুশাসন পালনে উদ্বুদ্ধ করা, আল্লাহর ভয় অন্তরে জাগ্রত করা, আত্মশুদ্ধির প্রশিক্ষণ দান করা। ৫. সার্বিক কল্যাণ প্রতিষ্ঠায় ধর্ম ও রাজনীতির সমন্বয় করতে হবে। ৬. নির্বাচন কমিশনসহ সকল কমিশন সমূহের স্বাধীনতা, জবাবদিহিতা ও স্বচ্ছতা থাকবে।",ইসলামী আন্দোলন বাংলাদেশ,,Addition,No,,,,সপ্তম ভাগ (নির্বাচন)
অনুচ্ছেদ ৯৪-১২৬ (নতুন প্রস্তাব),,"নির্বাচনে প্রতিদ্বন্দ্বিতা ও প্রচারণায় টাকার খেলা, পেশিশক্তি, প্রশাসনিক কারসাজি, সাম্প্রদায়িক বিদ্বেষ ব্যবহার বন্ধে আইনি সংস্কার। নির্বাচন কমিশন কর্তৃক প্রার্থীদের ভেতর নির্বাচনী বিতর্কের আয়োজন। সংখ্যানুপাতিক ব্যবস্থা বিষয়ে প্রয়োজনীয় প্রস্তুতি ও রাজনৈতিক ঐক্যমত গঠনের জন্য কাজ করা।",গণসংহতি আন্দোলন,,Addition,No,,,,সপ্তম ভাগ (নির্বাচন)
অনুচ্ছেদ ৯৪-১২৬ (নতুন প্রস্তাব),,"জাতীয় নির্বাচনে বিজয়ী দল বা জোটকে সরকার গঠনের ক্ষেত্রে ৫১% ভোট প্রাপ্তি নিশ্চিত করতে হবে, অন্যথায় নতুন নির্বাচন অনুষ্ঠান করতে হবে।",বাংলাদেশ লেবার পার্টি,,Addition,No,,,,সপ্তম ভাগ (নির্বাচন)
অনুচ্ছেদ ৯৪-১২৬ (নতুন প্রস্তাব),,আইন প্রণয়নের জন্য ১৫% ভোটারদের লিখিত আবেদনের ভিত্তিতে উদ্যোগ ব্যবস্থা'র (initiative) সুযোগ থাকতে হবে।,জাতীয় সমাজতান্ত্রিক দল (জেএসডি),,Addition,No,,,,সপ্তম ভাগ (নির্বাচন)
অনুচ্ছেদ ৯৪-১২৬ (নতুন প্রস্তাব),,সরকারি কর্মকর্তাদের অবসরের পর ৫ বছরের মধ্যে নির্বাচনে অংশগ্রহণ অবৈধ ঘোষণা করতে হবে।,জাতীয়তাবাদী সমমনা জোট,,Addition,No,,,,সপ্তম ভাগ (নির্বাচন)
অনুচ্ছেদ ৯৪-১২৬ (নতুন প্রস্তাব),,"১. নির্বাচন কমিশনের স্বাধীন সচিবালয় থাকবে। এর জন্য নির্বাচনকালীন বাজেট বরাদ্দ হবে। কমিশনার নিয়োগে নীতিমালা থাকবে। কমিশনারদেরকে উচ্চকক্ষে পাবলিক হিয়ারিংয়ের মুখোমুখি হওয়ার পর নিয়োগ দেয়া হবে। ২. জাতীয় নির্বাচনের সময় সরকার শুধুমাত্র আনুষ্ঠানিক কাজ পরিচালনা করবে, কোনো সিদ্ধান্ত ও আইন প্রণয়ন ইত্যাদি করতে পারবে না। স্বরাষ্ট্র মন্ত্রণালয়সহ নিরাপত্তাবাহিনী এবং প্রশাসন নির্বাচনের আগের তিন মাস নির্বাচন কমিশনের অধীনে চলে আসবে। ৩. সকল পোলিং এজেন্টের উপস্থিতিতে ভোট গণনা করা হবে। ফলাফল শিটে সকল পোলিং অফিসার ও প্রার্থীর এজেন্টদের স্বাক্ষর থাকতে হবে। ৪. ভোটাধিকারপ্রাপ্ত যেকোনো নাগরিক জাতীয় নির্বাচনে প্রার্থী হতে পারবে",জাতীয় নাগরিক কমিটি,,Addition,No,,,,সপ্তম ভাগ (নির্বাচন)
অনুচ্ছেদ ৯৪-১২৬ (নতুন প্রস্তাব),,"1.THE Election Commission shall be appointed by the Council for National Security. 2. There shall be a separate electorate for the Hindus and the tribals. This will give them a voice and strengthen Unity. Today, we are a country but not a nation. This separate electorate will make us a nation. 3. Immediately upon declaration of the Schedule for General Elections and Presidential Elections the entire administration will be under the Election Commission. The Election Commission shall have the power of transfers and postings. Any adverse remarks of the Election Commission against any official shall form part of that person's ACR. 4. The Armed forces shall be deployed by the order of the Election Commission in consultation with the three Chiefs and the officers deployed shall have Magisterial powers. The Armed Force shall be deployed in every General Election and Election of the President.",বাংলাদেশ মুসলিম লীগ,,Addition,No,,,,সপ্তম ভাগ (নির্বাচন)
অনুচ্ছেদ ৯৪-১২৬ (কমিশনের সংযোজন),[প্রযোজ্য নয়],,,,,,,,"বর্তমান সংবিধানে দুটি সাংবিধানিক কমিশনসংক্রান্ত বিধান অন্তর্ভুক্ত রয়েছে, যথা নির্বাচন কমিশন এবং সরকারি কর্ম কমিশন এই দুটি কমিশনের পাশাপাশি সংবিধান সংস্কার কমিশন (Constitution Reform Commission- CRC) সুপারিশ করছে যে বিদ্যমান মানবাধিকার কমিশন এবং দুর্নীতি দমন কমিশনকে সংবিধানের কাঠামোর মধ্যে অন্তর্ভুক্ত করা হোক এবং স্থানীয় সরকার কমিশন নামে একটি নতুন সাংবিধানিক সংস্থা প্রতিষ্ঠা করা হোক।

এই পাঁচটি সাংবিধানিক কমিশন সংবিধানে একটি পৃথক ভাগে অন্তর্ভুক্ত থাকবে, যার শিরোনাম হবে “সাংবিধানিক কমিশনসমূহ”। এই অংশে প্রতিটি কমিশনের জন্য পৃথক পৃথক পরিচ্ছদ থাকবে, যেখানে কমিশন প্রতিষ্ঠা, কমিশনের সদস্যদের নিয়োগ, কার্যকাল এবং কমিশনের কার্যাবলি-সম্পর্কিত মূল বিধানগুলো উল্লেখ করা হবে। প্রতিটি কমিশনের অতিরিক্ত বিবরণ পৃথক আইনের মাধ্যমে প্রদান করা হবে।

সিআরসি (CRC) নিম্নলিখিত পাঁচটি সাংবিধানিক কমিশন নিয়ে সংবিধানের একটি ভাগ তৈরির সুপারিশ করছে, যেখানে প্রতিটি কমিশনের জন্য একটি করে পরিচ্ছেদ থাকবে:

মানবাধিকার কমিশন

২. নির্বাচন কমিশন

সরকারি কর্ম কমিশন

৪. স্থানীয় সরকার কমিশন
৫. দুর্নীতি দমন কমিশন

সিআরসি সুপারিশ করছে যে, সবগুলো কমিশনের গঠন, নিয়োগ, কার্যকাল এবং অপসারণ প্রক্রিয়া একই রকমের হবে। প্রতিটি কমিশনের জন্য সিআরসির সুপারিশগুলো নিচে উল্লেখ করা হলো—

মানবাধিকার কমিশন

মানবাধিকার কমিশন প্রতিষ্ঠা

বাংলাদেশ মানবাধিকার কমিশন একজন প্রধান মানবাধিকার কমিশনার এবং অনূর্ধ্ব চারজন মানবাধিকার কমিশনার নিয়ে গঠিত হবে। কমিশনারদের মধ্যে অন্তত একজন নারী থাকতে হবে এবং কমিশনের গঠনে সমাজে বিদ্যমান বহুত্বকে নিশ্চিত করার জন্য আইনের মাধ্যমে ব্যবস্থা গ্রহণ করতে হবে।

বর্তমান আইনে বলা হয়েছে যে কমিশনের চেয়ারম্যান এবং একজন সদস্য পূর্ণকালীন হবেন এবং অন্য সদস্যরা সম্মানসূচক সদস্য হিসেবে কাজ করবেন। সিআরসি সুপারিশ করেছে যে মানবাধিকার কমিশনের সকল সদস্য পূর্ণকালীনভাবে নিয়োগকৃত হবেন।

মানবাধিকার কমিশনে নিয়োগ:

জাতীয় সাংবিধানিক কাউন্সিল (এনসিসি) আইন দ্বারা নির্ধারিত পদ্ধতিতে রাষ্ট্রপতির কাছে মনোনয়ন পাঠালে রাষ্ট্রপতি মানবাধিকার কমিশনারদের নিয়োগ দেবেন।

কার্যকাল:

মানবাধিকার কমিশনের কমিশনারবৃন্দের কার্যের মেয়াদকাল হবে ৪ (চার) বছর।

কমিশনের কার্যাবলি:

কমিশন আইন দ্বারা নির্ধারিত কার্য সম্পাদন করবে। কমিশনের কার্যাবলীর মূল বিষয়গুলি হল: তদন্ত ও অনুসন্ধান; সুপারিশ; আইনি সহায়তা এবং মানবাধিকার বিষয়ক প্রচারণা; মানবাধিকার আইন, নিয়ম এবং অনুশীলনের উপর গবেষণা, প্রশিক্ষণ এবং নীতিনির্ধারণে সক্রিয় ভূমিকা রাখা।

মানবাধিকার কমিশনারগণের চাকরির শর্তাবলি, পদত্যাগ এবং অপসারণ

সংসদ কর্তৃক প্রণীত আইনের বিধানাবলী অনুসারে মানবাধিকার কমিশনারদের কর্মের শর্তাবলী রাষ্ট্রপতি আদেশের মাধ্যমে যেভাবে নির্ধারণ করবেন, সেই রকম হবে;

সুপ্রীম কোর্টের বিচারক যে পদ্ধতি ও কারণে অপসারিত হতে পারেন, সেই ধরনের পদ্ধতি ও কারণ ছাড়া কোনো মানবাধিকার কমিশনার অপসারিত হবেন না।

কোনো কমিশনার রাষ্ট্রপতিকে উদ্দেশ্য করে স্বাক্ষরযুক্ত পত্রের মাধ্যমে পদত্যাগ করতে পারবেন।",সপ্তম ভাগ (নির্বাচন)
অনুচ্ছেদ ১২৭ (মহা হিসাব-নিরীক্ষক পদের প্রতিষ্ঠা),"১২৭। (১) বাংলাদেশের একজন মহা হিসাব-নিরীক্ষক ও নিয়ন্ত্রক (অতঃপর ""মহা হিসাব-নিরীক্ষক"" নামে অভিহিত) থাকিবেন এবং তাঁহাকে রাষ্ট্রপতি নিয়োগদান করিবেন।
 
(২) এই সংবিধান ও সংসদ কর্তৃক প্রণীত যে কোন আইনের বিধানাবলী সাপেক্ষে মহা হিসাব-নিরীক্ষকের কর্মের শর্তাবলী রাষ্ট্রপতি আদেশের দ্বারা যেরূপ নির্ধারণ করিবেন, সেইরূপ হইবে।","বাংলাদেশের একজন মহা হিসাব - নিরীক্ষক ও নিয়ন্ত্রক (অতঃপর “মহা হিসাব নিরীক্ষক” নামে অভিহিত) থাকিবেন। রাষ্ট্রপতি হিসাব নিরীক্ষক পদে সম্ভাব্য প্রার্থীদের নাম প্রস্তাব করিবেন। সংসদ প্রকাশ্য গণশুনানিতে প্রার্থীদের যাচাই - বাছাই করিয়া প্রার্থী প্রস্তাবে সম্মতি প্রদান করিলে রাষ্ট্রপতি সংসদে মনোনীত প্রার্থীকে নিয়োগদান করিবেন। (২) এই সংবিধান ও সংসদ কর্তৃক প্রণীত যেকোনো আইনের বিধানাবলী সাপেক্ষে মহা হিসাব নিরীক্ষকের কর্মের শর্তাবলী রাষ্ট্রপতি আদেশের দ্বারা যেরূপ নির্ধারণ করিবেন, সেইরূপ হইবে।",রাষ্ট্র সংস্কার আন্দোলন,,Amendment,No,,Jilani,,অষ্টম ভাগ (মহা হিসাব - নিরীক্ষক ও নিয়ন্ত্রক)
অনুচ্ছেদ ১২৭ (মহা হিসাব-নিরীক্ষক পদের প্রতিষ্ঠা),,"১. নির্বাহী বিভাগের আর্থিক জবাবদিহি নিশ্চিত করতে মহা হিসাব - নিরীক্ষক ও নিয়ন্ত্রকের নিয়োগে প্রধানমন্ত্রীর হস্তক্ষেপ রহিতকরণ। ২. সাংবিধানিক পদসমুহের মধ্যে অন্যতম গুরুত্বপূর্ণ পদের নাম ‘মহা হিসাব - নিরীক্ষক ও নিয়ন্ত্রক'। সংবিধানের অনুচ্ছেদ ১২৭ - ১৩২ এ মহা হিসাব নিরীক্ষকের ক্ষমতা, কার্যাবলী, কর্মের মেয়াদ ইত্যাদির বিবরণ দেয়া হয়েছে। প্রজাতন্ত্রের সরকারি হিসাব, সরকারি কর্তৃপক্ষ ও কর্মচারীর সরকারি হিসাব ইত্যাদির নিরীক্ষা এবং রিপোর্ট প্রদান তার দায়িত্ব। অনুচ্ছেদ ১২৭ - এ বলা আছে রাষ্ট্রপতি একজনকে মহা হিসাব নিরীক্ষক নিয়োগ করবেন (প্রধানমন্ত্রীর পরামর্শক্রমে)। অর্থাৎ এ পদেও প্রধানমন্ত্রীই নিয়োগকর্তা। ফলে নির্বাহী বিভাগের আর্থিক জবাবদিহি নিশ্চিত করতে সংবিধান যাকে দায়িত্ব দিচ্ছে, তিনি নির্বাহী বিভাগের প্রভাবমুক্ত নন। বরং নির্বাহী বিভাগের প্রধান তার নিয়োগকর্তা। ৩. রাষ্ট্রপতির কার্য পরিচালনায় প্রধানমন্ত্রীর হস্তক্ষেপ রহিত করলে বিচারপতিদের মত মহা হিসাব - নিরীক্ষক ও নিয়ন্ত্রকের উপর নির্বাহী বিভাগের প্রভাব মুক্ত হবে।",নাগরিক ঐক্য,,Amendment,No,,Jilani,,অষ্টম ভাগ (মহা হিসাব - নিরীক্ষক ও নিয়ন্ত্রক)
অনুচ্ছেদ ১২৭ (মহা হিসাব-নিরীক্ষক পদের প্রতিষ্ঠা),,"সাংবিধানিক পদ ও প্রতিষ্ঠানগুলো যেন স্বাধীনভাবে কাজ করতে পারে সে জন্য সংবিধানের ১২৭ - ১৩২ (মহাহিসাব নিরীক্ষকের নিয়োগ, দায়িত্ব, কর্মের মেয়াদ ইত্যাদি) সংশ্লিষ্ট অংশ সংস্কার করা।",বাংলাদেশের বিপ্লবী কমিউনিস্ট লীগ,,Amendment,Yes,বাংলাদেশ সমাজতান্ত্রিক দল (মার্কসবাদী),Jilani,,অষ্টম ভাগ (মহা হিসাব - নিরীক্ষক ও নিয়ন্ত্রক)
অনুচ্ছেদ ১২৭ (মহা হিসাব-নিরীক্ষক পদের প্রতিষ্ঠা),,"সাংবিধানিক পদ ও প্রতিষ্ঠানগুলো যেন স্বাধীনভাবে কাজ করতে পারে সে জন্য সংবিধানের ১২৭ - ১৩২ (মহাহিসাব নিরীক্ষকের নিয়োগ, দায়িত্ব, কর্মের মেয়াদ ইত্যাদি) সংশ্লিষ্ট অংশ সংস্কার করা।",বাংলাদেশের সমাজতান্ত্রিক দল (মার্কসবাদী),,Amendment,Yes,বাংলাদেশের বিপ্লবী কমিউনিস্ট লীগ,Jilani,,অষ্টম ভাগ (মহা হিসাব - নিরীক্ষক ও নিয়ন্ত্রক)
অনুচ্ছেদ ১২৭ (মহা হিসাব-নিরীক্ষক পদের প্রতিষ্ঠা),,মহা হিসাব নিরীক্ষক জাতীয় পরিষদ রিপোর্ট পেশ করবেন। হিসাব নিরীক্ষকদের যে কোনো সময় উচ্চ কক্ষের কমিটি তলব করে শুনানি করতে পারবে,জাতীয় নাগরিক কমিটি,,Amendment,No,,Jilani,,অষ্টম ভাগ (মহা হিসাব - নিরীক্ষক ও নিয়ন্ত্রক)
অনুচ্ছেদ ১৩৭ (কমিশন-প্রতিষ্ঠা),"আইনের দ্বারা বাংলাদেশের জন্য এক বা একাধিক সরকারী কর্ম কমিশন প্রতিষ্ঠার বিধান করা যাইবে এবং একজন সভাপতিকে ও আইনের দ্বারা যেরূপ নির্ধারিত হইবে, সেইরূপ অন্যান্য সদস্যকে লইয়া প্রত্যেক কমিশন গঠিত হইবে।",,,,,,,,বাংলাদেশ সরকারি কর্ম কমিশন একজন প্রধান সরকারি কর্ম কমিশনার এবং অনধিক চারজন সরকারি কর্ম কমিশনার নিয়ে গঠিত হবে। কমিশনারদের মধ্যে অন্তত একজন নারী থাকতে হবে এবং কমিশনের গঠনে সমাজে বিদ্যমান বহুত্বকে নিশ্চিত করার জন্য আইনের মাধ্যমে ব্যবস্থা গ্রহণ করতে হবে।,নবম ভাগ (বাংলাদেশের কর্মবিভাগ)
অনুচ্ছেদ ১৩৮ (সদস্য নিয়োগ),,প্রজাতন্ত্রের কর্মে নিযুক্ত ব্যক্তিদের “দায়মুক্তি সংক্রান্ত বিধান” সংবিধান থেকে বাদ দিতে হবে ।,জাতীয়তাবাদী গণতান্ত্রিক আন্দোলন (এনডিএম),,Amendment,No,,Jilani,জাতীয় সাংবিধানিক কাউন্সিল (এনসিসি) আইন দ্বারা নির্ধারিত পদ্ধতিতে রাষ্ট্রপতির কাছে মনোনয়ন পাঠালে রাষ্ট্রপতি কমিশনারদের নিয়োগ দেবেন।,নবম ভাগ (বাংলাদেশের কর্মবিভাগ)
অনুচ্ছেদ ১৩৮ (সদস্য নিয়োগ),,"(১) রাষ্ট্রপতি প্রত্যেক সরকারি কর্ম - কমিশনের সভাপতি ও অন্যান্য সদস্য পদে সম্ভাব্য প্রার্থীদের নাম প্রস্তাব করিবেন। সংসদ প্রকাশ্য গণশুনানিতে প্রার্থীদের যাচাই বাছাই করিয়া প্রার্থী প্রস্তাবে সম্মতি প্রদান করিলে রাষ্ট্রপতি সংসদে মনোনীত প্রার্থীকে নিয়োগদান করিবেন। তবে শর্ত থাকে যে, প্রত্যেক কমিশনের যতদূর সম্ভব অর্ধেক (তবে অর্ধেকের কম নহে) সংখ্যক সদস্য এমন ব্যক্তিগণ হইবেন, যাঁহারা কুড়ি বৎসর বা ততোধিককাল বাংলাদেশের রাষ্ট্রীয় সীমানার মধ্যে যেকোন সময়ে কার্যরত কোনো সরকারের কর্মে কোনো পদে অধিষ্ঠিত ছিলেন",রাষ্ট্র সংস্কার আন্দোলন,,Amendment,No,,Jilani,,নবম ভাগ (বাংলাদেশের কর্মবিভাগ)
অনুচ্ছেদ ১৩৮ (সদস্য নিয়োগ),,"সাংবিধানিক পদ ও প্রতিষ্ঠানগুলো যেন স্বাধীনভাবে কাজ করতে পারে সে জন্য সংবিধানের ১৩৮ - ১৩৯ (সরকারি কর্ম কমিশনের সদস্য নিয়োগ, পদের মেয়াদ ইত্যাদি) সংশ্লিষ্ট অংশ সংস্কার করা।",বাংলাদেশের বিপ্লবী কমিউনিস্ট লীগ,,Amendment,Yes,বাংলাদেশ সমাজতান্ত্রিক দল (মার্কসবাদী),Jilani,,নবম ভাগ (বাংলাদেশের কর্মবিভাগ)
অনুচ্ছেদ ১৩৮ (সদস্য নিয়োগ),,"সাংবিধানিক পদ ও প্রতিষ্ঠানগুলো যেন স্বাধীনভাবে কাজ করতে পারে সে জন্য সংবিধানের ১৩৮ - ১৩৯ (সরকারি কর্ম কমিশনের সদস্য নিয়োগ, পদের মেয়াদ ইত্যাদি) সংশ্লিষ্ট অংশ সংস্কার করা।",বাংলাদেশের সমাজতান্ত্রিক দল (মার্কসবাদী),,Amendment,Yes,বাংলাদেশের বিপ্লবী কমিউনিস্ট লীগ,Jilani,,নবম ভাগ (বাংলাদেশের কর্মবিভাগ)
অনুচ্ছেদ ১৩৮ (সদস্য নিয়োগ),,নিরপেক্ষ ও যোগ্যতাভিত্তিক সিভিল সার্ভিস সিস্টেম প্রতিষ্ঠা করতে হবে।,জাতীয়তাবাদী সমমনা জোট,,Amendment,No,,Jilani,,নবম ভাগ (বাংলাদেশের কর্মবিভাগ)
অনুচ্ছেদ ১৩৮ (সদস্য নিয়োগ),,সিভিল সার্ভিসকে রাজনৈতিক প্রভাবমুক্ত রাখার বিধান করতে হবে ।,জাতীয়তাবাদী সমমনা জোট,,Amendment,No,,Jilani,,নবম ভাগ (বাংলাদেশের কর্মবিভাগ)
অনুচ্ছেদ ১৩৮ (সদস্য নিয়োগ),,"নির্বাচন কমিশন, দুর্নীতি দমন কমিশনসহ সাংবিধানিক প্রতিষ্ঠানে সাংবিধানিক কমিশনের মাধ্যমে নিয়োগ। একটি গ্রহণযোগ্য নির্বাচনের মাধ্যমে গঠিত প্রধানমন্ত্রী, বিরোধী দলীয় নেতা ও প্রধান বিচারপতি অথবা তাদের প্রতিনিধিদের দ্বারা এই কমিশন গঠিত হবে।",গণসংহতি আন্দোলন,,Amendment,No,,Jilani,,নবম ভাগ (বাংলাদেশের কর্মবিভাগ)
অনুচ্ছেদ ১৩৮ (সদস্য নিয়োগ),,"বিচার বিভাগ, দুর্নীতি দমন কমিশন ও নির্বাচন কমিশনকে স্বাধীন সাংবিধানেক রূপ দিয়ে সকল প্রকার রাজনৈতিক হস্তক্ষেপ মুক্ত রাখার বিধান রাখতে হবে",জাতীয় পার্টি (কাজী জাফর),,Amendment,No,,Jilani,,নবম ভাগ (বাংলাদেশের কর্মবিভাগ)
অনুচ্ছেদ ১৩৮ (সদস্য নিয়োগ),,যে সকল ব্যক্তি সাংবিধানিক পদে থেকে সংবিধান লংঘন ও দেশে গণতন্ত্র ও আইনের শাসনের পরিপস্থি কোনো ভূমিকা রাখবেন তাদের বিচারের আওতায় আনার বিধান রাখতে হবে,জাতীয় পার্টি (কাজী জাফর),,Amendment,No,,Jilani,,নবম ভাগ (বাংলাদেশের কর্মবিভাগ)
অনুচ্ছেদ ১৩৯ (পদের মেয়াদ),"১৩৯। (১) এই অনুচ্ছেদের বিধানাবলী-সাপেক্ষে কোন সরকারী কর্ম কমিশনের সভাপতি বা অন্য কোন সদস্য তাঁহার দায়িত্বগ্রহণের তারিখ হইতে পাঁচ বৎসর বা তাঁহার 1[পয়ষট্টি] বৎসর বয়স পূর্ণ হওয়া ইহার মধ্যে যাহা অগ্রে ঘটে, সেই কাল পর্যন্ত স্বীয় পদে বহাল থাকিবেন।

(২) সুপ্রীম কোর্টের কোন বিচারক যেরূপ পদ্ধতি ও কারণে অপসারিত হইতে পারেন, সেইরূপ পদ্ধতি ও কারণ ব্যতীত কোন সরকারী কর্ম কমিশনের সভাপতি বা অন্য কোন সদস্য অপসারিত হইবেন না।
(৩) কোন সরকারী কর্ম কমিশনের সভাপতি বা অন্য কোন সদস্য রাষ্ট্রপতিকে উদ্দেশ্য করিয়া স্বাক্ষরযুক্ত পত্রযোগে স্বীয় পদ ত্যাগ করিতে পারিবেন।
(৪) কর্মাবসানের পর কোন সরকারী কর্ম কমিশনের সদস্য প্রজাতন্ত্রের কর্মে পুনরায় নিযুক্ত হইবার যোগ্য থাকিবেন না, তবে এই অনুচ্ছেদের (১) দফা-সাপেক্ষে
(ক) কর্মাবসানের পর কোন সভাপতি এক মেয়াদের জন্য পুনর্নিয়োগ-লাভের যোগ্য থাকিবেন; এবং
(খ) কর্মাবসানের পর কোন সদস্য (সভাপতি ব্যতীত) এক মেয়াদের জন্য কিংবা কোন সরকারী কর্ম কমিশনের সভাপতিরূপে নিয়োগ-লাভের যোগ্য থাকিবেন।",,,,,,,,সরকারি কর্ম কমিশনের কমিশনারবৃন্দের কার্যের মেয়াদকাল হবে ৪ (চার) বছর।,নবম ভাগ (বাংলাদেশের কর্মবিভাগ)
অনুচ্ছেদ ১৪০ (কমিশনের দায়িত্ব),"১) কোন সরকারী কর্ম কমিশনের দায়িত্ব হইবে
(ক) প্রজাতন্ত্রের কর্মে নিয়োগদানের জন্য উপযুক্ত ব্যক্তিদিগকে মনোনয়নের উদ্দেশ্যে যাচাই ও পরীক্ষা-পরিচালনা;
(খ) এই অনুচ্ছেদের (২) দফা অনুযায়ী রাষ্ট্রপতি কর্তৃক কোন বিষয় সম্পর্কে কমিশনের পরামর্শ চাওয়া হইলে কিংবা কমিশনের দায়িত্ব-সংক্রান্ত কোন বিষয় কমিশনের নিকট প্রেরণ করা হইলে সেই সম্বন্ধে রাষ্ট্রপতিকে উপদেশদান; এবং
(গ) আইনের দ্বারা নির্ধারিত অন্যান্য দায়িত্বপালন।
 
(২) সংসদ কর্তৃক প্রণীত কোন আইন এবং কোন কমিশনের সহিত পরামর্শক্রমে রাষ্ট্রপতি কর্তৃক প্রণীত কোন প্রবিধানের (যাহা অনুরূপ আইনের সহিত অসমঞ্জস নহে) বিধানাবলী-সাপেক্ষে রাষ্ট্রপতি নিম্নলিখিত ক্ষেত্রসমূহে কোন কমিশনের সহিত পরামর্শ করিবেন:
(ক) প্রজাতন্ত্রের কর্মের জন্য যোগ্যতা ও তাহাতে নিয়োগের পদ্ধতি সম্পর্কিত বিষয়াদি;
(খ) প্রজাতন্ত্রের কর্মে নিয়োগদান, উক্ত কর্মের এক শাখা হইতে অন্য শাখায় পদোন্নতিদান ও বদলিকরণ এবং অনুরূপ নিয়োগদান, পদোন্নতিদান বা বদলিকরণের জন্য প্রার্থীর উপযোগিতা-নির্ণয় সম্পর্কে অনুসরণীয় নীতিসমূহ;
(গ) অবসর-ভাতার অধিকারসহ প্রজাতন্ত্রের কর্মের শর্তাবলীকে প্রভাবিত করে, এইরূপ বিষয়াদি; এবং
(ঘ) প্রজাতন্ত্রের কর্মের শৃঙ্খলামূলক বিষয়াদি।",,,,,,,,"কমিশনের কার্যাবলি

সরকারি কর্ম কমিশনের কার্যাবলি নিম্নরূপ :

নাগরিকতন্ত্রের কর্মে নিয়োগদানের জন্য উপযুক্ত ব্যক্তিদের মনোনয়নের উদ্দেশ্যে যাচাই ও পরীক্ষা-পরিচালনা;

(খ) রাষ্ট্রপতি কোনো বিষয় সম্পর্কে কমিশনের পরামর্শ চাইলে কিংবা কমিশনের দায়িত্ব-সংক্রান্ত কোনো বিষয় কমিশনের কাছে পাঠানো হলে সেই বিষয়ে রাষ্ট্রপতিকে পরামর্শ দেয়া; এবং

(গ) আইনের মাধ্যমে নির্ধারিত অন্যান্য দায়িত্বপালন।

সংসদ কর্তৃক প্রণীত কোনো আইনের এবং কমিশনের সহিত পরামর্শক্রমে রাষ্ট্রপতি কর্তৃক প্রণীত কোনো প্রবিধানের (যা এই ধরনের আইনের সহিত অসমঞ্জস নয়) বিধানাবলী-সাপেক্ষে রাষ্ট্রপতি নিম্নলিখিত ক্ষেত্রসমূহে কমিশনের সাথে পরামর্শ করবেন:
(ক) নাগরিকতন্ত্রের কাজের জন্য যোগ্যতা ও ঐ কাজে নিয়োগের পদ্ধতি সম্পর্কিত বিষয়াদি;

(খ) নাগরিকতন্ত্রের কাজে নিয়োগদান, ওই কাজের এক শাখা থেকে অন্য শাখায় পদোন্নতি ও বদলি এবং ওই ধরনের নিয়োগ, পদোন্নতি বা বদলির জন্য প্রার্থীর উপযোগিতা-নির্ণয় সম্পর্কে অনুসরণীয় নীতিসমূহ;

(গ) অবসর-ভাতার অধিকারসহ নাগরিকতন্ত্রের কাজের শর্তাবলীকে প্রভাবিত করে, এই ধরনের বিষয়াদি; এবং

(ঘ) নাগরিকতন্ত্রের কাজের শৃঙ্খলামূলক বিষয়াদি।


সরকারি কর্ম কমিশনারগণের চাকরির শর্তাবলি, পদত্যাগ ও অপসারণ

সংসদ কর্তৃক প্রণীত আইনের বিধানাবলী অনুসারে কমিশনারদের কর্মের শর্তাবলী রাষ্ট্রপতি আদেশের মাধ্যমে যেভাবে নির্ধারণ করবেন, সেই রকম হবে;

সুপ্রীম কোর্টের বিচারক যে পদ্ধতি ও কারণে অপসারিত হতে পারেন, সেই ধরনের পদ্ধতি ও কারণ ছাড়া কোনো সরকারি কর্ম কমিশনার অপসারিত হবেন না।

কোনো কমিশনার রাষ্ট্রপতিকে উদ্দেশ্য করে স্বাক্ষরযুক্ত পত্রের মাধ্যমে পদত্যাগ করতে পারবেন।",নবম ভাগ (বাংলাদেশের কর্মবিভাগ)
অনুচ্ছেদ ১৩০-১৪১ (কমিশনের সংযোজন),[প্রযোজ্য নয়],,,,,,,,"স্থানীয় সরকার কমিশন স্থানীয় সরকার কমিশনের প্রতিষ্ঠা বাংলাদেশ স্থানীয় সরকার কমিশন একজন প্রধান স্থানীয় সরকার কমিশনার এবং অনূর্ধ্ব চারজন স্থানীয় সরকার কমিশনার নিয়ে গঠিত হবে। কমিশনারদের মধ্যে অন্তত একজন নারী থাকতে হবে এবং কমিশনের গঠনে সমাজে বিদ্যমান বহুত্বকে নিশ্চিত করার জন্য আইনের মাধ্যমে ব্যবস্থা গ্রহণ করতে হবে।


স্থানীয় সরকার কমিশনারগণের নিয়োগ

জাতীয় সাংবিধানিক কাউন্সিল (এনসিসি) আইন দ্বারা নির্ধারিত পদ্ধতিতে রাষ্ট্রপতির কাছে মনোনয়ন পাঠালে রাষ্ট্রপতি কমিশনারদের নিয়োগ দেবেন।

কার্যকাল

স্থানীয় সরকার কমিশনের কমিশনারবৃন্দের কার্যের মেয়াদকাল হবে ৪ (চার) বছর।

কমিশনের কার্যাবলি

স্থানীয় সরকার কমিশন স্থানীয় সরকার প্রতিষ্ঠানের আর্থিক ও প্রশাসনিক কার্যক্রম তদারক এবং নিয়ন্ত্রণসহ আইন দ্বরা নির্ধারিত অন্যান্য কার্যাবলি পালন করবে।

স্থানীয় সরকার কমিশনারগণের চাকরির শর্তাবলি, পদত্যাগ ও অপসারণ

সংসদ কর্তৃক প্রণীত যে কোনো আইনের বিধানাবলী অনুসারে কমিশনারদের কর্মের শর্তাবলী রাষ্ট্রপতি আদেশের মাধ্যমে যেভাবে নির্ধারণ করবেন, সেই রকম হবে;

সুপ্রীম কোর্টের বিচারক যে পদ্ধতি ও কারণে অপসারিত হতে পারেন, সেই ধরনের পদ্ধতি ও কারণ ছাড়া কোনো স্থানীয় সরকার কমিশনার অপসারিত হবেন না।

কোনো কমিশনার রাষ্ট্রপতিকে উদ্দেশ্য করে স্বাক্ষরযুক্ত পত্রের মাধ্যমে পদত্যাগ করতে পারবেন।

দুর্নীতি দমন কমিশন 

দুর্নীতি দমন কমিশন প্রতিষ্ঠা

দুর্নীতি দমন কমিশন একজন প্রধান দুর্নীতি দমন কমিশনার এবং অনধিক চারজন দুর্নীতি দমন কমিশনার নিয়ে গঠিত হবে। কমিশনারদের মধ্যে অন্তত একজন নারী থাকতে হবে এবং কমিশনের গঠনে সমাজে বিদ্যমান বহুত্বকে নিশ্চিত করার জন্য আইনের মাধ্যমে ব্যবস্থা গ্রহণ করতে হবে।

দুর্নীতি দমন কমিশনারবৃন্দের নিয়োগ

জাতীয় সাংবিধানিক কাউন্সিল (এনসিসি) আইন দ্বারা নির্ধারিত পদ্ধতিতে রাষ্ট্রপতির কাছে মনোনয়ন পাঠালে রাষ্ট্রপতি কমিশনারদের নিয়োগ দেবেন।

কার্যকাল

দুর্নীতি দমন কমিশনের কমিশনারবৃন্দের কার্যের মেয়াদকাল হবে ৪ (চার) বছর।

কমিশনের কার্যাবলি

দুর্নীতি সম্পর্কিত অনুসন্ধান করা, তদন্ত পরিচালনা করা, দুর্নীতির বিরুদ্ধে মামলা দায়ের করা এবং ওই অনুসন্ধান, তদন্ত এবং মামলা দায়ের সহ আইন দ্বারা নির্ধারিত দুর্নীতি বিরোধী অন্য সকল কার্যক্রম পরিচালনা করা।

দুর্নীতি দমন কমিশনারগণের চাকরির শর্তাবলি, পদত্যাগ ও অপসারণ

সংসদ কর্তৃক প্রণীত আইনের বিধানাবলী অনুসারে কমিশনারদের কর্মের শর্তাবলী রাষ্ট্রপতি আদেশের মাধ্যমে যেভাবে নির্ধারণ করবেন, সেই রকম হবে;

সুপ্রীম কোর্টের বিচারক যে পদ্ধতি ও কারণে অপসারিত হতে পারেন, সেই ধরনের পদ্ধতি ও কারণ ছাড়া কোনো দুর্নীতি দমন কমিশনার অপসারিত হবেন না।

কোনো কমিশনার রাষ্ট্রপতিকে উদ্দেশ্য করে স্বাক্ষরযুক্ত পত্রের মাধ্যমে পদত্যাগ করতে পারবেন।",নবম ভাগ (বাংলাদেশের কর্মবিভাগ)
অনুচ্ছেদ ১৪১ক (জরুরি - অবস্থা ঘোষণা),"১৪১ক। (১) রাষ্ট্রপতির নিকট যদি সন্তোষজনকভাবে প্রতীয়মান হয় যে, এমন জরুরী - অবস্থা বিদ্যমান রহিয়াছে, যাহাতে যুদ্ধ বা বহিরাক্রমণ বা অভ্যন্তরীণ গোলযোগের দ্বারা বাংলাদেশ বা উহার যে কোন অংশের নিরাপত্তা বা অর্থনৈতিক জীবন বিপদের সম্মুখীন, তাহা হইলে তিনি ৮৯[অনধিক একশত কুড়ি দিনের জন্য] জরুরী - অবস্থা ঘোষণা করিতে পারিবে 90[: তবে শর্ত থাকে যে, অনুরূপ ঘোষণার বৈধতার জন্য ঘোষণার পূর্বেই প্রধানমন্ত্রীর প্রতি - স্বাক্ষর প্রয়োজন হইবে।] 91[* * *] (২) জরুরী - অবস্থার ঘোষণা (ক) পরবর্তী কোন ঘোষণার দ্বারা প্রত্যাহার করা যাইবে; (খ) সংসদে উপস্থাপিত হইবে; (গ) একশত কুড়ি দিন92[***]সময়ের অবসানে কার্যকর থাকিবে না: তবে শর্ত থাকে যে, যদি সংসদ ভাঙ্গিয়া যাওয়া অবস্থায় অনুরূপ কোন ঘোষণা জারী করা হয় কিংবা এই দফার (গ) উপ - দফায় বর্ণিত এক শত কুড়ি দিনের মধ্যে সংসদ ভাঙ্গিয়া যায়, তাহা হইলে তাহা পুনর্গঠিত হইবার পর সংসদের প্রথম বৈঠকের তারিখ হইতে ত্রিশ দিন অতিবাহিত হইবার পূর্বে ঘোষণাটি অনুমোদন করিয়া সংসদে প্রস্তাব গৃহীত না হওয়া পর্যন্ত উক্ত ত্রিশ দিনের অবসানে93[অথবা একশত কুড়ি দিন সময়ের অবসানে, যাহা আগে ঘটে,] অনুরূপ ঘোষণা কার্যকর থাকিবে না। (৩) যুদ্ধ বা বহিরাক্রমণ বা অভ্যন্তরীণ গোলযোগের বিপদ আসন্ন বলিয়া রাষ্ট্রপতির নিকট সন্তোষজনকভাবে প্রতীয়মান হইলে প্রকৃত যুদ্ধ বা বহিরাক্রমণ বা অভ্যন্তরীণ গোলযোগ সংঘটিত হইবার পূর্বে তিনি অনুরূপ যুদ্ধ বা বহিরাক্রমণ বা অভ্যন্তরীণ গোলযোগের জন্য বাংলাদেশ বা উহার যে কোন অংশের নিরাপত্তা বিপন্ন বলিয়া জরুরী - অবস্থা ঘোষণা করিতে পারিবেন।",পঞ্চদশ সংশোধনীর পূর্বে জরুরি অবস্থার নির্ধারিত মেয়াদ (১২০ দিন) সংসদের অনুমোদন সাপেক্ষে বর্ধিত করার সুযোগ ছিল। পঞ্চদশ সংশোধনীর মাধ্যমে উহা রহিত করা হয়। সার্বিক বিচারে পঞ্চদশ সংশোধনীর মাধ্যমে আনীত পরিবর্তন বিভ্রান্তিকর ও রাষ্ট্রের নিরাপত্তার প্রশ্নে বিপজ্জনক I - - পঞ্চদশ সংশোধনীর মাধ্যমে আনীত পরিবর্তন বাতিল করতে হবে।,বাংলাদেশ জাতীয়তাবাদী দল (বিএনপি),,Amendment,No,,Jilani,"৭.৩ কমিশন সুপারিশ করছে যে, যুদ্ধ ঘোষণা করার ক্ষমতা শুধুমাত্র সংসদের থাকবে। যদি আইনসভা বহাল না থাকে এবং রাষ্ট্রের সার্বভৌমত্ব হুমকির মুখে পতিত হয়, তাহলে এনসিসির এই ক্ষমতা থাকবে। তবে আইনসভা গঠনের পর এনসিসির সিদ্ধান্ত সংসদের প্রথম অধিবেশনে অনুমোদিত হতে হবে।

বিবিধ

জরুরী অবস্থার বিধানাবলী

১. কমিশন সুপারিশ করছে যে, কেবলমাত্র এনসিসি-র সিদ্ধান্তক্রমে রাষ্ট্রপতি জরুরি অবস্থা ঘোষণা করতে পারবেন।

জরুরী অবস্থার সময়কাল ৬০ দিনের বেশি হবে না। তবে বিশেষ প্রয়োজনে এনসিসি আরও সর্বোচ্চ ৬০ দিন পর্যন্ত বাড়াতে পারবে।

৩. জরুরী অবস্থার সময় সংবিধান দ্বারা নিশ্চিত করা নাগরিকদের কোনো অধিকার রদ বা স্থগিত করা যাবে না। তবে, সাধারণভাবে সংবিধান দ্বারা আরোপিত নাগরিকদের অধিকারের উপর কোনো বিধিনিষেধ বা সীমাবদ্ধতা জরুরি অবস্থার সময় সমানভাবে প্রযোজ্য হবে। অতএব, কমিশন বিদ্যমান সংবিধানের অনুচ্ছেদ ১৪১খ বাতিলের সুপারিশ করছে ।

8. কোনো অবস্থাতেই, নাগরিকদের তাদের অধিকার প্রয়োগের জন্য আদালতে যাওয়ার অধিকার বন্ধ বা স্থগিত করা যাবে না। ফলশ্রুতিতে, জরুরী অবস্থার সময় নাগরিকের অধিকারের কোনো প্রকার লঙ্ঘন বা অপব্যবহার সংক্রান্ত বিষয়ে জনগণের অধিকার রক্ষায় বিচার বিভাগের কর্তৃত্ব অব্যাহত থাকবে। অতএব, কমিশন বিদ্যমান সংবিধানের অনুচ্ছেদ ১৪১গ বাতিলের সুপারিশ করছে।",নবম ভাগ (বাংলাদেশের কর্মবিভাগ)
অনুচ্ছেদ ১৪১ক (জরুরি - অবস্থা ঘোষণা),,"সংবিধানের দ্বিতীয় সংশোধনীর মাধ্যমে গৃহিত জরুরী অবস্থা জারি, সকল রকম মৌলিক অধিকার রহিত করার ক্ষমতা - অর্থাৎ নবম (ক) ভাগের ১৪১ এর (ক), (খ) ও (গ) ধারা বাতিল করতে হবে।",বাংলাদেশের বিপ্লবী কমিউনিস্ট লীগ,,Amendment,Yes,বাংলাদেশ সমাজতান্ত্রিক দল (মার্কসবাদী),Jilani,,নবম ভাগ (বাংলাদেশের কর্মবিভাগ)
অনুচ্ছেদ ১৪১ক (জরুরি - অবস্থা ঘোষণা),,"সংবিধানের দ্বিতীয় সংশোধনীর মাধ্যমে গৃহিত জরুরী অবস্থা জারি, সকল রকম মৌলিক অধিকার রহিত করার ক্ষমতা - অর্থাৎ নবম (ক) ভাগের ১৪১ এর (ক), (খ) ও (গ) ধারা বাতিল করতে হবে।",বাংলাদেশের সমাজতান্ত্রিক দল (মার্কসবাদী),,Amendment,Yes,বাংলাদেশের বিপ্লবী কমিউনিস্ট লীগ,Jilani,,নবম ভাগ (বাংলাদেশের কর্মবিভাগ)
অনুচ্ছেদ ১৪১ক (জরুরি - অবস্থা ঘোষণা),,জরুরী অবস্থা সংক্রান্ত বিধানবলী বিলুপ্ত অথবা যদি রাখা হয় তবে মৌলিক অধিকার স্থগিত করার অনুমতি দেয়া যাবে না।,বাংলাদেশ জামায়াতে ইসলামী,,Amendment,No,,Jilani,,নবম ভাগ (বাংলাদেশের কর্মবিভাগ)
অনুচ্ছেদ ১৪১ক (জরুরি - অবস্থা ঘোষণা),,প্রধানমন্ত্রী জরুরি অবস্থা ঘোষণা করতে রাষ্ট্রপতিকে পরামর্শ দেয়ার অধিকারী হবেন। তবে তা পালন করা রাষ্ট্রপতির জন্য আবশ্যকীয় হবে না (Non - binding Effect)। আইনসভাই কেবল সিদ্ধান্ত নেবে। তবে জরুরি আইন/আদেশ সর্বোচ্চ আদালতের কাছে পাঠাতে হবে। আদালত আইনটির সাংবিধানিকতা/ অসাংবিধানিকতা সম্পর্কে রায় দেবেন ।,জাতীয় নাগরিক কমিটি,,Addition,Yes,ইসলামী আন্দোলন বাংলাদেশ,Jilani,,নবম ভাগ (বাংলাদেশের কর্মবিভাগ)
অনুচ্ছেদ ১৪১ক (জরুরি - অবস্থা ঘোষণা),,প্রধানমন্ত্রী জরুরি অবস্থা ঘোষণা করতে রাষ্ট্রপতিকে পরামর্শ দেয়ার অধিকারী হবেন। তবে তা পালন করা রাষ্ট্রপতির জন্য আবশ্যকীয় হবে না (Non - binding Effect)। আইনসভাই কেবল সিদ্ধান্ত নেবে। তবে জরুরি আইন/আদেশ সর্বোচ্চ আদালতের কাছে পাঠাতে হবে। আদালত আইনটির সাংবিধানিকতা/ অসাংবিধানিকতা সম্পর্কে রায় দেবেন ।,ইসলামী আন্দোলন বাংলাদেশ,,Addition,Yes,জাতীয় নাগরিক কমিটি,Jilani,,নবম ভাগ (বাংলাদেশের কর্মবিভাগ)
অনুচ্ছেদ ১৪১ক (জরুরি - অবস্থা ঘোষণা),,রাষ্ট্রপতির কাস্টিং ভোট থাকবে। রাষ্ট্রপতি তিন বাহিনীর প্রধান থাকবেন এবং জরুরি অবস্থা বিষয়ে উচ্চকক্ষ সিদ্ধান্ত নেবে। জরুরি অবস্থা ঘোষণার জন্য সংসদের উভয়কক্ষের সভায় পাশ হওয়া প্রস্তাব রাষ্ট্রপতির কাছে আসতে হবে। নিম্নকক্ষের অনুপস্থিতিতে কেবল উচ্চকক্ষ প্রস্তাব পাঠাতে পারবে। জরুরি অবস্থা চলাকালীন মৌলিক অধিকার রদ করা যাবে না,জাতীয় নাগরিক কমিটি,,Addition,Yes,ইসলামী আন্দোলন বাংলাদেশ,Jilani,,নবম ভাগ (বাংলাদেশের কর্মবিভাগ)
অনুচ্ছেদ ১৪১ক (জরুরি - অবস্থা ঘোষণা),,রাষ্ট্রপতির কাস্টিং ভোট থাকবে। রাষ্ট্রপতি তিন বাহিনীর প্রধান থাকবেন এবং জরুরি অবস্থা বিষয়ে উচ্চকক্ষ সিদ্ধান্ত নেবে। জরুরি অবস্থা ঘোষণার জন্য সংসদের উভয়কক্ষের সভায় পাশ হওয়া প্রস্তাব রাষ্ট্রপতির কাছে আসতে হবে। নিম্নকক্ষের অনুপস্থিতিতে কেবল উচ্চকক্ষ প্রস্তাব পাঠাতে পারবে। জরুরি অবস্থা চলাকালীন মৌলিক অধিকার রদ করা যাবে না,ইসলামী আন্দোলন বাংলাদেশ,,Addition,Yes,জাতীয় নাগরিক কমিটি,Jilani,,নবম ভাগ (বাংলাদেশের কর্মবিভাগ)
অনুচ্ছেদ ১৪১ক (জরুরি - অবস্থা ঘোষণা),,"১৪১ঘ। (১) দেশে বসবাসরত চাকমা, মারমা, ত্রিপুরা, বম, মুরুং, গারো, মুনিপুরি ও সাঁওতালসহ ৫ম তফসিলে [এরপর ৫ম তফসিল নামে একটি তফসিল সংযোজিত করে সেখানে অন্যান্য সংখ্যালঘু জাতির নাম সন্নিবেশিত হবে বর্ণিত বিভিন্ন সংখ্যালঘু জাতির জনগণের সার্বিক উন্নতিকল্পে তথা তাদের নিজস্ব ভাষা, সংস্কৃতি, ইতিহাস, কৃষ্টি ও ধর্মীয় বিশ্বাস সংরক্ষণ ও বিকাশের স্বার্থে দেশের কোন বিশেষ এলাকাকে “স্বায়ত্তশাসিত অঞ্চল” বলিয়া ঘোষণা করা যাইবে এবং পার্বত্য চট্টগ্রাম হইবে এ ধরনের একটি “স্বায়ত্তশাসিত অঞ্চল” । (২) সরকার স্বায়ত্তশাসিত অঞ্চলে আইনের দ্বারা পরিচালিত স্বায়ত্তশাসিত সংস্থা গঠন করবে, যা ঐ অঞ্চলে বসবাসরত স্থায়ী বাসিন্দাদের দ্বারা নির্বাচিত হইবে এবং এই সংবিধানের তৃতীয় ভাগে যাহাই বলা হউক না কেন, এইরূপ স্বায়ত্তশাসিত অঞ্চলে নাগরিকদের চলাফেরা, যাতায়াত ও বসতিস্থাপন নিয়ন্ত্ৰণ করিতে পারিবে। (৩) দেশে বসবাসরত সংখ্যালঘু জাতির জনগণের নিজস্ব প্রথাগত ভূমি ও অনান্য অধিকার যেমন খনিজ ও প্রাকৃতিক সম্পদের ওপর নিয়ন্ত্রণ সংরক্ষিত থাকিবে; স্বায়ত্তশাসিত অঞ্চলে বসবাসরত স্থায়ী বাসিন্দা ব্যতীত অন্য কাহারো নিকট জমি বিক্রয়, বন্দোবস্তী, ইজারা বা অন্য কোন উপায়ে হস্তান্তর কিংবা তাহাদের প্রকাশ্য সম্মতি ব্যতীত সরকার কর্তৃক অধিগ্রহণ করা যাইবে না । (৪) এই ভাগে বর্ণিত অধিকার ক্ষুণ্ণ হয় এমন কোন আইন কিংবা পার্বত্য চট্টগ্রামসহ দেশে বসবাসরত সংখ্যালঘু জাতিসমূহের স্বার্থ সম্পর্কিত কোন আইন সংসদে উত্থাপনের পূর্বে সংশ্লিষ্ট অঞ্চলের জনগণের মতামত, প্রয়োজনে গণভোটের মাধ্যমে, গ্রহণ করিতে হইবে। (৫) সংবিধানের ১৪২ অনুচ্ছেদে যাহা বলা হউক না কেন, এই ভাগের কোন বিধান সংশোধনের (সংযোজন, পরিবর্তন, প্রতিস্থাপন, রহিতকরণ) ক্ষেত্রে সংখ্যালঘু জাতিসমূহের সম্মতির প্রয়োজন হইবে ।”",ইউনাইটেড পিপল্‌স ডেমোক্রেটিক ফ্রন্ট (ইউপিডিএফ),,Addition,No,,Jilani,,নবম ভাগ (বাংলাদেশের কর্মবিভাগ)
অনুচ্ছেদ ১৪১ক (জরুরি - অবস্থা ঘোষণা),,"নবম - ক ভাগের ১৪১ক, ১৪১খ ও ১৪১গ অনুচ্ছেদ বাদ দেয়া। [জরুরী অবস্থা জারীর ক্ষমতা]",ইউনাইটেড পিপল্‌স ডেমোক্রেটিক ফ্রন্ট (ইউপিডিএফ),,Amendment,No,,Jilani,,নবম ভাগ (বাংলাদেশের কর্মবিভাগ)
অনুচ্ছেদ ১৪২ (সংবিধানের বিধান সংশোধনের ক্ষমতা),"[১৪২। এই সংবিধানে যাহা বলা হইয়াছে, তাহা সত্ত্বেও - (ক) সংসদের আইন - দ্বারা এই সংবিধানের কোন বিধান সংযোজন, পরিবর্তন, প্রতিস্থাপন বা রহিতকরণের দ্বারা সংশোধিত হইতে পারিবেঃ তবে শর্ত থাকে যে, (অ) অনুরূপ সংশোধনীর জন্য আনীত কোন বিলের সম্পূর্ন শিরনামায় এই সংবিধানের কোন বিধান সংশোধন করা হইবে বলিয়া স্পষ্টরূপে উল্লেখ না থাকিলে বিলটি বিবেচনার জন্য গ্রহণ করা যাইবে না; (আ) সংসদের মোট সদস্য - সংখ্যার অন্যূন দুই - তৃতীয়াংশ ভোটে গৃহীত না হইলে অনুরূপ কোন বিলে সম্মতিদানের জন্য তাহা রাষ্ট্রপতির নিকট উপস্থাপিত হইবে না; (খ) উপরি - উক্ত উপায়ে কোন বিল গৃহীত হইবার পর সম্মতির জন্য রাষ্ট্রপতির নিকট তাহা উপস্থাপিত হইলে উপস্থাপনের সাত দিনের মধ্যে তিনি বিলটিতে সম্মতিদান করিবেন, এবং তিনি তাহা করিতে অসমর্থ হইলে উক্ত মেয়াদের অবসানে তিনি বিলটিতে সম্মতিদান করিয়াছেন বলিয়া গণ্য হইবে।]",পঞ্চদশ সংশোধনীর মাধ্যমে অত্র অনুচ্ছেদটি প্রতিস্থাপিত হয়েছে। বিশেষত: গণভোটের বিধান বাতিল করা হয়েছে। - - পঞ্চদশ সংশোধনীর মাধ্যমে আনীত পরিবর্তন বাতিল করতে হবে।,বাংলাদেশ জাতীয়তাবাদী দল (বিএনপি),,Amendment,No,,Jilani,"১৮। সংবিধান সংশোধন:

(ক) কমিশন এই মর্মে সুপারিশ করছে যে, সংবিধানের সকল সংশোধনীর ক্ষেত্রেই উভয় কক্ষের মোট সদস্য সংখ্যার দুই-তৃতীয়াংশ সংখ্যাগরিষ্ঠতার অনুমোদন প্রয়োজন হবে।

(খ) প্রস্তাবিত সংশোধনী উভয় কক্ষে পাস হলে এটি গণভোটে উপস্থাপন করা হবে। গণভোটের ফলাফল সংখ্যাগরিষ্ঠতার ভিত্তিতে নির্ধারিত হবে।

(খ) যদি গণভোটে প্রস্তাবিত সংশোধনীর পক্ষে সংখ্যাগরিষ্ঠ ভোট পড়ে, তাহলে রাষ্ট্রপতি উক্ত ফলাফলের ভিত্তিতে ৭ (সাত) দিনের মধ্যে সংবিধান সংশোধনী বিলে সম্মতি প্রদান করবেন।",দশম ভাগ (সংবিধান - সংশোধন)
অনুচ্ছেদ ১৪২ (সংবিধানের বিধান সংশোধনের ক্ষমতা),,গণভোট ছাড়া কেবলমাত্র আইনসভার দুই - তৃতীয়াংশের জোরে সংবিধান সংশোধন করা যাবে না।,ইসলামী আন্দোলন বাংলাদেশ,,Amendment,Yes,জাতীয় নাগরিক কমিটি,Jilani,,দশম ভাগ (সংবিধান - সংশোধন)
অনুচ্ছেদ ১৪২ (সংবিধানের বিধান সংশোধনের ক্ষমতা),,,জাতীয় নাগরিক কমিটি,,Amendment,,ইসলামী আন্দোলন বাংলাদেশ,,,দশম ভাগ (সংবিধান - সংশোধন)
অনুচ্ছেদ ১৪২ (সংবিধানের বিধান সংশোধনের ক্ষমতা),,গণভোটের মাধ্যমে সংবিধান সংশোধন করতে হবে,জাতীয়তাবাদী সমমনা জোট,,Amendment,Yes,গণতান্ত্রিক বিপ্লবী পার্টি,Jilani,,দশম ভাগ (সংবিধান - সংশোধন)
অনুচ্ছেদ ১৪২ (সংবিধানের বিধান সংশোধনের ক্ষমতা),,গণভোটের মাধ্যমে সংবিধান সংশোধন করতে হবে,গণতান্ত্রিক বিপ্লবী পার্টি,,Amendment,Yes,জাতীয়তাবাদী সমমনা জোট,,,দশম ভাগ (সংবিধান - সংশোধন)
অনুচ্ছেদ ১৪২ (সংবিধানের বিধান সংশোধনের ক্ষমতা),,"সংবিধানের সংস্কার নয়, সম্পূর্ণ নতুন সংবিধান প্রণয়ন করতে হবে",ইসলামী আন্দোলন বাংলাদেশ,,Amendment,Yes,জাতীয় নাগরিক কমিটি,Jilani,,দশম ভাগ (সংবিধান - সংশোধন)
অনুচ্ছেদ ১৪২ (সংবিধানের বিধান সংশোধনের ক্ষমতা),,"সংবিধানের সংস্কার নয়, সম্পূর্ণ নতুন সংবিধান প্রণয়ন করতে হবে",জাতীয় নাগরিক কমিটি,,Amendment,Yes,ইসলামী আন্দোলন বাংলাদেশ,Jilani,,দশম ভাগ (সংবিধান - সংশোধন)
অনুচ্ছেদ ১৪২ (সংবিধানের বিধান সংশোধনের ক্ষমতা),,কমিশনের সুপারিশসমূহ সংবিধানে অন্তর্ভুক্ত করার জন্য গণভোটের আয়োজন করতে হবে,জাতীয় পার্টি (কাজী জাফর),,Amendment,Yes,ভাসানী অনুসারী পরিষদ,Jilani,,দশম ভাগ (সংবিধান - সংশোধন)
অনুচ্ছেদ ১৪২ (সংবিধানের বিধান সংশোধনের ক্ষমতা),,কমিশনের সুপারিশসমূহ সংবিধানে অন্তর্ভুক্ত করার জন্য গণভোটের আয়োজন করতে হবে,ভাসানী অনুসারী পরিষদ,,Amendment,Yes,জাতীয় পার্টি (কাজী জাফর),Jilani,,দশম ভাগ (সংবিধান - সংশোধন)
অনুচ্ছেদ ১৪২ (সংবিধানের বিধান সংশোধনের ক্ষমতা),,নতুন লিগ্যাল ফ্রেম অর্ডারের অধীন গণপরিষদ এর মাধ্যমে সংবিধান প্রণয়ন করতে হবে।,ইসলামী আন্দোলন বাংলাদেশ,,Amendment,Yes,জাতীয় নাগরিক কমিটি,Jilani,,দশম ভাগ (সংবিধান - সংশোধন)
অনুচ্ছেদ ১৪২ (সংবিধানের বিধান সংশোধনের ক্ষমতা),,নতুন লিগ্যাল ফ্রেম অর্ডারের অধীন গণপরিষদ এর মাধ্যমে সংবিধান প্রণয়ন করতে হবে।,জাতীয় নাগরিক কমিটি,,Amendment,Yes,ইসলামী আন্দোলন বাংলাদেশ,Jilani,,দশম ভাগ (সংবিধান - সংশোধন)
অনুচ্ছেদ ১৪২ (সংবিধানের বিধান সংশোধনের ক্ষমতা),,"সংবিধানের সংশোধনীর জন্য উর্ধ্বতন কক্ষের ৩/৪ সংখ্যাগরিষ্ঠ অনুমোদন প্রয়োজন। যদি এটি অনুমোদিত না হয়, তবে গণভোটে নিয়ে যেতে হবে।",বাংলাদেশ জামায়াতে ইসলামী,,Amendment,No,,Jilani,,দশম ভাগ (সংবিধান - সংশোধন)
অনুচ্ছেদ ১৪২ (সংবিধানের বিধান সংশোধনের ক্ষমতা),,"সংবিধান সংশোধনের প্রক্রিয়া একটি গণতান্ত্রিক ও অংশীদারিত্বমূলক উপায়ে সম্পন্ন করা হবে । (১) সংসদে দুই তৃতীয়াংশ সদস্যদের সম্মতি, এবং (২) গনভোটের সমন্বয়ে সংবিধান সংশোধন করা যাবে।",আমার বাংলাদেশ পার্টি (এবি পার্টি),,Amendment,No,,Jilani,,দশম ভাগ (সংবিধান - সংশোধন)
অনুচ্ছেদ ১৪২ (সংবিধানের বিধান সংশোধনের ক্ষমতা),,১৪২ নং অনুচ্ছেদ বাতিল করতে হবে,গণতান্ত্রিক বিপ্লবী পার্টি,,Amendment,No,,,,দশম ভাগ (সংবিধান - সংশোধন)
অনুচ্ছেদ ১৪২ (সংবিধানের বিধান সংশোধনের ক্ষমতা),,সংবিধান সংশোধন ক্ষমতা কোনোভাবেই সংসদকে দেওয়া যাবে না।,গণতান্ত্রিক বিপ্লবী পার্টি,,Amendment,No,,Jilani,,দশম ভাগ (সংবিধান - সংশোধন)
অনুচ্ছেদ ১৪২ (সংবিধানের বিধান সংশোধনের ক্ষমতা),,"এই সংবিধানে যাহা বলা হইয়াছে, তাহা সত্ত্বেও - (ক) সংসদের আইন দ্বারা এই সংবিধানের কোনো বিধান সংযোজন, পরিবর্তন, প্রতিস্থাপন বা রহিতকরণের দ্বারা সংশোধিত হইতে পারিবে - তবে শর্ত থাকে যে, (ক) অনুরূপ সংশোধনীর জন্য আনীত কোনো বিলের সম্পূর্ণ শিরোনামে এই সংবিধানের কোনো বিধান সংশোধন করা হইবে বলিয়া স্পষ্টরূপে উল্লেখ না থাকিলে বিলটি বিবেচনার জন্য গ্রহণ করা যাইবে না; (খ) সংসদের মোট সদস্য সংখ্যার অন্যূন দুই - তৃতীয়াংশ ভোটে গৃহীত না হইলে অনুরূপ কোনো বিলে সম্মতিদানের জন্য তাহা রাষ্ট্রপতির নিকট উপস্থাপিত হইবে না, (গ) এই প্রক্রিয়ায় প্রস্তাবিত সংবিধান সংশোধন বিল গণভোটের মাধ্যমে জনগণের অনুমোদন লইতে হইবে।",রাষ্ট্র সংস্কার আন্দোলন,,Amendment,No,,Jilani,,দশম ভাগ (সংবিধান - সংশোধন)
অনুচ্ছেদ ১৪২ (সংবিধানের বিধান সংশোধনের ক্ষমতা),,"১৪২ঃ সংবিধান সংশোধন : সাধারনভাবে সংসদের দু - তৃতীয়াংশ সংখ্যাগরিষ্ঠ দ্বারা সংবিধান সংশোধন করা যাবে তবে রাষ্ট্র পরিচালনার আদর্শ, লক্ষ্য ও মুলনীতি এবং মৌলিক অধিকার বিষয়ক অনুচ্ছেদের ক্ষেত্রে সংসদ দ্বারা পাশ হওয়ার পর রেফারেন্ডাম দ্বারা গৃহীত হতে হবে ।",খেলাফত মজলিস,,Amendment,No,,Jilani,,দশম ভাগ (সংবিধান - সংশোধন)
অনুচ্ছেদ ১৪২ (সংবিধানের বিধান সংশোধনের ক্ষমতা),,Propose that the Constitution can be amended by four – fiths of the total membership of both houses of Parliament and that no amendment can be made until it is approved by 60 percent of the total voters in a referendum.,বাংলাদেশ মুসলিম লীগ,,Amendment,No,,Jilani,,দশম ভাগ (সংবিধান - সংশোধন)
অনুচ্ছেদ ১৪২ (সংবিধানের বিধান সংশোধনের ক্ষমতা),,"অনুচ্ছেদ ১৪২ - এর (খ) দফার পর “(গ)” দফা সংযোজনপূর্বক নিম্নরূপ বাক্য যুক্ত করা: “এই সংবিধানের অনুচ্ছেদ ৩, অনুচ্ছেদ ৬(২), অনুচ্ছেদ ১৩(ঘ), অনুচ্ছেদ ১৪, অনুচ্ছেদ ২৩, অনুচ্ছেদ ২৩(ক), অনুচ্ছেদ ৬৫(৩খ), এই অনুচ্ছেদের (অর্থাৎ ১৪২(গ) অনুচ্ছেদ) বিধান এবং ৮ম তফসিলের বিধান, পার্বত্য চট্টগ্রাম আঞ্চলিক পরিষদ ও তিন পার্বত্য জেলা পরিষদ, মোট চারটি পরিষদের প্রত্যেকটিতে তিন - চতুর্থাংশ সদস্যের সম্মতি ব্যতীত সংযোজন, পরিবর্তন, প্রতিস্থাপন বা রহিতকরণ করা হইবে না।” উক্তরূপে নতুন দফা সংযোজিত হলে নুতন সংযোজিত বিধানটি দাঁড়াবে নিম্নরূপ: “(গ)”এই সংবিধানের অনুচ্ছেদ ৩, অনুচ্ছেদ ৬(২), অনুচ্ছেদ ১৩(ঘ), অনুচ্ছেদ ১৪, অনুচ্ছেদ ২৩, অনুচ্ছেদ ২৩(ক), অনুচ্ছেদ ৬৫(৩খ), এই অনুচ্ছেদের (অর্থাৎ ১৪২(গ) অনুচ্ছেদ) বিধান এবং ৮ম তফসিলের বিধান, পার্বত্য চট্টগ্রাম আঞ্চলিক পরিষদ ও তিন পার্বত্য জেলা পরিষদ, মোট চারটি পরিষদের প্রত্যেকটিতে তিন - চতুর্থাংশ সদস্যের সম্মতি ব্যতীত সংযোজন, পরিবর্তন, প্রতিস্থাপন বা রহিতকরণ করা হইবে না।”",ইউনাইটেড পিপল্‌স ডেমোক্রেটিক ফ্রন্ট (ইউপিডিএফ),,Amendment,No,,Jilani,,দশম ভাগ (সংবিধান - সংশোধন)
অনুচ্ছেদ ১৪২ (সংবিধানের বিধান সংশোধনের ক্ষমতা),,গণঅভ্যুত্থানের সকল অংশীজনের কাছ থেকে পাওয়া প্রস্তাবের ভিত্তিতে সংবিধান সংস্কার কমিশন কর্তৃক প্রণীত প্রস্তাব কেবল সরকারের কাছে নয়; বরং সকল অংশীজনের কাছেই পাঠাতে হবে এবং তাদের মতামতের ভিত্তিতে চূড়ান্ত হওয়া খসড়া গণপরিষদে উত্থাপিত হবে। এটাই হবে গণপরিষদের সংবিধান বিতর্কের মূল দলিল ৷,ইসলামী আন্দোলন বাংলাদেশ,,Addition,Yes,জাতীয় নাগরিক কমিটি,Jilani,,দশম ভাগ (সংবিধান - সংশোধন)
অনুচ্ছেদ ১৪২ (সংবিধানের বিধান সংশোধনের ক্ষমতা),,গণঅভ্যুত্থানের সকল অংশীজনের কাছ থেকে পাওয়া প্রস্তাবের ভিত্তিতে সংবিধান সংস্কার কমিশন কর্তৃক প্রণীত প্রস্তাব কেবল সরকারের কাছে নয়; বরং সকল অংশীজনের কাছেই পাঠাতে হবে এবং তাদের মতামতের ভিত্তিতে চূড়ান্ত হওয়া খসড়া গণপরিষদে উত্থাপিত হবে। এটাই হবে গণপরিষদের সংবিধান বিতর্কের মূল দলিল ৷,জাতীয় নাগরিক কমিটি,,Addition,Yes,ইসলামী আন্দোলন বাংলাদেশ,Jilani,,দশম ভাগ (সংবিধান - সংশোধন)
অনুচ্ছেদ ১৪২ (সংবিধানের বিধান সংশোধনের ক্ষমতা),,সংবিধানের সংশোধনীসহ যেকোনো বিধান বা অনুচ্ছেদকে চ্যালেঞ্জ করে যেকোনো আইনী প্রক্রিয়া সুপ্রীম কোর্টের বৃহত্তর বেঞ্চে শুরু হবে। এই বেঞ্চ কেবল এই ধরনের শুনানির জন্যই গঠিত হবে। এতে প্রধান বিচারপতিসহ দুইয়ের অধিক বিচারপতিদের বেঞ্চ বসবে।,জাতীয় নাগরিক কমিটি,,Addition,No,,Jilani,,দশম ভাগ (সংবিধান - সংশোধন)
অনুচ্ছেদ ১৪২ (সংবিধানের বিধান সংশোধনের ক্ষমতা),,"সংশোধনীর মাধ্যমে যেসব নিবর্তনমূলক আইনের বৈধতা দেয়া হয়েছে, সেসব বাতিল করতে হবে এবং ভবিষ্যতে সাংবিধানিকভাবে জনবিরোধী আইন প্রণয়ন এবং অন্যান্য বিধান জারির পথ বন্ধ করতে হবে। মৌলিক অধিকার পরিপন্থী কোন বিধান জারির পথ সাংবিধানিকভাবে বন্ধ করতে হবে।",নাগরিক ঐক্য,,Addition,No,,Jilani,,দশম ভাগ (সংবিধান - সংশোধন)
অনুচ্ছেদ ১৪২ (সংবিধানের বিধান সংশোধনের ক্ষমতা),,পঞ্চদশ সংশোধনী বাতিল করতে হবে,বাংলাদেশের জাতীয় সমাজতান্ত্রিক দল (বাংলাদেশ জাসদ),,Addition,No,,Jilani,,দশম ভাগ (সংবিধান - সংশোধন)
অনুচ্ছেদ ১৪২ (সংবিধানের বিধান সংশোধনের ক্ষমতা),,১৫ তম সংশোধনী বাতিল করে সংসদ বিলোপ করে সংসদ নির্বাচনী এবং জরুরী গুরুত্বপূর্ণ মৌলিক বিষয়ে সমগ্র জনগণের গণভোট পূণরায় বহাল করা হোক।,ইনসানিয়াত বিপ্লব বাংলাদেশ,,Addition,No,,Jilani,,দশম ভাগ (সংবিধান - সংশোধন)
অনুচ্ছেদ ১৪২ (সংবিধানের বিধান সংশোধনের ক্ষমতা),,২৫ জন সদস্য নিয়ে সংবিধান আদালত থাকবে,প্রগতিশীল গ্রিন পার্টি,,Addition,No,,Jilani,,দশম ভাগ (সংবিধান - সংশোধন)
অনুচ্ছেদ ১৪২ (সংবিধানের বিধান সংশোধনের ক্ষমতা),,"একটি সার্বভৌম সংসদ, একটি স্বাধীন, শক্তিশালী ও নিরপেক্ষ নির্বাচন কমিশন এবং নির্বাহী বিভাগের নিয়ন্ত্রণমুক্ত স্বাধীন বিচার বিভাগ প্রতিষ্ঠার জন্য সংবিধানের সংশ্লিষ্ট অনুচ্ছেদ সমূহের প্রয়োজনীয় মৌলিক সংস্কার করা।",ইউনাইটেড পিপল্‌স ডেমোক্রেটিক ফ্রন্ট (ইউপিডিএফ),,Addition,No,,Jilani,,দশম ভাগ (সংবিধান - সংশোধন)
অনুচ্ছেদ ১৪৩ (প্রজাতন্ত্রের সম্পত্তি),"(১) আইনসঙ্গতভাবে প্রজাতন্ত্রের উপর ন্যস্ত যে কোন ভূমি বা সস্পত্তি ব্যতীত নিম্নলিখিত প্রজাতন্ত্রের উপর ন্যস্ত হইবে:

(ক) বাংলাদেশের যে কোন ভূমির অন্তঃস্থ সকল খনিজ ও অন্যান্য মূল্যসম্পন্ন সামগ্রী;
(খ) বাংলাদেশের রাষ্ট্রীয় জলসীমার অন্তর্বর্তী মহাসাগরের অন্তঃস্থ কিংবা বাংলাদেশের মহীসোপানের উপরিস্থ মহাসাগরের অন্তঃস্থ সকল ভূমি, খনিজ ও অন্যান্য মূল্যসম্পন্ন সামগ্রী; এবং
(গ) বাংলাদেশে অবস্থিত প্রকৃত মালিকবিহীন যে কোন সম্পত্তি।
(২) সংসদ সময়ে সময়ে আইনের দ্বারা বাংলাদেশের রাষ্ট্রীয় সীমানার এবং বাংলাদেশের রাষ্ট্রীয় জলসীমা ও মহীসোপানের সীমা-নির্ধারণের বিধান করিতে পারিবেন।",,,,,,,,"১. ‘নাগরিকতন্ত্রের সম্পত্তি'র বর্তমান সংজ্ঞা সম্প্রসারিত করার জন্য কমিশন সুপারিশ করছে, যাতে বাংলাদেশের সামুদ্রিক এলাকায় সব ধরনের সম্পদ অন্তর্ভুক্ত করা যায়। বর্তমান সংবিধানের অনুচ্ছেদ ১৪৩(১)(খ) সংকীর্ণ। এটি নিম্নলিখিতভাবে সংশোধন করা যেতে পারে: “অভ্যন্তরীণ জলভাগ, রাষ্ট্রীয় সমুদ্রসীমা, সন্নিহিত অঞ্চল, মহীসোপান ও সম্প্রসারিত মহীসোপান, একচ্ছত্র অর্থনৈতিক অঞ্চল (Exclusive Economic Zone-EEZ), এবং গভীর সমুদ্রে প্রযোজ্য অধিকারসহ সামুদ্রিক অঞ্চলের সকল ভূমি, খনিজ সম্পদ, মূল্যবান দ্রব্যাদি এবং অন্যান্য যে কোনো জৈব ও অজৈব প্রাকৃতিক সম্পদ যা বাংলাদেশ আইন অনুসারে প্রাপ্য হবে।”

২. অনুচ্ছেদ ১৪৩ (২) – এ সংসদের আইন প্রণয়নের ক্ষমতা শুধুমাত্র ‘বাংলাদেশের রাষ্ট্রীয় সীমানার এবং বাংলাদেশের রাষ্ট্রীয় জলসীমা ও মহীসোপানের সীমা-নির্ধারণের বিধান' বিষয়ে সীমাবদ্ধ । কমিশন সুপারিশ করছে যে, অনুচ্ছেদ ১৪৩(২) এর বিধানটি নিম্নরূপ হতে পারে: ‘সংসদ সময়ে সময়ে আইন দ্বারা বাংলাদেশের ভূখন্ডের এবং জলভাগের সীমা- নির্ধারণের বিধান চুক্তি: করতে পারে।'",একাদশ ভাগ (বিবিধ)
অনুচ্ছেদ ১৪৫ (চুক্তি ও দলিল),"১৪৫। (১) প্রজাতন্ত্রের নির্বাহী কর্তত্বে প্রণীত সকল চুক্তি ও দলিল রাষ্ট্রপতি কর্তৃক প্রণীত বলিয়া প্রকাশ করা হইবে এবং রাষ্ট্রপতি যেরূপ নির্দেশ বা ক্ষমতা প্রদান করিবেন, তাঁহার পক্ষে সেইরূপ ব্যক্তি কর্তৃক ও সেইরূপ প্রণালীতে তাহা সম্পাদিত হইবে। (২) প্রজাতন্ত্রের নির্বাহী কর্তৃত্বে কোন চুক্তি বা দলিল প্রণয়ন বা সম্পাদন করা হইলে উক্ত কর্তৃত্বে অনুরূপ চুক্তি বা দলিল প্রণয়ন বা সম্পাদন করিবার জন্য রাষ্ট্রপতি কিংবা অন্য কোন ব্যক্তি ব্যক্তিগতভাবে দায়ী হইবেন না, তবে এই অনুচ্ছেদ সরকারের বিরুদ্ধে যথাযথ কার্যধারা আনয়নে কোন ব্যক্তির অধিকার ক্ষুণ্ণ করিবে না।","জাতীয় সম্পদ উত্তোলন, ব্যবহার, সংরক্ষণ ও সকল প্রকার আন্তর্জাতিক চুক্তি জাতির কাছে পরিষ্কারভাবে প্রকাশ করতে হবে। সকল প্রকার আন্তর্জাতিক চুক্তি বাধ্যতামূলকভাবে সংসদে উপস্থাপন ও আলোচনা সাপেক্ষে সম্পাদন করতে হবে, মর্মে সংবিধানে বিধান যুক্ত করতে হবে।",বাংলাদেশের সমাজতান্ত্রিক পার্টি (বিএসপি),,Amendment,Yes,বাংলাদেশের সমাজতান্ত্রিক দল (মার্কসবাদী) ও বাংলাদেশের বিপ্লবী কমিউনিস্ট লীগ,Jilani,"১. সংবিধানের অনুচ্ছেদ ১৪৫ক এর মাধ্যমে কেবলমাত্র বিদেশের সাথে সম্পাদিত চুক্তি সংসদে উপস্থাপনের বিধান করা হয়েছে। তবে জাতীয় নিরাপত্তার সাথে সংশ্লিষ্ট কোনো চুক্তি কেবলমাত্র সংসদের গোপন বৈঠকে পেশ করার বিধান আছে। ফলে জাতীয় নিরাপত্তার উপর প্রভাব ফেলে এমন অনেক আন্তর্জাতিক চুক্তি, চুক্তিপত্র এবং দলিলসমূহ গোপনীয়তার আড়ালে সম্পাদন সম্ভব। কমিশন সুপারিশ করছে যে, সব ধরনের আন্তর্জাতিক চুক্তি/চুক্তিপত্র/দলিল যা কোনো দেশ/সংস্থা/কর্পোরেশনের সাথে সম্পাদিত হয়, তা সংসদে উপস্থাপন করতে হবে। এছাড়াও, কমিশন সুপারিশ করেছে যে, জাতীয় স্বার্থ বা রাষ্ট্রীয় নিরাপত্তার উপর প্রভাব ফেলে এমন বিষয়বস্তু নিয়ে চুক্তি/চুক্তিপত্র/দলিলের ক্ষেত্রে সংসদের পূর্ব অনুমোদন প্রয়োজন।

২ . কমিশন সংবিধানের অনুচ্ছেদ ১৪৫ক নিম্নলিখিতভাবে সুপারিশ করছে: ‘বিদেশি রাষ্ট্র এবং আন্তর্জাতিক সংস্থার সাথে আন্তর্জাতিক চুক্তি, এবং বিদেশি সংস্থা ও বিদেশি বা বিদেশি মালিকানাধীন কর্পোরেশনের সাথে সকল চুক্তি ও চুক্তিপত্র নির্বাহী কর্তৃত্ব প্রয়োগের মাধ্যমে সম্পাদিত হবে এবং নির্বাহী বিভাগ কর্তৃক সংসদে উপস্থাপিত হবে। তবে, প্রতিরক্ষা এবং কৌশলগত অংশীদারিত্ব, সীমানা, জাতীয় নিরাপত্তা, প্রাকৃতিক সম্পদ, জ্বালানি এবং খাদ্য নিরাপত্তা সম্পর্কিত যে কোনো চুক্তি, চুক্তিপত্র বা দলিল সংসদের উভয় কক্ষের সাধারণ সংখ্যাগরিষ্ঠ ভোটে অনুমোদনের পরেই সম্পাদন করা যাবে।'",একাদশ ভাগ (বিবিধ)
অনুচ্ছেদ ১৪৫ (চুক্তি ও দলিল),,"জাতীয় সম্পদ উত্তোলন, ব্যবহার, সংরক্ষণ ও সকল প্রকার আন্তর্জাতিক চুক্তি জাতির কাছে পরিষ্কারভাবে প্রকাশ করতে হবে। সকল প্রকার আন্তর্জাতিক চুক্তি বাধ্যতামূলকভাবে সংসদে উপস্থাপন ও আলোচনা সাপেক্ষে সম্পাদন করতে হবে, মর্মে সংবিধানে বিধান যুক্ত করতে হবে।",বাংলাদেশের সমাজতান্ত্রিক দল (মার্কসবাদী),,Amendment,Yes,বাংলাদেশের সমাজতান্ত্রিক পার্টি (বিএসপি) ও বাংলাদেশের বিপ্লবী কমিউনিস্ট লীগ,Jilani,,একাদশ ভাগ (বিবিধ)
অনুচ্ছেদ ১৪৫ (চুক্তি ও দলিল),,"জাতীয় সম্পদ উত্তোলন, ব্যবহার, সংরক্ষণ ও সকল প্রকার আন্তর্জাতিক চুক্তি জাতির কাছে পরিষ্কারভাবে প্রকাশ করতে হবে। সকল প্রকার আন্তর্জাতিক চুক্তি বাধ্যতামূলকভাবে সংসদে উপস্থাপন ও আলোচনা সাপেক্ষে সম্পাদন করতে হবে, মর্মে সংবিধানে বিধান যুক্ত করতে হবে।",বাংলাদেশের বিপ্লবী কমিউনিস্ট লীগ,,Amendment,Yes,বাংলাদেশের সমাজতান্ত্রিক পার্টি (বিএসপি) ও বাংলাদেশের সমাজতান্ত্রিক দল (মার্কসবাদী),Jilani,,একাদশ ভাগ (বিবিধ)
অনুচ্ছেদ ১৪৫ (চুক্তি ও দলিল),,রাষ্ট্রপতি যেকোনো আইন - বিধান - বিধি - প্রবিধান - নীতি বা চুক্তি/স্মারক অনুমোদন বা স্বাক্ষরের আগে সংবিধানানুগ হয়েছে কিনা তা পরীক্ষার জন্য সুপ্রীম কোর্টের সংশ্লিষ্ট বিভাগে মতামতের জন্য পাঠাতে পারবেন।,জাতীয় নাগরিক কমিটি,,Amendment,Yes,ইসলামী আন্দোলন বাংলাদেশ,Jilani,,একাদশ ভাগ (বিবিধ)
অনুচ্ছেদ ১৪৫ (চুক্তি ও দলিল),,রাষ্ট্রপতি যেকোনো আইন - বিধান - বিধি - প্রবিধান - নীতি বা চুক্তি/স্মারক অনুমোদন বা স্বাক্ষরের আগে সংবিধানানুগ হয়েছে কিনা তা পরীক্ষার জন্য সুপ্রীম কোর্টের সংশ্লিষ্ট বিভাগে মতামতের জন্য পাঠাতে পারবেন।,ইসলামী আন্দোলন বাংলাদেশ,,Amendment,Yes,জাতীয় নাগরিক কমিটি,Jilani,,একাদশ ভাগ (বিবিধ)
অনুচ্ছেদ ১৪৫ (চুক্তি ও দলিল),,(সংযোজন) খসড়াগুলি কার্যকরের আগে সংশ্লিষ্ট স্থায়ী কমিটির সামনে উপস্থাপন করা হবে।,বাংলাদেশ জামায়াতে ইসলামী,,Amendment,No,,Jilani,,একাদশ ভাগ (বিবিধ)
অনুচ্ছেদ ১৪৫ (চুক্তি ও দলিল),,"অনুচ্ছেদ ১৪৫ সংশোধন করে সব আন্তর্জাতিক চুক্তি, বিশেষত জাতীয় নিরাপত্তা, অর্থনৈতিক সার্বভৌমত্ব বা আঞ্চলিক অখণ্ডতার সাথে সম্পর্কিত চুক্তি, সংসদের পূর্ব অনুমোদন নিতে হবে। সংসদে গোপনীয় বিষয় ছাড়া সমস্ত চুক্তি জনগণের সামনে প্রকাশ করার ব্যবস্থা করা হবে যাতে স্বচ্ছতা এবং জবাবদিহিতা নিশ্চিত হয়। চুক্তি পর্যালোচনার জন্য একটি সংসদীয় কমিটি গঠন করা হবে যা চুক্তি সম্পর্কিত সুপারিশ করবে। গোপন বিষয়াদি সংক্রান্ত চুক্তির জন্য গোপন সংসদ অধিবেশন সংরক্ষণ থাকবে, তবে অপব্যবহার রোধে বিচারিক তদারকি রাখা হবে। এই সংশোধনী গণতান্ত্রিক তদারকি বাড়িয়ে জাতীয় স্বার্থ রক্ষা করবে।",বাংলাদেশ জাতীয় পার্টি (বিজেপি),,Amendment,No,,Jilani,,একাদশ ভাগ (বিবিধ)
অনুচ্ছেদ ১৪৫ক (আন্তর্জাতিক চুক্তি),"[১৪৫ক। বিদেশের সহিত সম্পাদিত সকল চুক্তি রাষ্ট্রপতির নিকট পেশ করা হইবে, এবং রাষ্ট্রপতি তাহা সংসদে পেশ করিবার ব্যবস্থা করিবেনঃ তবে শর্ত থাকে যে, জাতীয় নিরাপত্তার সহিত সংশ্লিষ্ট অনুরুপ কোন চুক্তি কেবলমাত্র সংসদের গোপন বৈঠকে পেশ করা হইবে।]",পঞ্চদশ সংশোধনীর মাধ্যমে অত্র অনুচ্ছেদটি প্রতিস্থাপিত হলেও আদতে পূর্বের বিধানই অপরিবর্তিত রয়েছে। প্রতিস্থাপিত অনুচ্ছেদটি বহাল রাখতে হবে। (পঞ্চদশ সংশোধনীর বৈধতা সংক্রান্ত মামলায় বিষয়টি বিচারাধীন)।,বাংলাদেশ জাতীয়তাবাদী দল (বিএনপি),,Amendment,No,,Jilani,"১৯। আন্তর্জাতিক চুক্তি অনুমোদন : (ক) কমিশন এই মর্মে সুপারিশ করছে যে, (অ) বিদেশি রাষ্ট্র, (আ) আন্তর্জাতিক সংস্থা, (ই) বিদেশি সরকার, (ঈ) বিদেশি কোম্পানি, বা (উ) বাংলাদেশে নিবন্ধিত সংখ্যাগরিষ্ঠ বিদেশি মালিকানাধীন কোম্পানির সাথে কোনো চুক্তি নিম্নকক্ষে উপস্থাপিত হতে হবে। জাতীয় স্বার্থ বা রাষ্ট্রীয় নিরাপত্তা প্রভাবিত করে এমন কোনো আন্তর্জাতিক চুক্তি সম্পাদনের পূর্বে আবশ্যিকভাবে আইনসভার উভয় কক্ষে সংখ্যাগরিষ্ঠ ভোটে অনুমোদন নিতে হবে। রাষ্ট্রীয় নিরাপত্তা বিষয়ক আন্তর্জাতিক চুক্তি আইনসভায় গোপনীয়তা রক্ষা করে আলোচিত হবে। দ্বিতীয় অধ্যায় সুপারিশসমূহ ৫৩ (খ) উভয় কক্ষের পর্যালোচনা ও অনুমোদনের ফলে যেকোনো চুক্তির ব্যাপক পরীক্ষণ সম্ভব, যা ভারসাম্যপূর্ণ সিদ্ধান্ত নিশ্চিত করবে। চুক্তি সম্পর্কে ব্যাপকভিত্তিক আলোচনা ও বিবেচনার সুযোগও এই প্রক্রিয়ায় নিশ্চিত হয়।",একাদশ ভাগ (বিবিধ)
অনুচ্ছেদ ১৪৫ক (আন্তর্জাতিক চুক্তি),,জাতীয় সম্পদ ব্যবহার ও আন্তর্জাতিক সকল চুক্তি জাতির সামনে উন্মুক্ত করা এবং এ সকল চুক্তি সম্পাদনের ক্ষেত্রে সংসদে আলোচনা বাধ্যতামূলক করা।,বাংলাদেশের বিপ্লবী কমিউনিস্ট লীগ,,Amendment,No,,Jilani,,একাদশ ভাগ (বিবিধ)
অনুচ্ছেদ ১৪৫ক (আন্তর্জাতিক চুক্তি),,বিদেশের সাথে দেশের সবচুক্তির শ্বেতপত্র প্রকাশ করতে হবে এবং যেকোনো অসম চুক্তি বাতিল হবে।,ইসলামী আন্দোলন বাংলাদেশ,,Amendment,No,,Jilani,,একাদশ ভাগ (বিবিধ)
অনুচ্ছেদ ১৪৫ক (আন্তর্জাতিক চুক্তি),,সমস্ত আন্তর্জাতিক চুক্তি সংসদে আলোচিত ও অনুমোদিত হতে হবে।,গণসংহতি আন্দোলন,,Amendment,No,,Jilani,,একাদশ ভাগ (বিবিধ)
অনুচ্ছেদ ১৪৫ক (আন্তর্জাতিক চুক্তি),,"আন্তর্জাতিক চুক্তি খসড়া সংশ্লিষ্ট স্থায়ী কমিটি (গুলির) সামনে উপস্থাপন করা হবে, এরপর সংসদের সামনে উপস্থাপন করার পরেই তা কার্যকর করা হবে। এটি সংশ্লিষ্ট ন্যায়পালের সামনেও উপস্থাপন করা হবে।",বাংলাদেশ জামায়াতে ইসলামী,,Amendment,No,,,,একাদশ ভাগ (বিবিধ)
অনুচ্ছেদ ১৪৫ক (আন্তর্জাতিক চুক্তি),,অনুচ্ছেদ ১৪৫ক. বিদেশের সঙ্গে কোন চুক্তি সম্পাদিত হলে তা অবিলম্বে জাতীয় সংসদে পেশ করতে হবে। সেখানে তা অনুমোদিত হলেই তা বলবৎ যোগ্য হবে।,খেলাফত মজলিস,,Amendment,No,,Jilani,,একাদশ ভাগ (বিবিধ)
অনুচ্ছেদ ১৪৫ক (আন্তর্জাতিক চুক্তি),,বিদেশি আধিপত্যবাদী শক্তির এজেন্টদের কঠোর শাস্তির বিধান নিশ্চিত করা হবে,ইসলামী আন্দোলন বাংলাদেশ,,Amendment,No,,Jilani,,একাদশ ভাগ (বিবিধ)
অনুচ্ছেদ ১৪৭ ( কতিপয় পদাধিকারীর পরিশ্রমিক প্রভৃতি),,নির্দলীয় তত্ত্বাবধায়ক সরকার সংক্রান্ত ত্রয়োদশ সংশোধনীর মাধ্যমে অত্র অনুচ্ছেদে আনীত পরিবর্তনকে পঞ্চদশ সংশোধনীর মাধ্যমে রহিত করা হয়। - - - পঞ্চদশ সংশোধনীর মাধ্যমে আনীত পরিবর্তন বাতিল করতে হবে।,বাংলাদেশ জাতীয়তাবাদী দল (বিএনপি),,Amendment,No,,Jilani,,একাদশ ভাগ (বিবিধ)
অনুচ্ছেদ ১৪৭ ( কতিপয় পদাধিকারীর পরিশ্রমিক প্রভৃতি),,"বাংলাদেশে পরিচালিত এবং নির্ধারিত লাভের সীমা অতিক্রমকারী বিদেশী কোম্পানিগুলোর সিএসআর কর্মসূচি বাধ্যতামূলক করতে হবে। এই কর্মসূচি কমিউনিটি উন্নয়ন, শিক্ষা এবং পরিবেশ টেকসইত্ব নিশ্চিত করতে মনোনিবেশ করবে। আইন লঙ্ঘনের ক্ষেত্রে শাস্তিমূলক ব্যবস্থা নেওয়া হবে।",বাংলাদেশ জাতীয় পার্টি (বিজেপি),,Amendment,No,,Jilani,,একাদশ ভাগ (বিবিধ)
অনুচ্ছেদ ১৪৮ (পদের শপথ),,"রাষ্ট্রপতি, উপ - রাষ্ট্রপতি, স্পীকার, ডেপুটি স্পীকার এর শপথ প্রধান বিচারপতি কর্তৃক শপথপাঠ পরিচালিত হবে।",জাতীয় সমাজতান্ত্রিক দল (জেএসডি),,Amendment,No,,Jilani,,একাদশ ভাগ (বিবিধ)
অনুচ্ছেদ ১৪৯ (প্রচলিত আইনের হেফাজত ),"১৪৯। এই সংবিধানের বিধানাবলী - সাপেক্ষে সকল প্রচলিত আইনের কার্যকরতা অব্যাহত থাকিবে, তবে অনুরূপ আইন এই সংবিধানের অধীন প্রণীত আইনের দ্বারা সংশোধিত বা রহিত হইতে পারিবে।","এই সংবিধানের বিধানাবলী সাপেক্ষে সকল প্রচলিত আইনের কার্যকারিতা অব্যাহত থাকিবে, তবে সংবিধানে বর্ণিত মৌলিক অধিকার বা তার ভাবাদর্শের সাথে সাংঘর্ষিক হইলে সেই আইন কার্যকর করা যাইবে না। এই সংবিধানের অধীনে প্রণীত আইনের দ্বারা পূর্বের যেকোন আইন সংশোধিত বা রহিত হইতে পারিবে",রাষ্ট্র সংস্কার আন্দোলন,,Amendment,No,,Jilani,,একাদশ ভাগ (বিবিধ)
অনুচ্ছেদ ১৫০ (ক্রান্তিকালীন ও অস্থায়ী বিধানাবলী ),"[১৫০।(১) এই সংবিধানের অন্য কোন বিধান সত্ত্বেও ১৯৭২ সালের ১৬ই ডিসেম্বর তারিখে এই সংবিধান প্রবর্তনকালে সংবিধানের চতুর্থ তফসিলে বর্ণিত বিধানাবলী ক্রান্তিকালীন ও অস্থায়ী বিধানাবলী হিসাবে কার্যকর থাকিবে। 

(২) ১৯৭১ সালের ৭ই মার্চ তারিখ হইতে ১৯৭২ সালের ১৬ই ডিসেম্বর তারিখে এই সংবিধান প্রবর্তন হইবার অব্যবহিত পূর্ব পর্যন্ত সময়কালের মধ্যে সংবিধানের পঞ্চম তফসিলে বর্ণিত ১৯৭১ সালের ৭ই মার্চ তারিখে ঢাকার রেসকোর্স ময়দানে দেওয়া জাতির পিতা বঙ্গবন্ধু শেখ মুজিবুর রহমানের ঐতিহাসিক ভাষণ, ষষ্ঠ তফসিলে বর্ণিত ১৯৭১ সালের ২৬শে মার্চ তারিখে জাতির পিতা বঙ্গবন্ধু শেখ মুজিবুর রহমান কর্তৃক বাংলাদেশের স্বাধীনতা ঘোষণার টেলিগ্রাম এবং সপ্তম তফসিলে বর্ণিত ১৯৭১ সালের ১০ই এপ্রিল তারিখে মুজিবনগর সরকারের জারিকৃত স্বাধীনতার ঘোষণাপত্র হইল বাংলাদেশের স্বাধীনতা ও মুক্তি সংগ্রামের ঐতিহাসিক ভাষণ ও দলিল, যাহা উক্ত সময়কালের জন্য ক্রান্তিকালীন ও অস্থায়ী বিধানাবলী বলিয়া গণ্য হইবে।]","পঞ্চদশ সংশোধনীর মাধ্যমে অত্র অনুচ্ছেদটি প্রতিস্থাপিত হয়েছে। এর মাধ্যমে স্বাধীন বাংলাদেশের সকল ক্রান্তিকালীন সময়কালকে সাংবিধানিকভাবে অস্বীকার করা হয়েছে। উপরন্তু, প্রতিস্থাপিত অনুচ্ছেদের মাধ্যমে সংবিধানে নতুন তিনটি তফসিলে ৭ মার্চের ভাষণ, তথাকথিত স্বাধীনতা ঘোষণার টেলিগ্রাম ইত্যাদি সংযোজনের মধ্য দিয়ে সংবিধানকে আওয়ামী লীগের দলীয় প্রচারপত্রে পরিণত করা হয়েছে - - - পঞ্চদশ সংশোধনীর মাধ্যমে আনীত পরিবর্তন বাতিল করতে হবে।",বাংলাদেশ জাতীয়তাবাদী দল (বিএনপি),,Amendment,No,,Jilani,"কমিশন সংবিধানের অনুচ্ছেদ ১৫০(২) বিলুপ্তির সুপারিশ করছে, এবং এর সংশ্লিষ্ট ৫ম, ৬ষ্ঠ এবং ৭ম তফসিল সংবিধানে না রাখার সুপারিশ করছে।",একাদশ ভাগ (বিবিধ)
অনুচ্ছেদ ১৫০ (ক্রান্তিকালীন ও অস্থায়ী বিধানাবলী ),,অনুচ্ছেদ ১৫০ (২) বিলুপ্ত ঘোষণা করতে হবে,বাংলাদেশ জামায়াতে ইসলামী,,Amendment,Yes,রাষ্ট্র সংস্কার আন্দোলন,Jilani,,একাদশ ভাগ (বিবিধ)
অনুচ্ছেদ ১৫০ (ক্রান্তিকালীন ও অস্থায়ী বিধানাবলী ),,অনুচ্ছেদ ১৫০ (২) বিলুপ্ত ঘোষণা করতে হবে,রাষ্ট্র সংস্কার আন্দোলন,,Amendment,Yes,বাংলাদেশ জামায়াতে ইসলামী,,,একাদশ ভাগ (বিবিধ)
অনুচ্ছেদ ১৫২ (ব্যাখ্যা),,নির্দলীয় তত্ত্বাবধঅয়ক সরকার সংক্রান্ত ত্রয়োদশ সংশোধনীর মাধ্যমে অত্র অনুচ্ছেদ আনীত পরিবর্তনকে পঞ্চদশ সংশোধনীর মাধ্যম রহিত করা হয়। - পঞ্চদশ সংশোধনীর মাধ্যমে আনীত পরিবর্তন বাতিল করতে হবে।,বাংলাদেশ জাতীয়তাবাদী দল (বিএনপি),,Amendment,No,,Jilani,"১. সংবিধানের অনুচ্ছেদ ১৫২ তে ‘রাষ্ট্র’ এর বর্তমান সংজ্ঞায় ‘সংসদ, সরকার এবং আইনানুগ সরকারি কর্তৃপক্ষ' অন্তর্ভুক্ত রয়েছে। বিচারব্যবস্থা রাষ্ট্রের তিনটি অঙ্গের একটি হলেও এটি রাষ্ট্রের সংজ্ঞায় অন্তর্ভুক্ত হয়নি।

২. কমিশন ‘রাষ্ট্র’ শব্দের সংজ্ঞা সংশোধন করে ‘বিচার বিভাগ’কে অন্তর্ভুক্ত করার সুপারিশ করেছে। ‘সংসদ, সরকার এবং আইনানুগ সরকারি কর্তৃপক্ষ' এর পরিবর্তে বিচার বিভাগ ছাড়াও, ‘আইন বিভাগ' এবং ‘নির্বাহী বিভাগ'কে রাষ্ট্রের সংজ্ঞায় অন্তর্ভুক্ত করার সুপারিশ করছে। সুতরাং, কমিশন সুপারিশ করছে যে, ‘রাষ্ট্র’ শব্দের সংজ্ঞা নিম্নরূপ সংশোধন করা হোক: ““রাষ্ট্র’ এর মধ্যে অন্তর্ভুক্ত থাকবে আইনসভা, নির্বাহী বিভাগ এবং বিচার বিভাগ।”",একাদশ ভাগ (বিবিধ)
অনুচ্ছেদ ১৫২ (ব্যাখ্যা),,সংবিধানের ধারা ক্রম পরিবর্তন। মৌলিক অধিকারের পরেই আইনসভা তারপর নির্বাহী বিভাগ এবং সবশেষে বিচার বিভাগ নিয়ে আসা। সংবিধান যেহেতু জনগণের ইচ্ছার প্রকাশ সেহেতু জনগণের প্রতিনিধিদের স্থান হবে জনগণের মৌলিক অধিকারের পরেই এবং তারা জনগণের অধিকার রক্ষায় ও রাষ্ট্রের কার্যাবলী পরিচালনায় প্রয়োজনীয় আইন তৈরি করবেন। এসব আইন অনুযায়ী রাষ্ট্র পরিচালনার দায়িত্ব থাকবে নির্বাহী বিভাগের কাছে। তবে নির্বাহী বিভাগ আইনের বাইরে গিয়ে কোন নির্দেশ দিচ্ছে এরকম প্রতীয়মান হলে আইনসভা তা অনুমোদন নাও করতে পারেন। আবার আইনসভা প্রণীত কোন আইন সংবিধান পরিপন্থী কিনা সেটা দেখার দায়িত্ব থাকবে বিচার বিভাগের হাতে। বিচার বিভাগ আইন অনুযায়ী বিচার কার্য পরিচালনা করবেন যেমন তেমনি সংবিধানের রক্ষাকর্তা হিসেবে ও আইনের ব্যাখ্যাকারী হিসেবে বিবেচিত হবে।,গণসংহতি আন্দোলন,,Amendment,No,,Jilani,,একাদশ ভাগ (বিবিধ)
অনুচ্ছেদ ১৫২ (ব্যাখ্যা),,"১৫২। (১) বিষয় বা প্রসঙ্গের প্রয়োজনে অন্যরূপ না হইলে এই সংবিধানে - ""অধিবেশন (সংসদ - প্রসঙ্গে) অর্থ এই সংবিধান প্রবর্তনের পর কিংবা একবার স্থগিত হইবার বা ভাঙ্গিয়া যাইবার পর সংসদ যখন প্রথম মিলিত হয়, তখন হইতে সংসদ স্থগিত হওয়া বা ভাঙ্গিয়া যাওয়া পর্যন্ত বৈঠকসমূহ; ''অনুচ্ছেদ"""" অর্থ এই সংবিধানের কোনো অনুচ্ছেদ; """"অবসর ভাতা"""" অর্থ আংশিকভাবে প্রদেয় হউক বা না হউক, যেকোন অবসর ভাতা, যাহা কোনো ব্যক্তিকে বা ব্যক্তির ক্ষেত্রে দেয়, এবং কোনো ভবিষ্য তহবিলের চাঁদা বা ইহার সহিত সংযোজিত অতিরিক্ত অর্থ প্রত্যর্পণ - ব্যপদেশে দেয় অবসরকালীন বেতন বা আনুতোষিক ইহার অন্তর্ভুক্ত হইবে, """"অর্থ বৎসর"""" অর্থ জুলাই মাসের প্রথম দিবসে যে বৎসরের আরম্ভ """"আইন"""" অর্থ কোনো আইন অধ্যাদেশ, আদেশ, বিধি, প্রবিধান, উপ - আইন, বিজ্ঞপ্তি ও অন্যান্য আইনগত দলিল এবং বাংলাদেশে আইনের ক্ষমতাসম্পন্ন যেকোন প্রথা বা রীতি; '""'""'আদালত'' অর্থ সুপ্রীম কোর্টসহ যেকোন আদালত; ] ''আপীল বিভাগ'' অর্থ সুপ্রীম কোর্টের আপীল বিভাগ; """"উপ - দফা' অর্থ যে দফায় শব্দটি ব্যবহৃত, সেই দফার একটি উপ - দফা; """"ঋণ গ্রহণ' বলিতে বাৎসরিক কিস্তিতে পরিশোধযোগ্য অর্থ সংগ্রহ অন্তর্ভুক্ত হইবে; এবং """"ঋণ"""" বলিতে তদনুরূপ অর্থ বুঝাইবে, '""'""'করারোপ'' বলিতে সাধারণ, স্থানীয় বা বিশেষ যেকোন কর, খাজনা, শুল্ক বা বিশেষ করের আরোপ; """"গ্যারান্টি' বলিতে কোনো উদ্যোগের মুনাফা নির্ধারিত পরিমাণের অপেক্ষা কম হইলে তাহার জন্য অর্থ প্রদান করিবার বাধ্যবাধকতা যাহা এই সংবিধান প্রবর্তনের পূর্বে গৃহীত হইয়াছে তাহা অন্তর্ভুক্ত হইবে; """"জেলা বিচারক"""" বলিতে অতিরিক্ত জেলা বিচারক অন্তর্ভুক্ত হইবেন; “তফসিল” অর্থ এই সংবিধানের কোনো তফিসল; """"দফা' অর্থ যে অনুচ্ছেদে শব্দটি ব্যবহৃত, সেই অনুচ্ছেদের একটি দফা, """"দেনা'"" """""" বলিতে বাৎসরিক কিস্তি হিসাবে মূলধন পরিশোধের জন্য যেকোন বাধ্যবাধকতাজনিত দায় এবং যেকোন গ্যারান্টিযুক্ত দায় অন্তর্ভুক্ত হইবে; এবং ""দেনার দায়"""" বলিতে তদনুরূপ অর্থ বুঝাইবে; """"নাগরিক' অর্থ নাগরিকত্ব সম্পর্কিত আইনানুযায়ী যে ব্যক্তি বাংলাদেশের নাগরিক; """"প্রচলিত আইন"""" অর্থ এই সংবিধান প্রবর্তনের অব্যবহিত পূর্বে বাংলাদেশের রাষ্ট্রীয় সীমানায় বা উহার অংশবিশেষে আইনের ক্ষমতাসম্পন্ন কিন্তু কার্যক্ষেত্রে সক্রিয় থাকুক বা না থাকুক, এমন যেকোন আইন; 'জনতন্ত্র"""" অর্থ জনতন্ত্রী বাংলাদেশ; """"জনতন্ত্রের কর্ম' অর্থ অসামরিক বা সামরিক ক্ষমতায় বাংলাদেশ সরকার সংক্রান্ত যেকোন কর্ম, চাকুরী বা পদ এবং আইনের দ্বারা জনতন্ত্রের কর্ম বলিয়া ঘোষিত হইতে পারে, এইরূপ অন্যকোন কর্ম """"প্রধান নির্বাচন কমিশনার' অর্থ এই সংবিধানের ১১৮ অনুচ্ছেদের অধীন উক্ত পদে নিযুক্ত কোনো ব্যক্তি; """"প্রধান বিচারপতি"""" অর্থ বাংলাদেশের প্রধান বিচারপতি; """"প্রশাসনিক একাংশ' অর্থ জেলা কিংবা এই সংবিধানের ৫৯ অনুচ্ছেদের উদ্দেশ্য সাধনকল্পে আইনের দ্বারা অভিহিত অন্যকোন এলাকা, '""'""'বিচারক'""'""' অর্থ সুপ্রীম কোর্টের কোনো বিভাগের কোন বিচারক, '""'""'বিচার - কর্ম বিভাগ'' অর্থ জেলা বিচারক পদের অনূর্ধ কোনো বিচার বিভাগীয় পদে অধিষ্ঠিত ব্যক্তিদের লইয়া গঠিত কর্মবিভাগ, ''বৈঠক' (সংসদ প্রসঙ্গে) অর্থ মূলতবি না করিয়া সংসদ যতক্ষণ ধারাবাহিকভাবে বৈঠকরত থাকেন, সেইরূপ মেয়াদ, """"ভাগ' অর্থ এই সংবিধানের কোনো ভাগ """"রাজধানী' অর্থ এই সংবিধানের ৫ অনুচ্ছেদের রাজধানী বলিতে যে অর্থ করা হইয়াছে; “রাজনৈতিক দল” বলিতে এমন একটি অধিসংঘ বা ব্যক্তিসমষ্টি অর্ন্তভুক্ত যে অধিসংঘ বা ব্যক্তি সমষ্টি",রাষ্ট্র সংস্কার আন্দোলন,,Amendment,No,,Jilani,,একাদশ ভাগ (বিবিধ)
অনুচ্ছেদ ১৫২ (ব্যাখ্যা),,সরকারি চাকরি হতে অপসারণের বিধান সহজ করতে হবে,ইসলামী আন্দোলন বাংলাদেশ,,Addition,No,,Jilani,,একাদশ ভাগ (বিবিধ)
অনুচ্ছেদ ১৫২ (ব্যাখ্যা),,পাহাড় ও সমতলের সকল আদিবাসী এবং দলিতদের সাংবিধানিক স্বীকৃতি নিশ্চিত করতে হবে।,গণতান্ত্রিক বিপ্লবী পার্টি,,Addition,No,,Jilani,,একাদশ ভাগ (বিবিধ)
প্রথম তফসিল (অন্যান্য বিধান সত্ত্বেও কার্যকর আইন),,পঞ্চদশ সংশোধনীর মাধ্যমে অত্র তফসিলে ১৯৭২ সালের বাংলাদেশ যোগসাজশকারী (বিশেষ ট্রাইব্যুনাল আদেশ সংযোজন করে উক্ত আইনকে সাংবিধানিক সুরক্ষা দেয়া হয়েছে। - - সংশোধিত তফসিলটি অপরিবর্তিত রাখা যেতে পারে। (পঞ্চদশ সংশোধনীর বৈধতা সংক্রান্ত মামলায় বিষয়টি বিচারাধীন।,বাংলাদেশ জাতীয়তাবাদী দল (বিএনপি),,Amendment,No,,Jilani,,তফসিল
তৃতীয় তফসিল (শপথ ও ঘোষণা),,"পঞ্চদশ সংশোধনীর মাধ্যমে অত্র তফসিলে (ক) রাষ্ট্রপতির শপথের দায়িত্ব প্রধান বিচারপতির পরিবর্তে স্পীকারের ওপর ন্যস্ত করা হয়েছে, এবং (খ) নির্দলীয় তত্ত্বাবধায়ক সরকার সংক্রান্ত ত্রয়োদেশ সংশোধনীর মাধ্যমে অত্র তফসিলে আনীত পরিবর্তনকে রহিত করা হয়েছে। - - - পঞ্চদশ সংশোধনীর মাধ্যমে আনীত পরিবর্তন বাতিল করতে হবে। ** উপ - রাষ্ট্রপতির শপথের ফরম সংযুক্ত করতে হবে।",বাংলাদেশ জাতীয়তাবাদী দল (বিএনপি),,Amendment,No,,Jilani,,তফসিল
চতুর্থ তফসিল (ক্রান্তিকালীন ও অস্থায়ী বিধানাবলী ),,পঞ্চদশ সংশোধনীর মাধ্যমে অত্র তফসিলে উল্লিখিত স্বাধীন বাংলাদেশের সকল ক্রান্তিকালীন ও অস্থায়ী বিধানাবলী রহিত করা হয়েছে। পঞ্চদশ সংশোধনীর মাধ্যমে আনীত পরিবর্তন বাতিল করতে হবে।,বাংলাদেশ জাতীয়তাবাদী দল (বিএনপি),,Amendment,No,,Jilani,,তফসিল
পঞ্চম তফসিল (১৯৭১ সালের ৭ই মার্চ তারিখে ঢাকার রেসকোর্স ময়দানে জাতির পিতা বঙ্গবন্ধু শেখ মুজিবুর রহমানের দেওয়া ঐতিহাসিক ভাষণ),,পঞ্চদশ সংশোধনীর মাধ্যম সংযোজিত - - - - পঞ্চদশ সংশোধনীর মাধ্যমে আনীত পরিবর্তন বাতিল করতে হবে।,বাংলাদেশ জাতীয়তাবাদী দল (বিএনপি),,Amendment,Yes,বাংলাদেশ জামায়াতে ইসলামী,Jilani,"কমিশন সংবিধানের অনুচ্ছেদ ১৫০(২) বিলুপ্তির সুপারিশ করছে, এবং এর সংশ্লিষ্ট ৫ম, ৬ষ্ঠ এবং ৭ম তফসিল সংবিধানে না রাখার সুপারিশ করছে।",তফসিল
পঞ্চম তফসিল (১৯৭১ সালের ৭ই মার্চ তারিখে ঢাকার রেসকোর্স ময়দানে জাতির পিতা বঙ্গবন্ধু শেখ মুজিবুর রহমানের দেওয়া ঐতিহাসিক ভাষণ),,পঞ্চদশ সংশোধনীর মাধ্যম সংযোজিত - - - - পঞ্চদশ সংশোধনীর মাধ্যমে আনীত পরিবর্তন বাতিল করতে হবে।,বাংলাদেশ জামায়াতে ইসলামী,,Amendment,Yes,বিএনপি,Jilani,,তফসিল
ষষ্ঠ তফসিল (জাতির পিতা বঙ্গবন্ধু শেখ মুজিবুর রহমান কর্তৃক প্রদত্ত বাংলাদেশের স্বাধীনতার ঘোষণা),,পঞ্চদশ সংশোধনীর মাধ্যম সংযোজিত - - - - পঞ্চদশ সংশোধনীর মাধ্যমে আনীত পরিবর্তন বাতিল করতে হবে।,বাংলাদেশ জাতীয়তাবাদী দল (বিএনপি),,Amendment,Yes,বাংলাদেশ জামায়াতে ইসলামী,Jilani,"কমিশন সংবিধানের অনুচ্ছেদ ১৫০(২) বিলুপ্তির সুপারিশ করছে, এবং এর সংশ্লিষ্ট ৫ম, ৬ষ্ঠ এবং ৭ম তফসিল সংবিধানে না রাখার সুপারিশ করছে।",তফসিল
ষষ্ঠ তফসিল (জাতির পিতা বঙ্গবন্ধু শেখ মুজিবুর রহমান কর্তৃক প্রদত্ত বাংলাদেশের স্বাধীনতার ঘোষণা),,পঞ্চদশ সংশোধনীর মাধ্যম সংযোজিত - - - - পঞ্চদশ সংশোধনীর মাধ্যমে আনীত পরিবর্তন বাতিল করতে হবে।,বাংলাদেশ জামায়াতে ইসলামী,,Amendment,Yes,বিএনপি,Jilani,,তফসিল
সপ্তম তফসিল (১৯৭১ সালের ১০ই এপ্রিল তারিখে মুজিবনগর সরকারের জারিকৃত স্বাধীনতার ঘোষণাপত্র) ।,,পঞ্চদশ সংশোধনীর মাধ্যম সংযোজিত - - - - পঞ্চদশ সংশোধনীর মাধ্যমে আনীত পরিবর্তন বাতিল করতে হবে।,বাংলাদেশ জাতীয়তাবাদী দল (বিএনপি),,Amendment,Yes,বাংলাদেশ জামায়াতে ইসলামী,Jilani,"কমিশন সংবিধানের অনুচ্ছেদ ১৫০(২) বিলুপ্তির সুপারিশ করছে, এবং এর সংশ্লিষ্ট ৫ম, ৬ষ্ঠ এবং ৭ম তফসিল সংবিধানে না রাখার সুপারিশ করছে।",তফসিল
সপ্তম তফসিল (১৯৭১ সালের ১০ই এপ্রিল তারিখে মুজিবনগর সরকারের জারিকৃত স্বাধীনতার ঘোষণাপত্র) ।,,পঞ্চদশ সংশোধনীর মাধ্যম সংযোজিত - - - - পঞ্চদশ সংশোধনীর মাধ্যমে আনীত পরিবর্তন বাতিল করতে হবে।,বাংলাদেশ জামায়াতে ইসলামী,,Amendment,Yes,বিএনপি,Jilani,,তফসিল
প্রস্তাবিত নতুন তফসিল,[প্রযোজ্য নয়],"নতুন অষ্টম তফসিল সংযোজন পার্বত্য চট্টগ্রাম আঞ্চলিক পরিষদ আইন, ১৯৯৮, খাগড়াছড়ি পার্বত্য জেলা পরিষদ আইন ১৯৮৯, বান্দরবান পার্বত্য জেলা পরিষদ আইন ১৯৮৯, রাঙ্গামাটি পার্বত্য জেলা পরিষদ আইন ১৯৮৯ এবং পার্বত্য চট্টগ্রাম রেগুলেশন ১৯০০কে গণপ্রজাতন্ত্রী বাংলাদেশের সংবিধানের ৮ম তফসিল হিসেবে অন্তর্ভুক্ত করা। সপ্তম তফসিলের পর উপরোক্ত নতুন তফসিল সংযোজিত হলে সংযোজিত বিধানটি দাঁড়াবে নিম্নরূপ : “অষ্টম তফসিল পার্বত্য চট্টগ্রাম অঞ্চলের প্রশাসনের জন্য বিশেষ আইনসমুহঃ - The Chittagong Hill Tracts Regulation, 1900 (Bengal Act I of 1900), also known as the Chittagong Hill Tracts Manual. রাঙ্গামাটি পার্বত্য জেলা পরিষদ আইন ১৯৮৯ (১৯৮৯ সনের ১৯ নং আইন)। খাগড়াছড়ি পার্বত্য জেলা পরিষদ আইন ১৯৮৯ (১৯৮৯ সনের ২০ নং আইন) । বান্দরবান পার্বত্য জেলা পরিষদ আইন ১৯৮৯ (১৯৮৯ সনের ২১ নং আইন)। পার্বত্য চট্টগ্রাম আঞ্চলিক পরিষদ আইন, ১৯৯৮ (১৯৯৮ সনের ১২ নং আইন)।",ইউনাইটেড পিপল্‌স ডেমোক্রেটিক ফ্রন্ট (ইউপিডিএফ),,Addition,No,,Jilani,,তফসিল
প্রস্তাবিত নতুন তফসিল,,"Bangladesh Muslim League proposes for four Constitutional Councils. 1. Council of Ulemas: This Council will essentially advise the Government on all matters related to Islam, give fatwas, and instruct the education department and textbook board to incorporate such texts and issues related to character building of school - going Children. This Council will further approve sermons for Friday prayers alternately dwelling on Huquq Allah and Huquq Al Ibad to reform and create a just society that embraces all people of all religions, tribes, and linguistic minorities. It is proposed that the Chairman of this Council will have the status of Deputy Premier. 2. Council of Minority Affairs: This Council will comprise Hindu Priests, Buddhist Monks, and Christian Priests. The Council will monitor and ensure the well - being of all minorities. Liaise with the government to better many minorities, give necessary suggestions and protect their places of worship. The Council will prepare sermons and educational material to create goodwill amongst all communities and help build a cohesive, harmonious relationship amongst all citizens. It will also select sites to observe their festivities, organize fairs, etc. The Chairman of this Council will have the rank and status of a Minister. 3. Council of Tribals: This Council shall be composed of representatives of indigenous people or tribes like the Chakmas, Meitei, Khasi, Santhal, and Garo, who will be tasked to ensure that the language, culture, and customs of all tribes and ethnic groups, including their festivals, are protected. They can study their language up to the primary level. The Council will also be responsible for proposing a curriculum. The purpose of this Council will be to create good amongst all communities so that all can coexist in peace and harmony. Integration between the trials and Bengalis will also be part of their mandate. 4. Council for National Security: The Council shall comprise the President, Prime Minister, Speaker, Leader of the Opposition, and Chiefs of the Army, Navy, and Air Force. This Council will meet in case any security problem or issue arises to resolve any disputes that may arise or have arisen between the President and the Parliament or the Prime Minister. Form a national security policy. The meeting of this Council will be called and Chaired by the President. ""The President will appoint Judges to the Supreme Court, Election Commission, Auditor and Comptroller General, Attorney General, Anti - Corruption Commission, Public Service Commission, and appoint and fill positions to all other Constitutional offices, Defense Chiefs, Prime Minister on the basis of his or her election by the Parliament, through secret ballot. The appointment of the Cabinet will be done by the President in consultation with the Prime Minister, however, the Ministers for Foreign Affairs, Defense will be nominated by and appointed exclusively by the President, who may or may not be Members of Parliament. Upto twenty percent members of the Cabinet may be appointed from outside the Parliament, which we call technocrat Ministers (now it is %10). The President will have the power to dissolve Parliament, if, a petition signed by a majority of Members is received by the President but after such verification as the President thinks fit and proper in a given circumstance or if the Prime Minister advises the President in writing under her hand to dissolve Parliament. All Ministers appointed to the Cabinet shall be under a Warrant signed and sealed by the President. The Vice President will be the Chairman of the Senate/Upper House. If the President dies or is incapacitated the Vice President shall be the President and will complete the term, if both are incapacitated the Speaker will act as the President until the President is elected. President will have a term of 6 years and will be eligible to be elected for a second term. Only two terms. No person will be the Prime Minister for more than two terms. Term here would mean the existence of Parliament, that is, if the Parliament is dissolved earlier than the expiry of its term than it would mean that the person who held the office has completed one term and will be eligible for another term as PM. The Prime Minister will be responsible for the running of the government with the aid, help and assistance of the Cabinet. If any dispute arises within the Cabinet, the Prime Minister will refer the same to the President who after hearing the Prime Minister and the Cabinet will resolve it and his decision shall be final and cannot be questioned in any Court including the Supreme Court. The Prime Minister will forward all decisions of the Cabinet to the President for his approval and if the President has any objection he will sit with the relevant Minister and resolve it after consultation with the Prime Minister. If it cannot be resolved then the decision and the objection will be sent to both houses of Parliament for a vote on the issue. The Minister concerned shall move the motion for a vote in both houses. The Cabinet being an institution under the Constitution, any decision taken by it collectively will be immune from questioning by any authority Constitutional or otherwise as that decision will be deemed to be in Public and national interest. The PM will generally Chair regular Cabinet meetings. Provided however, that the President will also have the power to summon the Cabinet as and when he deems necessary; but shall Chair all such Cabinet meetings in which the budget is to be approved, matters pertaining to national security, foreign affairs, defence are on the agenda. After the dissolution of Parliament, the President will assume all powers of the Prime Minister and form a small Cabinet composed of Senators to nm the affairs of the State, till such time that a new Parliament is in place.",বাংলাদেশ মুসলিম লীগ,,Addition,No,,Jilani,,তফসিল
প্রস্তাবিত নতুন তফসিল,,"সংসদ সদস্যরা শুধু আইন প্রণয়ন ও সেই আইন, নীতি ও উন্নয়ন সহায়ক আচারণ করতে নিজ নিজ পরিবার এলাকার প্রচার চালাতে বাধ্য থাকিবেন। নৈতিকতা উন্নয়নে চেষ্টা করবেন। আইনের শাসন প্রতিষ্ঠা করতে চেষ্টা করবেন।",বাংলাদেশ কল্যাণ রাষ্ট্র,,Addition,No,,Jilani,,তফসিল
প্রস্তাবিত নতুন তফসিল,,"সংরক্ষিত নারী সংসদ সদস্যদের আইন, নীতি প্রণয়ন ও সেইগুলো নিজ নিজ এলাকায় প্রচার করার সাথে শিশু, কিশোর কিশোরী ও পরিবারের মনোজগত - শান্তি শৃংখলা বজায় রাখতে চেষ্টা করতে হবে",বাংলাদেশ কল্যাণ রাষ্ট্র,,Addition,No,,Jilani,,তফসিল
প্রস্তাবিত নতুন তফসিল,,নারী ও পুরুষ সব সংসদ সদস্যদের পেশা জীবন জীবিকা জনতার কাছে স্বচ্ছ হতে হবে। সংসদ সদস্য হবার আগে ওপরে কোনো ব্যাংক থেকে ঋণ নিতে পারবেন না। তাদের সন্তান ও নিকট আত্মীয় ব্যাংক ঋণ খেলাপি হতে পারবেন না। রাজনীতির মাধ্যমে কোনো দেশীয় ও বিদেশী ব্যবসা করতে পারবেন না।,বাংলাদেশ কল্যাণ রাষ্ট্র,,Addition,No,,Jilani,,তফসিল
প্রস্তাবিত নতুন তফসিল,,সংসদ সদস্য ও তাদের পরিবারের সদস্যরা দুইটি র বেশি সন্তান নিতে পারবেন না।,বাংলাদেশ কল্যাণ রাষ্ট্র,,Addition,No,,Jilani,,তফসিল